----------------------------------------------------------------------------------------------------------------
--------------------------------------------------------
--  DDL for Table VEHICULOS
--------------------------------------------------------

  CREATE TABLE "VEHICULOS" 
   (	"SERIAL" VARCHAR2(20 BYTE), 
	"PLACA" VARCHAR2(20 BYTE), 
	"PROPIETARIO" VARCHAR2(20 BYTE), 
	"SEXO" VARCHAR2(1 BYTE), 
	"FECHA_C" DATE, 
	"COLOR" VARCHAR2(20 BYTE), 
	"MDO_COD" NUMBER
   ) ;
--------------------------------------------------------
--  DDL for Table DETALLE_PIEZAS
--------------------------------------------------------

  CREATE TABLE "DETALLE_PIEZAS" 
   (	"MCO_ID" NUMBER, 
	"PZA_COD" NUMBER, 
	"COSTO" NUMBER
   ) ;
--------------------------------------------------------
--  DDL for Table PIEZAS
--------------------------------------------------------

  CREATE TABLE "PIEZAS" 
   (	"COD" NUMBER, 
	"NOMBRE" VARCHAR2(40 BYTE)
   ) ;
--------------------------------------------------------
--  DDL for Table MANTENIMIENTO_PLANIFICADOS
--------------------------------------------------------

  CREATE TABLE "MANTENIMIENTO_PLANIFICADOS" 
   (	"ID" NUMBER, 
	"DESCRIPCION" VARCHAR2(40 BYTE), 
	"KM_FREC" NUMBER, 
	"COSTO" NUMBER
   ) ;
--------------------------------------------------------
--  DDL for Table MODELOS
--------------------------------------------------------

  CREATE TABLE "MODELOS" 
   (	"COD" NUMBER, 
	"DESCR" VARCHAR2(20 BYTE)
   ) ;
--------------------------------------------------------
--  DDL for Table REPARACIONES
--------------------------------------------------------

  CREATE TABLE "REPARACIONES" 
   (	"COD" NUMBER, 
	"FECHA_R" DATE, 
	"VHO_SERIAL" VARCHAR2(20 BYTE), 
	"KM" NUMBER, 
	"FECHA_SAL" DATE
   ) ;
--------------------------------------------------------
--  DDL for Table MANTENIMIENTO_CORRECTIVOS
--------------------------------------------------------

  CREATE TABLE "MANTENIMIENTO_CORRECTIVOS" 
   (	"ID" NUMBER, 
	"DESCRIPCION" VARCHAR2(20 BYTE)
   ) ;
--------------------------------------------------------
--  DDL for Table DETALLE_REPARACIONES
--------------------------------------------------------

  CREATE TABLE "DETALLE_REPARACIONES" 
   (	"COD" NUMBER, 
	"RPO_COD" NUMBER, 
	"MPO_ID" NUMBER, 
	"DPA_MCO_ID" NUMBER, 
	"DPA_PZA_COD" NUMBER, 
	"COSTO" NUMBER, 
	"REALIZADO" VARCHAR2(1 BYTE)
   ) ;
REM INSERTING into VEHICULOS
SET DEFINE OFF;
Insert into VEHICULOS (SERIAL,PLACA,PROPIETARIO,SEXO,FECHA_C,COLOR,MDO_COD) values ('12345678','AAA000','MARIA TORREALBA','F',to_date('20/09/12','DD/MM/RR'),'AMARILLO','1');
Insert into VEHICULOS (SERIAL,PLACA,PROPIETARIO,SEXO,FECHA_C,COLOR,MDO_COD) values ('98765432','AAK000','JUANA PARRA','F',to_date('21/09/12','DD/MM/RR'),'AZUL','2');
Insert into VEHICULOS (SERIAL,PLACA,PROPIETARIO,SEXO,FECHA_C,COLOR,MDO_COD) values ('4546474849','ABA000','GABRIEL MENDOZA','M',to_date('22/09/12','DD/MM/RR'),'ROJO','2');
Insert into VEHICULOS (SERIAL,PLACA,PROPIETARIO,SEXO,FECHA_C,COLOR,MDO_COD) values ('34572890','ACA000','TANIA LOPEZ','F',to_date('23/09/12','DD/MM/RR'),'VERDE','3');
Insert into VEHICULOS (SERIAL,PLACA,PROPIETARIO,SEXO,FECHA_C,COLOR,MDO_COD) values ('173704211','ACK000','GERARDO DELGADO','M',to_date('24/09/12','DD/MM/RR'),'GRIS','3');
Insert into VEHICULOS (SERIAL,PLACA,PROPIETARIO,SEXO,FECHA_C,COLOR,MDO_COD) values ('173704212','ADA000','JHON MONCADA','M',to_date('15/10/12','DD/MM/RR'),'DORADO','3');
Insert into VEHICULOS (SERIAL,PLACA,PROPIETARIO,SEXO,FECHA_C,COLOR,MDO_COD) values ('173704213','ADK000','JULIO MUÑOZ','M',to_date('16/10/12','DD/MM/RR'),'PLATEADO','4');
Insert into VEHICULOS (SERIAL,PLACA,PROPIETARIO,SEXO,FECHA_C,COLOR,MDO_COD) values ('173704214','AEA000','PEDRO PEREZ','M',to_date('19/11/12','DD/MM/RR'),'AMARILLO','4');
Insert into VEHICULOS (SERIAL,PLACA,PROPIETARIO,SEXO,FECHA_C,COLOR,MDO_COD) values ('173704215','AEK000','MONICA CASTAÑO','F',to_date('20/11/12','DD/MM/RR'),'ROJO','4');
Insert into VEHICULOS (SERIAL,PLACA,PROPIETARIO,SEXO,FECHA_C,COLOR,MDO_COD) values ('173704216','HOA999','JULIETA VARGAS','F',to_date('07/01/13','DD/MM/RR'),'VERDE','4');
Insert into VEHICULOS (SERIAL,PLACA,PROPIETARIO,SEXO,FECHA_C,COLOR,MDO_COD) values ('173704217','HOF999','CARMEN RIVAS','F',to_date('15/01/13','DD/MM/RR'),'GRIS','5');
Insert into VEHICULOS (SERIAL,PLACA,PROPIETARIO,SEXO,FECHA_C,COLOR,MDO_COD) values ('173704218','HOZ999','CESAR GARCIA','M',to_date('23/01/13','DD/MM/RR'),'GRIS','5');
Insert into VEHICULOS (SERIAL,PLACA,PROPIETARIO,SEXO,FECHA_C,COLOR,MDO_COD) values ('173704219','HRB499','MARCOS CRUZ','M',to_date('30/03/13','DD/MM/RR'),'ROJO ','5');
Insert into VEHICULOS (SERIAL,PLACA,PROPIETARIO,SEXO,FECHA_C,COLOR,MDO_COD) values ('159981131','HSD500','EDWARD OROZCO','M',to_date('15/04/13','DD/MM/RR'),'ROJO','5');
Insert into VEHICULOS (SERIAL,PLACA,PROPIETARIO,SEXO,FECHA_C,COLOR,MDO_COD) values ('159881132','HSJ999','JAVIER PEÑA','M',to_date('01/05/13','DD/MM/RR'),'NEGRO','6');
Insert into VEHICULOS (SERIAL,PLACA,PROPIETARIO,SEXO,FECHA_C,COLOR,MDO_COD) values ('159881133','HTB600','GLADYS DURAN','F',to_date('17/05/13','DD/MM/RR'),'ROJO','6');
Insert into VEHICULOS (SERIAL,PLACA,PROPIETARIO,SEXO,FECHA_C,COLOR,MDO_COD) values ('159814467333','HTE300','JOSE GALVIS','M',to_date('02/06/13','DD/MM/RR'),'VERDE','1');
Insert into VEHICULOS (SERIAL,PLACA,PROPIETARIO,SEXO,FECHA_C,COLOR,MDO_COD) values ('159764468333','HTJ999','JENNYFER LOPEZ','F',to_date('18/06/13','DD/MM/RR'),'AZUL','1');
Insert into VEHICULOS (SERIAL,PLACA,PROPIETARIO,SEXO,FECHA_C,COLOR,MDO_COD) values ('159714469333','HUJ999','ANGIE PEREZ','F',to_date('04/07/13','DD/MM/RR'),'AZUL','2');
Insert into VEHICULOS (SERIAL,PLACA,PROPIETARIO,SEXO,FECHA_C,COLOR,MDO_COD) values ('159664470333','HUL999','DAYANA AGUILAR','F',to_date('20/07/13','DD/MM/RR'),'GRIS','3');
Insert into VEHICULOS (SERIAL,PLACA,PROPIETARIO,SEXO,FECHA_C,COLOR,MDO_COD) values ('159614471333','HUZ999','ORLANDO FAJARDO','M',to_date('05/08/13','DD/MM/RR'),'AMARILLO','4');
Insert into VEHICULOS (SERIAL,PLACA,PROPIETARIO,SEXO,FECHA_C,COLOR,MDO_COD) values ('159564472333','HYD500','RICARDO MENDEZ','M',to_date('21/08/13','DD/MM/RR'),'NEGRO','5');
Insert into VEHICULOS (SERIAL,PLACA,PROPIETARIO,SEXO,FECHA_C,COLOR,MDO_COD) values ('159514473333','HYJ999','LEONARDO BECERRA','M',to_date('06/09/13','DD/MM/RR'),'ROJO','6');
Insert into VEHICULOS (SERIAL,PLACA,PROPIETARIO,SEXO,FECHA_C,COLOR,MDO_COD) values ('159464474333','HZC000','JESUS GARCIA','M',to_date('22/09/13','DD/MM/RR'),'ROJO','2');
Insert into VEHICULOS (SERIAL,PLACA,PROPIETARIO,SEXO,FECHA_C,COLOR,MDO_COD) values ('159901271','HZI999','ISABEL GOMEZ','F',to_date('08/10/13','DD/MM/RR'),'AZULL','2');
Insert into VEHICULOS (SERIAL,PLACA,PROPIETARIO,SEXO,FECHA_C,COLOR,MDO_COD) values ('159901272','HZJ999','MARIANA PINTO','F',to_date('24/10/13','DD/MM/RR'),'VERDE','3');
Insert into VEHICULOS (SERIAL,PLACA,PROPIETARIO,SEXO,FECHA_C,COLOR,MDO_COD) values ('159901273','IAJ999','JUAN CARLOS CARRERO','M',to_date('09/11/13','DD/MM/RR'),'BLANCO','4');
Insert into VEHICULOS (SERIAL,PLACA,PROPIETARIO,SEXO,FECHA_C,COLOR,MDO_COD) values ('159901274','IAL199','JHONATHAN CARRILLO','M',to_date('25/11/13','DD/MM/RR'),'GRIS','3');
Insert into VEHICULOS (SERIAL,PLACA,PROPIETARIO,SEXO,FECHA_C,COLOR,MDO_COD) values ('159901275','IBJ999','MIGUEL ZAMBRANO','M',to_date('11/12/13','DD/MM/RR'),'BLANCO','3');
REM INSERTING into DETALLE_PIEZAS
SET DEFINE OFF;
Insert into DETALLE_PIEZAS (MCO_ID,PZA_COD,COSTO) values ('1','4','1000');
Insert into DETALLE_PIEZAS (MCO_ID,PZA_COD,COSTO) values ('1','5','3000');
Insert into DETALLE_PIEZAS (MCO_ID,PZA_COD,COSTO) values ('1','6','5000');
Insert into DETALLE_PIEZAS (MCO_ID,PZA_COD,COSTO) values ('1','7','650');
Insert into DETALLE_PIEZAS (MCO_ID,PZA_COD,COSTO) values ('1','8','6500');
Insert into DETALLE_PIEZAS (MCO_ID,PZA_COD,COSTO) values ('1','10','15000');
Insert into DETALLE_PIEZAS (MCO_ID,PZA_COD,COSTO) values ('2','4','13000');
Insert into DETALLE_PIEZAS (MCO_ID,PZA_COD,COSTO) values ('2','5','7000');
Insert into DETALLE_PIEZAS (MCO_ID,PZA_COD,COSTO) values ('2','6','8000');
Insert into DETALLE_PIEZAS (MCO_ID,PZA_COD,COSTO) values ('2','7','2000');
Insert into DETALLE_PIEZAS (MCO_ID,PZA_COD,COSTO) values ('2','8','30000');
Insert into DETALLE_PIEZAS (MCO_ID,PZA_COD,COSTO) values ('2','10','1000');
Insert into DETALLE_PIEZAS (MCO_ID,PZA_COD,COSTO) values ('3','1','3000');
Insert into DETALLE_PIEZAS (MCO_ID,PZA_COD,COSTO) values ('3','2','3850');
Insert into DETALLE_PIEZAS (MCO_ID,PZA_COD,COSTO) values ('7','1','15000');
Insert into DETALLE_PIEZAS (MCO_ID,PZA_COD,COSTO) values ('5','9','12000');
Insert into DETALLE_PIEZAS (MCO_ID,PZA_COD,COSTO) values ('4','2','13000');
Insert into DETALLE_PIEZAS (MCO_ID,PZA_COD,COSTO) values ('4','1','7000');
Insert into DETALLE_PIEZAS (MCO_ID,PZA_COD,COSTO) values ('4','8','6000');
Insert into DETALLE_PIEZAS (MCO_ID,PZA_COD,COSTO) values ('4','9','8000');
Insert into DETALLE_PIEZAS (MCO_ID,PZA_COD,COSTO) values ('4','11','10000');
REM INSERTING into PIEZAS
SET DEFINE OFF;
Insert into PIEZAS (COD,NOMBRE) values ('1','MOTOR');
Insert into PIEZAS (COD,NOMBRE) values ('2','CAJA');
Insert into PIEZAS (COD,NOMBRE) values ('3','TREN DELANTERO');
Insert into PIEZAS (COD,NOMBRE) values ('4','PUERTA DELANTERA IZQUIERDA');
Insert into PIEZAS (COD,NOMBRE) values ('5','PUERTA DELANTERA DERECHA');
Insert into PIEZAS (COD,NOMBRE) values ('6','PUERTA TRASERA IZQUIERDA');
Insert into PIEZAS (COD,NOMBRE) values ('7','PUERTA TRASERA DERECHA');
Insert into PIEZAS (COD,NOMBRE) values ('8','PARACHOQUES');
Insert into PIEZAS (COD,NOMBRE) values ('9','TUBO DE ESCAPE');
Insert into PIEZAS (COD,NOMBRE) values ('10','PARAFANGOS');
Insert into PIEZAS (COD,NOMBRE) values ('11','FOCOS');
Insert into PIEZAS (COD,NOMBRE) values ('12','ESPEJOS');
REM INSERTING into MANTENIMIENTO_PLANIFICADOS
SET DEFINE OFF;
Insert into MANTENIMIENTO_PLANIFICADOS (ID,DESCRIPCION,KM_FREC,COSTO) values ('1','CAMBIO ACEITE Y FILTRO','5000','1000');
Insert into MANTENIMIENTO_PLANIFICADOS (ID,DESCRIPCION,KM_FREC,COSTO) values ('2','CAMBIO ACEITE DE MOTOR','100000','2000');
Insert into MANTENIMIENTO_PLANIFICADOS (ID,DESCRIPCION,KM_FREC,COSTO) values ('3','CAMBIO DE ACEITE DE CAJA','10000','2000');
Insert into MANTENIMIENTO_PLANIFICADOS (ID,DESCRIPCION,KM_FREC,COSTO) values ('4','CAMBIO DE FRENOS','5000','2500');
Insert into MANTENIMIENTO_PLANIFICADOS (ID,DESCRIPCION,KM_FREC,COSTO) values ('5','AJUSTE TREN DELANTERO','5000','3000');
Insert into MANTENIMIENTO_PLANIFICADOS (ID,DESCRIPCION,KM_FREC,COSTO) values ('6','CAMBIO AMORTIGUADORES','10000','6000');
Insert into MANTENIMIENTO_PLANIFICADOS (ID,DESCRIPCION,KM_FREC,COSTO) values ('7','ALINEACION Y BALANCEO','10000','3000');
REM INSERTING into MODELOS
SET DEFINE OFF;
Insert into MODELOS (COD,DESCR) values ('1','RUNNER');
Insert into MODELOS (COD,DESCR) values ('2','FORTUNER');
Insert into MODELOS (COD,DESCR) values ('3','COROLLA');
Insert into MODELOS (COD,DESCR) values ('4','YARIS');
Insert into MODELOS (COD,DESCR) values ('5','TERIOS');
Insert into MODELOS (COD,DESCR) values ('6','HILUX');
REM INSERTING into REPARACIONES
SET DEFINE OFF;
Insert into REPARACIONES (COD,FECHA_R,VHO_SERIAL,KM,FECHA_SAL) values ('4',to_date('15/10/12','DD/MM/RR'),'173704211','6000',to_date('15/10/12','DD/MM/RR'));
Insert into REPARACIONES (COD,FECHA_R,VHO_SERIAL,KM,FECHA_SAL) values ('5',to_date('20/10/12','DD/MM/RR'),'173704212','6100',to_date('23/10/12','DD/MM/RR'));
Insert into REPARACIONES (COD,FECHA_R,VHO_SERIAL,KM,FECHA_SAL) values ('6',to_date('25/10/12','DD/MM/RR'),'173704213','6200',to_date('03/11/12','DD/MM/RR'));
Insert into REPARACIONES (COD,FECHA_R,VHO_SERIAL,KM,FECHA_SAL) values ('7',to_date('30/10/12','DD/MM/RR'),'173704214','6300',to_date('31/10/12','DD/MM/RR'));
Insert into REPARACIONES (COD,FECHA_R,VHO_SERIAL,KM,FECHA_SAL) values ('8',to_date('04/11/12','DD/MM/RR'),'173704215','6400',to_date('12/11/12','DD/MM/RR'));
Insert into REPARACIONES (COD,FECHA_R,VHO_SERIAL,KM,FECHA_SAL) values ('9',to_date('09/11/12','DD/MM/RR'),'173704216','6500',to_date('13/11/12','DD/MM/RR'));
Insert into REPARACIONES (COD,FECHA_R,VHO_SERIAL,KM,FECHA_SAL) values ('10',to_date('14/11/12','DD/MM/RR'),'173704217','6600',to_date('21/11/12','DD/MM/RR'));
Insert into REPARACIONES (COD,FECHA_R,VHO_SERIAL,KM,FECHA_SAL) values ('11',to_date('19/11/12','DD/MM/RR'),'173704218','7100',to_date('25/11/12','DD/MM/RR'));
Insert into REPARACIONES (COD,FECHA_R,VHO_SERIAL,KM,FECHA_SAL) values ('12',to_date('24/11/12','DD/MM/RR'),'173704219','7300',to_date('05/12/12','DD/MM/RR'));
Insert into REPARACIONES (COD,FECHA_R,VHO_SERIAL,KM,FECHA_SAL) values ('13',to_date('29/11/12','DD/MM/RR'),'159981131','7500',to_date('03/12/12','DD/MM/RR'));
Insert into REPARACIONES (COD,FECHA_R,VHO_SERIAL,KM,FECHA_SAL) values ('14',to_date('04/12/12','DD/MM/RR'),'159881132','7700',to_date('07/12/12','DD/MM/RR'));
Insert into REPARACIONES (COD,FECHA_R,VHO_SERIAL,KM,FECHA_SAL) values ('15',to_date('09/12/12','DD/MM/RR'),'159881133','7900',to_date('14/12/12','DD/MM/RR'));
Insert into REPARACIONES (COD,FECHA_R,VHO_SERIAL,KM,FECHA_SAL) values ('16',to_date('14/12/12','DD/MM/RR'),'159814467333','8100',to_date('28/12/12','DD/MM/RR'));
Insert into REPARACIONES (COD,FECHA_R,VHO_SERIAL,KM,FECHA_SAL) values ('17',to_date('19/12/12','DD/MM/RR'),'159764468333','8300',to_date('21/12/12','DD/MM/RR'));
Insert into REPARACIONES (COD,FECHA_R,VHO_SERIAL,KM,FECHA_SAL) values ('18',to_date('24/12/12','DD/MM/RR'),'159714469333','8500',to_date('02/01/13','DD/MM/RR'));
Insert into REPARACIONES (COD,FECHA_R,VHO_SERIAL,KM,FECHA_SAL) values ('19',to_date('29/12/12','DD/MM/RR'),'159664470333','8700',to_date('03/01/13','DD/MM/RR'));
Insert into REPARACIONES (COD,FECHA_R,VHO_SERIAL,KM,FECHA_SAL) values ('20',to_date('03/01/13','DD/MM/RR'),'159614471333','8900',to_date('07/01/13','DD/MM/RR'));
Insert into REPARACIONES (COD,FECHA_R,VHO_SERIAL,KM,FECHA_SAL) values ('21',to_date('08/01/13','DD/MM/RR'),'159564472333','9100',to_date('16/01/13','DD/MM/RR'));
Insert into REPARACIONES (COD,FECHA_R,VHO_SERIAL,KM,FECHA_SAL) values ('22',to_date('13/01/13','DD/MM/RR'),'159514473333','9800',to_date('14/01/13','DD/MM/RR'));
Insert into REPARACIONES (COD,FECHA_R,VHO_SERIAL,KM,FECHA_SAL) values ('23',to_date('18/01/13','DD/MM/RR'),'159464474333','9850',to_date('25/01/13','DD/MM/RR'));
Insert into REPARACIONES (COD,FECHA_R,VHO_SERIAL,KM,FECHA_SAL) values ('24',to_date('23/01/13','DD/MM/RR'),'159901271','9900',to_date('29/01/13','DD/MM/RR'));
Insert into REPARACIONES (COD,FECHA_R,VHO_SERIAL,KM,FECHA_SAL) values ('25',to_date('28/01/13','DD/MM/RR'),'159901272','9950',to_date('02/02/13','DD/MM/RR'));
Insert into REPARACIONES (COD,FECHA_R,VHO_SERIAL,KM,FECHA_SAL) values ('26',to_date('02/02/13','DD/MM/RR'),'159901273','10100',to_date('12/02/13','DD/MM/RR'));
Insert into REPARACIONES (COD,FECHA_R,VHO_SERIAL,KM,FECHA_SAL) values ('27',to_date('07/02/13','DD/MM/RR'),'159901274','10300',to_date('08/02/13','DD/MM/RR'));
Insert into REPARACIONES (COD,FECHA_R,VHO_SERIAL,KM,FECHA_SAL) values ('28',to_date('12/02/13','DD/MM/RR'),'159901275','10500',to_date('22/02/13','DD/MM/RR'));
Insert into REPARACIONES (COD,FECHA_R,VHO_SERIAL,KM,FECHA_SAL) values ('29',to_date('17/02/13','DD/MM/RR'),'159814467333','10700',to_date('19/02/13','DD/MM/RR'));
Insert into REPARACIONES (COD,FECHA_R,VHO_SERIAL,KM,FECHA_SAL) values ('30',to_date('22/02/13','DD/MM/RR'),'159764468333','10900',to_date('27/02/13','DD/MM/RR'));
Insert into REPARACIONES (COD,FECHA_R,VHO_SERIAL,KM,FECHA_SAL) values ('31',to_date('27/02/13','DD/MM/RR'),'159714469333','11100',to_date('04/03/13','DD/MM/RR'));
Insert into REPARACIONES (COD,FECHA_R,VHO_SERIAL,KM,FECHA_SAL) values ('32',to_date('04/03/13','DD/MM/RR'),'159664470333','11300',to_date('08/03/13','DD/MM/RR'));
Insert into REPARACIONES (COD,FECHA_R,VHO_SERIAL,KM,FECHA_SAL) values ('33',to_date('09/03/13','DD/MM/RR'),'159614471333','11500',to_date('16/03/13','DD/MM/RR'));
Insert into REPARACIONES (COD,FECHA_R,VHO_SERIAL,KM,FECHA_SAL) values ('34',to_date('14/03/13','DD/MM/RR'),'159564472333','11700',to_date('28/03/13','DD/MM/RR'));
Insert into REPARACIONES (COD,FECHA_R,VHO_SERIAL,KM,FECHA_SAL) values ('35',to_date('19/03/13','DD/MM/RR'),'159514473333','11900',to_date('26/03/13','DD/MM/RR'));
Insert into REPARACIONES (COD,FECHA_R,VHO_SERIAL,KM,FECHA_SAL) values ('36',to_date('24/03/13','DD/MM/RR'),'159464474333','12100',to_date('04/04/13','DD/MM/RR'));
Insert into REPARACIONES (COD,FECHA_R,VHO_SERIAL,KM,FECHA_SAL) values ('37',to_date('27/03/13','DD/MM/RR'),'159814467333','12300',to_date('04/04/13','DD/MM/RR'));
Insert into REPARACIONES (COD,FECHA_R,VHO_SERIAL,KM,FECHA_SAL) values ('38',to_date('30/03/13','DD/MM/RR'),'159764468333','12500',to_date('07/04/13','DD/MM/RR'));
Insert into REPARACIONES (COD,FECHA_R,VHO_SERIAL,KM,FECHA_SAL) values ('39',to_date('02/04/13','DD/MM/RR'),'159714469333','12700',to_date('10/04/13','DD/MM/RR'));
Insert into REPARACIONES (COD,FECHA_R,VHO_SERIAL,KM,FECHA_SAL) values ('40',to_date('05/04/13','DD/MM/RR'),'159664470333','12900',to_date('18/04/13','DD/MM/RR'));
Insert into REPARACIONES (COD,FECHA_R,VHO_SERIAL,KM,FECHA_SAL) values ('41',to_date('08/04/13','DD/MM/RR'),'159614471333','13100',to_date('15/04/13','DD/MM/RR'));
Insert into REPARACIONES (COD,FECHA_R,VHO_SERIAL,KM,FECHA_SAL) values ('42',to_date('11/04/13','DD/MM/RR'),'159564472333','13300',to_date('14/04/13','DD/MM/RR'));
Insert into REPARACIONES (COD,FECHA_R,VHO_SERIAL,KM,FECHA_SAL) values ('43',to_date('14/04/13','DD/MM/RR'),'159514473333','13500',to_date('21/04/13','DD/MM/RR'));
Insert into REPARACIONES (COD,FECHA_R,VHO_SERIAL,KM,FECHA_SAL) values ('44',to_date('17/04/13','DD/MM/RR'),'159464474333','13700',to_date('29/04/13','DD/MM/RR'));
Insert into REPARACIONES (COD,FECHA_R,VHO_SERIAL,KM,FECHA_SAL) values ('45',to_date('20/04/13','DD/MM/RR'),'159814467333','13900',to_date('02/05/13','DD/MM/RR'));
Insert into REPARACIONES (COD,FECHA_R,VHO_SERIAL,KM,FECHA_SAL) values ('46',to_date('23/04/13','DD/MM/RR'),'159764468333','14100',to_date('29/04/13','DD/MM/RR'));
Insert into REPARACIONES (COD,FECHA_R,VHO_SERIAL,KM,FECHA_SAL) values ('47',to_date('26/04/13','DD/MM/RR'),'159714469333','14300',to_date('01/05/13','DD/MM/RR'));
Insert into REPARACIONES (COD,FECHA_R,VHO_SERIAL,KM,FECHA_SAL) values ('48',to_date('29/04/13','DD/MM/RR'),'159664470333','14500',to_date('12/05/13','DD/MM/RR'));
Insert into REPARACIONES (COD,FECHA_R,VHO_SERIAL,KM,FECHA_SAL) values ('49',to_date('02/05/13','DD/MM/RR'),'159614471333','14700',to_date('02/05/13','DD/MM/RR'));
Insert into REPARACIONES (COD,FECHA_R,VHO_SERIAL,KM,FECHA_SAL) values ('50',to_date('05/05/13','DD/MM/RR'),'159564472333','14900',to_date('16/05/13','DD/MM/RR'));
Insert into REPARACIONES (COD,FECHA_R,VHO_SERIAL,KM,FECHA_SAL) values ('51',to_date('08/05/13','DD/MM/RR'),'159514473333','15100',to_date('17/05/13','DD/MM/RR'));
Insert into REPARACIONES (COD,FECHA_R,VHO_SERIAL,KM,FECHA_SAL) values ('52',to_date('11/05/13','DD/MM/RR'),'159464474333','15300',to_date('19/05/13','DD/MM/RR'));
Insert into REPARACIONES (COD,FECHA_R,VHO_SERIAL,KM,FECHA_SAL) values ('53',to_date('14/05/13','DD/MM/RR'),'173704212','15500',to_date('26/05/13','DD/MM/RR'));
Insert into REPARACIONES (COD,FECHA_R,VHO_SERIAL,KM,FECHA_SAL) values ('54',to_date('17/05/13','DD/MM/RR'),'173704213','15700',to_date('25/05/13','DD/MM/RR'));
Insert into REPARACIONES (COD,FECHA_R,VHO_SERIAL,KM,FECHA_SAL) values ('55',to_date('20/05/13','DD/MM/RR'),'173704214','15900',to_date('27/05/13','DD/MM/RR'));
Insert into REPARACIONES (COD,FECHA_R,VHO_SERIAL,KM,FECHA_SAL) values ('56',to_date('23/05/13','DD/MM/RR'),'173704215','16100',to_date('02/06/13','DD/MM/RR'));
Insert into REPARACIONES (COD,FECHA_R,VHO_SERIAL,KM,FECHA_SAL) values ('57',to_date('26/05/13','DD/MM/RR'),'173704216','16300',to_date('01/06/13','DD/MM/RR'));
Insert into REPARACIONES (COD,FECHA_R,VHO_SERIAL,KM,FECHA_SAL) values ('58',to_date('29/05/13','DD/MM/RR'),'173704217','16500',to_date('04/06/13','DD/MM/RR'));
Insert into REPARACIONES (COD,FECHA_R,VHO_SERIAL,KM,FECHA_SAL) values ('59',to_date('01/06/13','DD/MM/RR'),'4546474849','16700',to_date('11/06/13','DD/MM/RR'));
Insert into REPARACIONES (COD,FECHA_R,VHO_SERIAL,KM,FECHA_SAL) values ('60',to_date('04/06/13','DD/MM/RR'),'173704216','16900',to_date('09/06/13','DD/MM/RR'));
Insert into REPARACIONES (COD,FECHA_R,VHO_SERIAL,KM,FECHA_SAL) values ('61',to_date('07/06/13','DD/MM/RR'),'173704219','17100',to_date('21/06/13','DD/MM/RR'));
Insert into REPARACIONES (COD,FECHA_R,VHO_SERIAL,KM,FECHA_SAL) values ('62',to_date('10/06/13','DD/MM/RR'),'173704216','17300',to_date('16/06/13','DD/MM/RR'));
Insert into REPARACIONES (COD,FECHA_R,VHO_SERIAL,KM,FECHA_SAL) values ('63',to_date('13/06/13','DD/MM/RR'),'98765432','17500',to_date('25/06/13','DD/MM/RR'));
Insert into REPARACIONES (COD,FECHA_R,VHO_SERIAL,KM,FECHA_SAL) values ('64',to_date('16/06/13','DD/MM/RR'),'159881133','17700',to_date('27/06/13','DD/MM/RR'));
Insert into REPARACIONES (COD,FECHA_R,VHO_SERIAL,KM,FECHA_SAL) values ('65',to_date('19/06/13','DD/MM/RR'),'173704216','17900',to_date('25/06/13','DD/MM/RR'));
Insert into REPARACIONES (COD,FECHA_R,VHO_SERIAL,KM,FECHA_SAL) values ('66',to_date('22/06/13','DD/MM/RR'),'159981131','18100',to_date('06/07/13','DD/MM/RR'));
Insert into REPARACIONES (COD,FECHA_R,VHO_SERIAL,KM,FECHA_SAL) values ('67',to_date('25/06/13','DD/MM/RR'),'173704219','18300',to_date('02/07/13','DD/MM/RR'));
Insert into REPARACIONES (COD,FECHA_R,VHO_SERIAL,KM,FECHA_SAL) values ('68',to_date('28/06/13','DD/MM/RR'),'159464474333','10000',to_date('10/07/13','DD/MM/RR'));
Insert into REPARACIONES (COD,FECHA_R,VHO_SERIAL,KM,FECHA_SAL) values ('69',to_date('01/07/13','DD/MM/RR'),'159464474333','10050',to_date('13/07/13','DD/MM/RR'));
Insert into REPARACIONES (COD,FECHA_R,VHO_SERIAL,KM,FECHA_SAL) values ('70',to_date('04/07/13','DD/MM/RR'),'159464474333','10100',to_date('18/07/13','DD/MM/RR'));
Insert into REPARACIONES (COD,FECHA_R,VHO_SERIAL,KM,FECHA_SAL) values ('71',to_date('07/07/13','DD/MM/RR'),'159464474333','11200',to_date('20/07/13','DD/MM/RR'));
Insert into REPARACIONES (COD,FECHA_R,VHO_SERIAL,KM,FECHA_SAL) values ('72',to_date('14/07/13','DD/MM/RR'),'159464474333','13000',to_date('23/07/13','DD/MM/RR'));
Insert into REPARACIONES (COD,FECHA_R,VHO_SERIAL,KM,FECHA_SAL) values ('73',to_date('21/07/13','DD/MM/RR'),'159464474333','11000',to_date('03/08/13','DD/MM/RR'));
Insert into REPARACIONES (COD,FECHA_R,VHO_SERIAL,KM,FECHA_SAL) values ('74',to_date('28/07/13','DD/MM/RR'),'159464474333','11300',to_date('10/08/13','DD/MM/RR'));
Insert into REPARACIONES (COD,FECHA_R,VHO_SERIAL,KM,FECHA_SAL) values ('75',to_date('04/08/13','DD/MM/RR'),'159464474333','11600',to_date('06/08/13','DD/MM/RR'));
Insert into REPARACIONES (COD,FECHA_R,VHO_SERIAL,KM,FECHA_SAL) values ('76',to_date('11/08/13','DD/MM/RR'),'159464474333','11900',to_date('17/08/13','DD/MM/RR'));
Insert into REPARACIONES (COD,FECHA_R,VHO_SERIAL,KM,FECHA_SAL) values ('77',to_date('18/08/13','DD/MM/RR'),'159464474333','12200',to_date('26/08/13','DD/MM/RR'));
Insert into REPARACIONES (COD,FECHA_R,VHO_SERIAL,KM,FECHA_SAL) values ('78',to_date('25/08/13','DD/MM/RR'),'159464474333','12500',to_date('06/09/13','DD/MM/RR'));
Insert into REPARACIONES (COD,FECHA_R,VHO_SERIAL,KM,FECHA_SAL) values ('79',to_date('01/09/13','DD/MM/RR'),'159464474333','12800',to_date('05/09/13','DD/MM/RR'));
Insert into REPARACIONES (COD,FECHA_R,VHO_SERIAL,KM,FECHA_SAL) values ('80',to_date('08/09/13','DD/MM/RR'),'159464474333','13100',to_date('14/09/13','DD/MM/RR'));
Insert into REPARACIONES (COD,FECHA_R,VHO_SERIAL,KM,FECHA_SAL) values ('81',to_date('15/09/13','DD/MM/RR'),'159464474333','13400',to_date('21/09/13','DD/MM/RR'));
Insert into REPARACIONES (COD,FECHA_R,VHO_SERIAL,KM,FECHA_SAL) values ('82',to_date('22/09/13','DD/MM/RR'),'159464474333','13700',to_date('03/10/13','DD/MM/RR'));
Insert into REPARACIONES (COD,FECHA_R,VHO_SERIAL,KM,FECHA_SAL) values ('83',to_date('29/09/13','DD/MM/RR'),'159464474333','14000',to_date('03/10/13','DD/MM/RR'));
Insert into REPARACIONES (COD,FECHA_R,VHO_SERIAL,KM,FECHA_SAL) values ('84',to_date('06/10/13','DD/MM/RR'),'173704214','14300',to_date('06/10/13','DD/MM/RR'));
Insert into REPARACIONES (COD,FECHA_R,VHO_SERIAL,KM,FECHA_SAL) values ('85',to_date('13/10/13','DD/MM/RR'),'159664470333','14600',to_date('26/10/13','DD/MM/RR'));
Insert into REPARACIONES (COD,FECHA_R,VHO_SERIAL,KM,FECHA_SAL) values ('86',to_date('20/10/13','DD/MM/RR'),'159614471333','14900',to_date('02/11/13','DD/MM/RR'));
Insert into REPARACIONES (COD,FECHA_R,VHO_SERIAL,KM,FECHA_SAL) values ('87',to_date('27/10/13','DD/MM/RR'),'159564472333','20000',to_date('10/11/13','DD/MM/RR'));
Insert into REPARACIONES (COD,FECHA_R,VHO_SERIAL,KM,FECHA_SAL) values ('88',to_date('03/11/13','DD/MM/RR'),'159514473333','20500',to_date('16/11/13','DD/MM/RR'));
Insert into REPARACIONES (COD,FECHA_R,VHO_SERIAL,KM,FECHA_SAL) values ('89',to_date('10/11/13','DD/MM/RR'),'159464474333','21000',to_date('16/11/13','DD/MM/RR'));
Insert into REPARACIONES (COD,FECHA_R,VHO_SERIAL,KM,FECHA_SAL) values ('90',to_date('17/11/13','DD/MM/RR'),'98765432','21500',to_date('20/11/13','DD/MM/RR'));
Insert into REPARACIONES (COD,FECHA_R,VHO_SERIAL,KM,FECHA_SAL) values ('91',to_date('24/11/13','DD/MM/RR'),'4546474849','22000',to_date('25/11/13','DD/MM/RR'));
Insert into REPARACIONES (COD,FECHA_R,VHO_SERIAL,KM,FECHA_SAL) values ('92',to_date('01/12/13','DD/MM/RR'),'173704216','22500',to_date('09/12/13','DD/MM/RR'));
Insert into REPARACIONES (COD,FECHA_R,VHO_SERIAL,KM,FECHA_SAL) values ('93',to_date('08/12/13','DD/MM/RR'),'98765432','23000',to_date('08/12/13','DD/MM/RR'));
Insert into REPARACIONES (COD,FECHA_R,VHO_SERIAL,KM,FECHA_SAL) values ('94',to_date('15/12/13','DD/MM/RR'),'4546474849','23500',to_date('20/12/13','DD/MM/RR'));
Insert into REPARACIONES (COD,FECHA_R,VHO_SERIAL,KM,FECHA_SAL) values ('95',to_date('22/12/13','DD/MM/RR'),'159464474333','24000',to_date('01/01/14','DD/MM/RR'));
Insert into REPARACIONES (COD,FECHA_R,VHO_SERIAL,KM,FECHA_SAL) values ('96',to_date('29/12/13','DD/MM/RR'),'159464474333','24500',to_date('12/01/14','DD/MM/RR'));
Insert into REPARACIONES (COD,FECHA_R,VHO_SERIAL,KM,FECHA_SAL) values ('97',to_date('05/01/14','DD/MM/RR'),'159464474333','25000',to_date('08/01/14','DD/MM/RR'));
Insert into REPARACIONES (COD,FECHA_R,VHO_SERIAL,KM,FECHA_SAL) values ('98',to_date('12/01/14','DD/MM/RR'),'159464474333','25500',to_date('26/01/14','DD/MM/RR'));
Insert into REPARACIONES (COD,FECHA_R,VHO_SERIAL,KM,FECHA_SAL) values ('99',to_date('19/01/14','DD/MM/RR'),'173704216','26000',to_date('29/01/14','DD/MM/RR'));
Insert into REPARACIONES (COD,FECHA_R,VHO_SERIAL,KM,FECHA_SAL) values ('100',to_date('26/01/14','DD/MM/RR'),'173704216','26500',to_date('04/02/14','DD/MM/RR'));
REM INSERTING into MANTENIMIENTO_CORRECTIVOS
SET DEFINE OFF;
Insert into MANTENIMIENTO_CORRECTIVOS (ID,DESCRIPCION) values ('1','LATONERIA');
Insert into MANTENIMIENTO_CORRECTIVOS (ID,DESCRIPCION) values ('2','PINTURA');
Insert into MANTENIMIENTO_CORRECTIVOS (ID,DESCRIPCION) values ('3','REPARACION');
Insert into MANTENIMIENTO_CORRECTIVOS (ID,DESCRIPCION) values ('4','CAMBIO');
Insert into MANTENIMIENTO_CORRECTIVOS (ID,DESCRIPCION) values ('5','LIMPIEZA');
Insert into MANTENIMIENTO_CORRECTIVOS (ID,DESCRIPCION) values ('6','REEMPLAZO');
Insert into MANTENIMIENTO_CORRECTIVOS (ID,DESCRIPCION) values ('7','ANILLAR');
REM INSERTING into DETALLE_REPARACIONES
SET DEFINE OFF;
Insert into DETALLE_REPARACIONES (COD,RPO_COD,MPO_ID,DPA_MCO_ID,DPA_PZA_COD,COSTO,REALIZADO) values ('1','10',null,'3','1','7000','S');
Insert into DETALLE_REPARACIONES (COD,RPO_COD,MPO_ID,DPA_MCO_ID,DPA_PZA_COD,COSTO,REALIZADO) values ('2','10',null,'4','2','5000','S');
Insert into DETALLE_REPARACIONES (COD,RPO_COD,MPO_ID,DPA_MCO_ID,DPA_PZA_COD,COSTO,REALIZADO) values ('1','48','7',null,null,'5500','S');
Insert into DETALLE_REPARACIONES (COD,RPO_COD,MPO_ID,DPA_MCO_ID,DPA_PZA_COD,COSTO,REALIZADO) values ('1','58','7',null,null,'5500','S');
Insert into DETALLE_REPARACIONES (COD,RPO_COD,MPO_ID,DPA_MCO_ID,DPA_PZA_COD,COSTO,REALIZADO) values ('1','68','7',null,null,'5500','S');
Insert into DETALLE_REPARACIONES (COD,RPO_COD,MPO_ID,DPA_MCO_ID,DPA_PZA_COD,COSTO,REALIZADO) values ('1','78','7',null,null,'5500','S');
Insert into DETALLE_REPARACIONES (COD,RPO_COD,MPO_ID,DPA_MCO_ID,DPA_PZA_COD,COSTO,REALIZADO) values ('1','88','7',null,null,'5500','S');
Insert into DETALLE_REPARACIONES (COD,RPO_COD,MPO_ID,DPA_MCO_ID,DPA_PZA_COD,COSTO,REALIZADO) values ('1','98','7',null,null,'5500','S');
Insert into DETALLE_REPARACIONES (COD,RPO_COD,MPO_ID,DPA_MCO_ID,DPA_PZA_COD,COSTO,REALIZADO) values ('1','9','3',null,null,'5500','S');
Insert into DETALLE_REPARACIONES (COD,RPO_COD,MPO_ID,DPA_MCO_ID,DPA_PZA_COD,COSTO,REALIZADO) values ('1','19','7',null,null,'5500','S');
Insert into DETALLE_REPARACIONES (COD,RPO_COD,MPO_ID,DPA_MCO_ID,DPA_PZA_COD,COSTO,REALIZADO) values ('1','29','7',null,null,'5500','S');
Insert into DETALLE_REPARACIONES (COD,RPO_COD,MPO_ID,DPA_MCO_ID,DPA_PZA_COD,COSTO,REALIZADO) values ('1','39','7',null,null,'5500','S');
Insert into DETALLE_REPARACIONES (COD,RPO_COD,MPO_ID,DPA_MCO_ID,DPA_PZA_COD,COSTO,REALIZADO) values ('1','49','7',null,null,'5500','S');
Insert into DETALLE_REPARACIONES (COD,RPO_COD,MPO_ID,DPA_MCO_ID,DPA_PZA_COD,COSTO,REALIZADO) values ('1','59','7',null,null,'5500','S');
Insert into DETALLE_REPARACIONES (COD,RPO_COD,MPO_ID,DPA_MCO_ID,DPA_PZA_COD,COSTO,REALIZADO) values ('1','69','7',null,null,'5500','S');
Insert into DETALLE_REPARACIONES (COD,RPO_COD,MPO_ID,DPA_MCO_ID,DPA_PZA_COD,COSTO,REALIZADO) values ('1','79','7',null,null,'5500','S');
Insert into DETALLE_REPARACIONES (COD,RPO_COD,MPO_ID,DPA_MCO_ID,DPA_PZA_COD,COSTO,REALIZADO) values ('1','89','7',null,null,'5500','S');
Insert into DETALLE_REPARACIONES (COD,RPO_COD,MPO_ID,DPA_MCO_ID,DPA_PZA_COD,COSTO,REALIZADO) values ('1','99','7',null,null,'5500','S');
Insert into DETALLE_REPARACIONES (COD,RPO_COD,MPO_ID,DPA_MCO_ID,DPA_PZA_COD,COSTO,REALIZADO) values ('3','10',null,'7','1','3200','S');
Insert into DETALLE_REPARACIONES (COD,RPO_COD,MPO_ID,DPA_MCO_ID,DPA_PZA_COD,COSTO,REALIZADO) values ('4','10','2',null,null,'7200','S');
Insert into DETALLE_REPARACIONES (COD,RPO_COD,MPO_ID,DPA_MCO_ID,DPA_PZA_COD,COSTO,REALIZADO) values ('5','10','1',null,null,'4599','S');
Insert into DETALLE_REPARACIONES (COD,RPO_COD,MPO_ID,DPA_MCO_ID,DPA_PZA_COD,COSTO,REALIZADO) values ('1','20',null,'3','1','7000','S');
Insert into DETALLE_REPARACIONES (COD,RPO_COD,MPO_ID,DPA_MCO_ID,DPA_PZA_COD,COSTO,REALIZADO) values ('2','20',null,'4','2','5000','S');
Insert into DETALLE_REPARACIONES (COD,RPO_COD,MPO_ID,DPA_MCO_ID,DPA_PZA_COD,COSTO,REALIZADO) values ('3','20',null,'7','1','3200','S');
Insert into DETALLE_REPARACIONES (COD,RPO_COD,MPO_ID,DPA_MCO_ID,DPA_PZA_COD,COSTO,REALIZADO) values ('4','20','2',null,null,'7200','S');
Insert into DETALLE_REPARACIONES (COD,RPO_COD,MPO_ID,DPA_MCO_ID,DPA_PZA_COD,COSTO,REALIZADO) values ('5','20','1',null,null,'4599','S');
Insert into DETALLE_REPARACIONES (COD,RPO_COD,MPO_ID,DPA_MCO_ID,DPA_PZA_COD,COSTO,REALIZADO) values ('1','30',null,'3','1','7000','S');
Insert into DETALLE_REPARACIONES (COD,RPO_COD,MPO_ID,DPA_MCO_ID,DPA_PZA_COD,COSTO,REALIZADO) values ('2','30',null,'4','2','5000','S');
Insert into DETALLE_REPARACIONES (COD,RPO_COD,MPO_ID,DPA_MCO_ID,DPA_PZA_COD,COSTO,REALIZADO) values ('3','30',null,'7','1','3200','S');
Insert into DETALLE_REPARACIONES (COD,RPO_COD,MPO_ID,DPA_MCO_ID,DPA_PZA_COD,COSTO,REALIZADO) values ('4','30','2',null,null,'7200','S');
Insert into DETALLE_REPARACIONES (COD,RPO_COD,MPO_ID,DPA_MCO_ID,DPA_PZA_COD,COSTO,REALIZADO) values ('5','30','1',null,null,'4599','S');
Insert into DETALLE_REPARACIONES (COD,RPO_COD,MPO_ID,DPA_MCO_ID,DPA_PZA_COD,COSTO,REALIZADO) values ('1','40',null,'3','1','7000','S');
Insert into DETALLE_REPARACIONES (COD,RPO_COD,MPO_ID,DPA_MCO_ID,DPA_PZA_COD,COSTO,REALIZADO) values ('2','40',null,'4','2','5000','S');
Insert into DETALLE_REPARACIONES (COD,RPO_COD,MPO_ID,DPA_MCO_ID,DPA_PZA_COD,COSTO,REALIZADO) values ('3','40',null,'7','1','3200','S');
Insert into DETALLE_REPARACIONES (COD,RPO_COD,MPO_ID,DPA_MCO_ID,DPA_PZA_COD,COSTO,REALIZADO) values ('4','40','2',null,null,'7200','S');
Insert into DETALLE_REPARACIONES (COD,RPO_COD,MPO_ID,DPA_MCO_ID,DPA_PZA_COD,COSTO,REALIZADO) values ('5','40','1',null,null,'4599','S');
Insert into DETALLE_REPARACIONES (COD,RPO_COD,MPO_ID,DPA_MCO_ID,DPA_PZA_COD,COSTO,REALIZADO) values ('1','50',null,'3','1','7000','S');
Insert into DETALLE_REPARACIONES (COD,RPO_COD,MPO_ID,DPA_MCO_ID,DPA_PZA_COD,COSTO,REALIZADO) values ('2','50',null,'4','2','5000','S');
Insert into DETALLE_REPARACIONES (COD,RPO_COD,MPO_ID,DPA_MCO_ID,DPA_PZA_COD,COSTO,REALIZADO) values ('3','50',null,'7','1','3200','S');
Insert into DETALLE_REPARACIONES (COD,RPO_COD,MPO_ID,DPA_MCO_ID,DPA_PZA_COD,COSTO,REALIZADO) values ('4','50','2',null,null,'7200','S');
Insert into DETALLE_REPARACIONES (COD,RPO_COD,MPO_ID,DPA_MCO_ID,DPA_PZA_COD,COSTO,REALIZADO) values ('5','50','1',null,null,'4599','S');
Insert into DETALLE_REPARACIONES (COD,RPO_COD,MPO_ID,DPA_MCO_ID,DPA_PZA_COD,COSTO,REALIZADO) values ('1','60',null,'3','1','7000','S');
Insert into DETALLE_REPARACIONES (COD,RPO_COD,MPO_ID,DPA_MCO_ID,DPA_PZA_COD,COSTO,REALIZADO) values ('2','60',null,'4','2','5000','S');
Insert into DETALLE_REPARACIONES (COD,RPO_COD,MPO_ID,DPA_MCO_ID,DPA_PZA_COD,COSTO,REALIZADO) values ('3','60',null,'7','1','3200','S');
Insert into DETALLE_REPARACIONES (COD,RPO_COD,MPO_ID,DPA_MCO_ID,DPA_PZA_COD,COSTO,REALIZADO) values ('4','60','2',null,null,'7200','S');
Insert into DETALLE_REPARACIONES (COD,RPO_COD,MPO_ID,DPA_MCO_ID,DPA_PZA_COD,COSTO,REALIZADO) values ('5','60','1',null,null,'4599','S');
Insert into DETALLE_REPARACIONES (COD,RPO_COD,MPO_ID,DPA_MCO_ID,DPA_PZA_COD,COSTO,REALIZADO) values ('1','70',null,'3','1','7000','S');
Insert into DETALLE_REPARACIONES (COD,RPO_COD,MPO_ID,DPA_MCO_ID,DPA_PZA_COD,COSTO,REALIZADO) values ('2','70',null,'4','2','5000','S');
Insert into DETALLE_REPARACIONES (COD,RPO_COD,MPO_ID,DPA_MCO_ID,DPA_PZA_COD,COSTO,REALIZADO) values ('3','70',null,'7','1','3200','S');
Insert into DETALLE_REPARACIONES (COD,RPO_COD,MPO_ID,DPA_MCO_ID,DPA_PZA_COD,COSTO,REALIZADO) values ('4','70','2',null,null,'7200','S');
Insert into DETALLE_REPARACIONES (COD,RPO_COD,MPO_ID,DPA_MCO_ID,DPA_PZA_COD,COSTO,REALIZADO) values ('5','70','1',null,null,'4599','S');
Insert into DETALLE_REPARACIONES (COD,RPO_COD,MPO_ID,DPA_MCO_ID,DPA_PZA_COD,COSTO,REALIZADO) values ('1','80',null,'3','1','7000','S');
Insert into DETALLE_REPARACIONES (COD,RPO_COD,MPO_ID,DPA_MCO_ID,DPA_PZA_COD,COSTO,REALIZADO) values ('2','80',null,'4','2','5000','S');
Insert into DETALLE_REPARACIONES (COD,RPO_COD,MPO_ID,DPA_MCO_ID,DPA_PZA_COD,COSTO,REALIZADO) values ('3','80',null,'7','1','3200','S');
Insert into DETALLE_REPARACIONES (COD,RPO_COD,MPO_ID,DPA_MCO_ID,DPA_PZA_COD,COSTO,REALIZADO) values ('4','80','2',null,null,'7200','S');
Insert into DETALLE_REPARACIONES (COD,RPO_COD,MPO_ID,DPA_MCO_ID,DPA_PZA_COD,COSTO,REALIZADO) values ('5','80','1',null,null,'4599','S');
Insert into DETALLE_REPARACIONES (COD,RPO_COD,MPO_ID,DPA_MCO_ID,DPA_PZA_COD,COSTO,REALIZADO) values ('1','90',null,'3','1','7000','S');
Insert into DETALLE_REPARACIONES (COD,RPO_COD,MPO_ID,DPA_MCO_ID,DPA_PZA_COD,COSTO,REALIZADO) values ('2','90',null,'4','2','5000','S');
Insert into DETALLE_REPARACIONES (COD,RPO_COD,MPO_ID,DPA_MCO_ID,DPA_PZA_COD,COSTO,REALIZADO) values ('3','90',null,'7','1','3200','S');
Insert into DETALLE_REPARACIONES (COD,RPO_COD,MPO_ID,DPA_MCO_ID,DPA_PZA_COD,COSTO,REALIZADO) values ('4','90','2',null,null,'7200','S');
Insert into DETALLE_REPARACIONES (COD,RPO_COD,MPO_ID,DPA_MCO_ID,DPA_PZA_COD,COSTO,REALIZADO) values ('5','90','1',null,null,'4599','S');
Insert into DETALLE_REPARACIONES (COD,RPO_COD,MPO_ID,DPA_MCO_ID,DPA_PZA_COD,COSTO,REALIZADO) values ('1','100',null,'3','1','7000','S');
Insert into DETALLE_REPARACIONES (COD,RPO_COD,MPO_ID,DPA_MCO_ID,DPA_PZA_COD,COSTO,REALIZADO) values ('2','100',null,'4','2','5000','S');
Insert into DETALLE_REPARACIONES (COD,RPO_COD,MPO_ID,DPA_MCO_ID,DPA_PZA_COD,COSTO,REALIZADO) values ('3','100',null,'7','1','3200','S');
Insert into DETALLE_REPARACIONES (COD,RPO_COD,MPO_ID,DPA_MCO_ID,DPA_PZA_COD,COSTO,REALIZADO) values ('4','100','2',null,null,'7200','S');
Insert into DETALLE_REPARACIONES (COD,RPO_COD,MPO_ID,DPA_MCO_ID,DPA_PZA_COD,COSTO,REALIZADO) values ('5','100','1',null,null,'4599','S');
Insert into DETALLE_REPARACIONES (COD,RPO_COD,MPO_ID,DPA_MCO_ID,DPA_PZA_COD,COSTO,REALIZADO) values ('1','95',null,'3','1','7000','S');
Insert into DETALLE_REPARACIONES (COD,RPO_COD,MPO_ID,DPA_MCO_ID,DPA_PZA_COD,COSTO,REALIZADO) values ('2','95',null,'4','2','5000','S');
Insert into DETALLE_REPARACIONES (COD,RPO_COD,MPO_ID,DPA_MCO_ID,DPA_PZA_COD,COSTO,REALIZADO) values ('3','95',null,'7','1','3200','S');
Insert into DETALLE_REPARACIONES (COD,RPO_COD,MPO_ID,DPA_MCO_ID,DPA_PZA_COD,COSTO,REALIZADO) values ('4','95','2',null,null,'7200','S');
Insert into DETALLE_REPARACIONES (COD,RPO_COD,MPO_ID,DPA_MCO_ID,DPA_PZA_COD,COSTO,REALIZADO) values ('5','95','1',null,null,'4599','S');
Insert into DETALLE_REPARACIONES (COD,RPO_COD,MPO_ID,DPA_MCO_ID,DPA_PZA_COD,COSTO,REALIZADO) values ('1','75',null,'3','1','7000','S');
Insert into DETALLE_REPARACIONES (COD,RPO_COD,MPO_ID,DPA_MCO_ID,DPA_PZA_COD,COSTO,REALIZADO) values ('2','75',null,'4','2','5000','S');
Insert into DETALLE_REPARACIONES (COD,RPO_COD,MPO_ID,DPA_MCO_ID,DPA_PZA_COD,COSTO,REALIZADO) values ('3','75',null,'7','1','3200','S');
Insert into DETALLE_REPARACIONES (COD,RPO_COD,MPO_ID,DPA_MCO_ID,DPA_PZA_COD,COSTO,REALIZADO) values ('4','75','2',null,null,'7200','S');
Insert into DETALLE_REPARACIONES (COD,RPO_COD,MPO_ID,DPA_MCO_ID,DPA_PZA_COD,COSTO,REALIZADO) values ('5','75','1',null,null,'4599','S');
Insert into DETALLE_REPARACIONES (COD,RPO_COD,MPO_ID,DPA_MCO_ID,DPA_PZA_COD,COSTO,REALIZADO) values ('1','85',null,'3','1','7000','S');
Insert into DETALLE_REPARACIONES (COD,RPO_COD,MPO_ID,DPA_MCO_ID,DPA_PZA_COD,COSTO,REALIZADO) values ('2','85',null,'4','2','5000','S');
Insert into DETALLE_REPARACIONES (COD,RPO_COD,MPO_ID,DPA_MCO_ID,DPA_PZA_COD,COSTO,REALIZADO) values ('3','85',null,'7','1','3200','S');
Insert into DETALLE_REPARACIONES (COD,RPO_COD,MPO_ID,DPA_MCO_ID,DPA_PZA_COD,COSTO,REALIZADO) values ('4','85','2',null,null,'7200','S');
Insert into DETALLE_REPARACIONES (COD,RPO_COD,MPO_ID,DPA_MCO_ID,DPA_PZA_COD,COSTO,REALIZADO) values ('5','85','1',null,null,'4599','S');
Insert into DETALLE_REPARACIONES (COD,RPO_COD,MPO_ID,DPA_MCO_ID,DPA_PZA_COD,COSTO,REALIZADO) values ('1','65',null,'3','1','7000','S');
Insert into DETALLE_REPARACIONES (COD,RPO_COD,MPO_ID,DPA_MCO_ID,DPA_PZA_COD,COSTO,REALIZADO) values ('2','65',null,'4','2','5000','S');
Insert into DETALLE_REPARACIONES (COD,RPO_COD,MPO_ID,DPA_MCO_ID,DPA_PZA_COD,COSTO,REALIZADO) values ('3','65',null,'7','1','3200','S');
Insert into DETALLE_REPARACIONES (COD,RPO_COD,MPO_ID,DPA_MCO_ID,DPA_PZA_COD,COSTO,REALIZADO) values ('4','65','2',null,null,'7200','S');
Insert into DETALLE_REPARACIONES (COD,RPO_COD,MPO_ID,DPA_MCO_ID,DPA_PZA_COD,COSTO,REALIZADO) values ('5','65','1',null,null,'4599','S');
Insert into DETALLE_REPARACIONES (COD,RPO_COD,MPO_ID,DPA_MCO_ID,DPA_PZA_COD,COSTO,REALIZADO) values ('1','55',null,'3','1','7000','S');
Insert into DETALLE_REPARACIONES (COD,RPO_COD,MPO_ID,DPA_MCO_ID,DPA_PZA_COD,COSTO,REALIZADO) values ('2','55',null,'4','2','5000','S');
Insert into DETALLE_REPARACIONES (COD,RPO_COD,MPO_ID,DPA_MCO_ID,DPA_PZA_COD,COSTO,REALIZADO) values ('3','55',null,'7','1','3200','S');
Insert into DETALLE_REPARACIONES (COD,RPO_COD,MPO_ID,DPA_MCO_ID,DPA_PZA_COD,COSTO,REALIZADO) values ('4','55','2',null,null,'7200','S');
Insert into DETALLE_REPARACIONES (COD,RPO_COD,MPO_ID,DPA_MCO_ID,DPA_PZA_COD,COSTO,REALIZADO) values ('5','55','1',null,null,'4599','S');
Insert into DETALLE_REPARACIONES (COD,RPO_COD,MPO_ID,DPA_MCO_ID,DPA_PZA_COD,COSTO,REALIZADO) values ('1','45',null,'3','1','7000','S');
Insert into DETALLE_REPARACIONES (COD,RPO_COD,MPO_ID,DPA_MCO_ID,DPA_PZA_COD,COSTO,REALIZADO) values ('2','45',null,'4','2','5000','S');
Insert into DETALLE_REPARACIONES (COD,RPO_COD,MPO_ID,DPA_MCO_ID,DPA_PZA_COD,COSTO,REALIZADO) values ('3','45',null,'7','1','3200','S');
Insert into DETALLE_REPARACIONES (COD,RPO_COD,MPO_ID,DPA_MCO_ID,DPA_PZA_COD,COSTO,REALIZADO) values ('4','45','2',null,null,'7200','S');
Insert into DETALLE_REPARACIONES (COD,RPO_COD,MPO_ID,DPA_MCO_ID,DPA_PZA_COD,COSTO,REALIZADO) values ('5','45','1',null,null,'4599','S');
Insert into DETALLE_REPARACIONES (COD,RPO_COD,MPO_ID,DPA_MCO_ID,DPA_PZA_COD,COSTO,REALIZADO) values ('1','35',null,'3','1','7000','S');
Insert into DETALLE_REPARACIONES (COD,RPO_COD,MPO_ID,DPA_MCO_ID,DPA_PZA_COD,COSTO,REALIZADO) values ('2','35',null,'4','2','5000','S');
Insert into DETALLE_REPARACIONES (COD,RPO_COD,MPO_ID,DPA_MCO_ID,DPA_PZA_COD,COSTO,REALIZADO) values ('3','35',null,'7','1','3200','S');
Insert into DETALLE_REPARACIONES (COD,RPO_COD,MPO_ID,DPA_MCO_ID,DPA_PZA_COD,COSTO,REALIZADO) values ('4','35','2',null,null,'7200','S');
Insert into DETALLE_REPARACIONES (COD,RPO_COD,MPO_ID,DPA_MCO_ID,DPA_PZA_COD,COSTO,REALIZADO) values ('5','35','1',null,null,'4599','S');
Insert into DETALLE_REPARACIONES (COD,RPO_COD,MPO_ID,DPA_MCO_ID,DPA_PZA_COD,COSTO,REALIZADO) values ('1','25',null,'3','1','7000','S');
Insert into DETALLE_REPARACIONES (COD,RPO_COD,MPO_ID,DPA_MCO_ID,DPA_PZA_COD,COSTO,REALIZADO) values ('2','25',null,'4','2','5000','S');
Insert into DETALLE_REPARACIONES (COD,RPO_COD,MPO_ID,DPA_MCO_ID,DPA_PZA_COD,COSTO,REALIZADO) values ('3','25',null,'7','1','3200','S');
Insert into DETALLE_REPARACIONES (COD,RPO_COD,MPO_ID,DPA_MCO_ID,DPA_PZA_COD,COSTO,REALIZADO) values ('4','25','2',null,null,'7200','S');
Insert into DETALLE_REPARACIONES (COD,RPO_COD,MPO_ID,DPA_MCO_ID,DPA_PZA_COD,COSTO,REALIZADO) values ('5','25','1',null,null,'4599','S');
Insert into DETALLE_REPARACIONES (COD,RPO_COD,MPO_ID,DPA_MCO_ID,DPA_PZA_COD,COSTO,REALIZADO) values ('1','15',null,'3','1','7000','S');
Insert into DETALLE_REPARACIONES (COD,RPO_COD,MPO_ID,DPA_MCO_ID,DPA_PZA_COD,COSTO,REALIZADO) values ('2','15',null,'4','2','5000','S');
Insert into DETALLE_REPARACIONES (COD,RPO_COD,MPO_ID,DPA_MCO_ID,DPA_PZA_COD,COSTO,REALIZADO) values ('3','15',null,'7','1','3200','S');
Insert into DETALLE_REPARACIONES (COD,RPO_COD,MPO_ID,DPA_MCO_ID,DPA_PZA_COD,COSTO,REALIZADO) values ('4','15','2',null,null,'7200','S');
Insert into DETALLE_REPARACIONES (COD,RPO_COD,MPO_ID,DPA_MCO_ID,DPA_PZA_COD,COSTO,REALIZADO) values ('5','15','1',null,null,'4599','S');
Insert into DETALLE_REPARACIONES (COD,RPO_COD,MPO_ID,DPA_MCO_ID,DPA_PZA_COD,COSTO,REALIZADO) values ('1','5',null,'3','1','7000','S');
Insert into DETALLE_REPARACIONES (COD,RPO_COD,MPO_ID,DPA_MCO_ID,DPA_PZA_COD,COSTO,REALIZADO) values ('2','5',null,'4','2','5000','S');
Insert into DETALLE_REPARACIONES (COD,RPO_COD,MPO_ID,DPA_MCO_ID,DPA_PZA_COD,COSTO,REALIZADO) values ('3','5',null,'7','1','3200','S');
Insert into DETALLE_REPARACIONES (COD,RPO_COD,MPO_ID,DPA_MCO_ID,DPA_PZA_COD,COSTO,REALIZADO) values ('4','5','2',null,null,'7200','S');
Insert into DETALLE_REPARACIONES (COD,RPO_COD,MPO_ID,DPA_MCO_ID,DPA_PZA_COD,COSTO,REALIZADO) values ('5','5','1',null,null,'4599','S');
Insert into DETALLE_REPARACIONES (COD,RPO_COD,MPO_ID,DPA_MCO_ID,DPA_PZA_COD,COSTO,REALIZADO) values ('1','13',null,'3','1','7000','S');
Insert into DETALLE_REPARACIONES (COD,RPO_COD,MPO_ID,DPA_MCO_ID,DPA_PZA_COD,COSTO,REALIZADO) values ('2','13',null,'4','2','5000','S');
Insert into DETALLE_REPARACIONES (COD,RPO_COD,MPO_ID,DPA_MCO_ID,DPA_PZA_COD,COSTO,REALIZADO) values ('3','13',null,'7','1','3200','S');
Insert into DETALLE_REPARACIONES (COD,RPO_COD,MPO_ID,DPA_MCO_ID,DPA_PZA_COD,COSTO,REALIZADO) values ('4','13','2',null,null,'7200','S');
Insert into DETALLE_REPARACIONES (COD,RPO_COD,MPO_ID,DPA_MCO_ID,DPA_PZA_COD,COSTO,REALIZADO) values ('5','13','1',null,null,'4599','S');
Insert into DETALLE_REPARACIONES (COD,RPO_COD,MPO_ID,DPA_MCO_ID,DPA_PZA_COD,COSTO,REALIZADO) values ('1','23',null,'3','1','7000','S');
Insert into DETALLE_REPARACIONES (COD,RPO_COD,MPO_ID,DPA_MCO_ID,DPA_PZA_COD,COSTO,REALIZADO) values ('2','23',null,'4','2','5000','S');
Insert into DETALLE_REPARACIONES (COD,RPO_COD,MPO_ID,DPA_MCO_ID,DPA_PZA_COD,COSTO,REALIZADO) values ('3','23',null,'7','1','3200','S');
Insert into DETALLE_REPARACIONES (COD,RPO_COD,MPO_ID,DPA_MCO_ID,DPA_PZA_COD,COSTO,REALIZADO) values ('4','23','2',null,null,'7200','S');
Insert into DETALLE_REPARACIONES (COD,RPO_COD,MPO_ID,DPA_MCO_ID,DPA_PZA_COD,COSTO,REALIZADO) values ('5','23','1',null,null,'4599','S');
Insert into DETALLE_REPARACIONES (COD,RPO_COD,MPO_ID,DPA_MCO_ID,DPA_PZA_COD,COSTO,REALIZADO) values ('1','33',null,'3','1','7000','S');
Insert into DETALLE_REPARACIONES (COD,RPO_COD,MPO_ID,DPA_MCO_ID,DPA_PZA_COD,COSTO,REALIZADO) values ('2','33',null,'4','2','5000','S');
Insert into DETALLE_REPARACIONES (COD,RPO_COD,MPO_ID,DPA_MCO_ID,DPA_PZA_COD,COSTO,REALIZADO) values ('3','33',null,'7','1','3200','S');
Insert into DETALLE_REPARACIONES (COD,RPO_COD,MPO_ID,DPA_MCO_ID,DPA_PZA_COD,COSTO,REALIZADO) values ('4','33','2',null,null,'7200','S');
Insert into DETALLE_REPARACIONES (COD,RPO_COD,MPO_ID,DPA_MCO_ID,DPA_PZA_COD,COSTO,REALIZADO) values ('5','33','1',null,null,'4599','S');
Insert into DETALLE_REPARACIONES (COD,RPO_COD,MPO_ID,DPA_MCO_ID,DPA_PZA_COD,COSTO,REALIZADO) values ('1','43',null,'3','1','7000','S');
Insert into DETALLE_REPARACIONES (COD,RPO_COD,MPO_ID,DPA_MCO_ID,DPA_PZA_COD,COSTO,REALIZADO) values ('2','43',null,'4','2','5000','S');
Insert into DETALLE_REPARACIONES (COD,RPO_COD,MPO_ID,DPA_MCO_ID,DPA_PZA_COD,COSTO,REALIZADO) values ('3','43',null,'7','1','3200','S');
Insert into DETALLE_REPARACIONES (COD,RPO_COD,MPO_ID,DPA_MCO_ID,DPA_PZA_COD,COSTO,REALIZADO) values ('4','43','2',null,null,'7200','S');
Insert into DETALLE_REPARACIONES (COD,RPO_COD,MPO_ID,DPA_MCO_ID,DPA_PZA_COD,COSTO,REALIZADO) values ('5','43','1',null,null,'4599','S');
Insert into DETALLE_REPARACIONES (COD,RPO_COD,MPO_ID,DPA_MCO_ID,DPA_PZA_COD,COSTO,REALIZADO) values ('1','53',null,'3','1','7000','S');
Insert into DETALLE_REPARACIONES (COD,RPO_COD,MPO_ID,DPA_MCO_ID,DPA_PZA_COD,COSTO,REALIZADO) values ('2','53',null,'4','2','5000','S');
Insert into DETALLE_REPARACIONES (COD,RPO_COD,MPO_ID,DPA_MCO_ID,DPA_PZA_COD,COSTO,REALIZADO) values ('3','53',null,'7','1','3200','S');
Insert into DETALLE_REPARACIONES (COD,RPO_COD,MPO_ID,DPA_MCO_ID,DPA_PZA_COD,COSTO,REALIZADO) values ('4','53','2',null,null,'7200','S');
Insert into DETALLE_REPARACIONES (COD,RPO_COD,MPO_ID,DPA_MCO_ID,DPA_PZA_COD,COSTO,REALIZADO) values ('5','53','1',null,null,'4599','S');
Insert into DETALLE_REPARACIONES (COD,RPO_COD,MPO_ID,DPA_MCO_ID,DPA_PZA_COD,COSTO,REALIZADO) values ('1','63',null,'3','1','7000','S');
Insert into DETALLE_REPARACIONES (COD,RPO_COD,MPO_ID,DPA_MCO_ID,DPA_PZA_COD,COSTO,REALIZADO) values ('2','63',null,'4','2','5000','S');
Insert into DETALLE_REPARACIONES (COD,RPO_COD,MPO_ID,DPA_MCO_ID,DPA_PZA_COD,COSTO,REALIZADO) values ('3','63',null,'7','1','3200','S');
Insert into DETALLE_REPARACIONES (COD,RPO_COD,MPO_ID,DPA_MCO_ID,DPA_PZA_COD,COSTO,REALIZADO) values ('4','63','2',null,null,'7200','S');
Insert into DETALLE_REPARACIONES (COD,RPO_COD,MPO_ID,DPA_MCO_ID,DPA_PZA_COD,COSTO,REALIZADO) values ('5','63','1',null,null,'4599','S');
Insert into DETALLE_REPARACIONES (COD,RPO_COD,MPO_ID,DPA_MCO_ID,DPA_PZA_COD,COSTO,REALIZADO) values ('1','73',null,'3','1','7000','S');
Insert into DETALLE_REPARACIONES (COD,RPO_COD,MPO_ID,DPA_MCO_ID,DPA_PZA_COD,COSTO,REALIZADO) values ('2','73',null,'4','2','5000','S');
Insert into DETALLE_REPARACIONES (COD,RPO_COD,MPO_ID,DPA_MCO_ID,DPA_PZA_COD,COSTO,REALIZADO) values ('3','73',null,'7','1','3200','S');
Insert into DETALLE_REPARACIONES (COD,RPO_COD,MPO_ID,DPA_MCO_ID,DPA_PZA_COD,COSTO,REALIZADO) values ('4','73','2',null,null,'7200','S');
Insert into DETALLE_REPARACIONES (COD,RPO_COD,MPO_ID,DPA_MCO_ID,DPA_PZA_COD,COSTO,REALIZADO) values ('5','73','1',null,null,'4599','S');
Insert into DETALLE_REPARACIONES (COD,RPO_COD,MPO_ID,DPA_MCO_ID,DPA_PZA_COD,COSTO,REALIZADO) values ('1','83',null,'3','1','7000','S');
Insert into DETALLE_REPARACIONES (COD,RPO_COD,MPO_ID,DPA_MCO_ID,DPA_PZA_COD,COSTO,REALIZADO) values ('2','83',null,'4','2','5000','S');
Insert into DETALLE_REPARACIONES (COD,RPO_COD,MPO_ID,DPA_MCO_ID,DPA_PZA_COD,COSTO,REALIZADO) values ('3','83',null,'7','1','3200','S');
Insert into DETALLE_REPARACIONES (COD,RPO_COD,MPO_ID,DPA_MCO_ID,DPA_PZA_COD,COSTO,REALIZADO) values ('4','83','2',null,null,'7200','S');
Insert into DETALLE_REPARACIONES (COD,RPO_COD,MPO_ID,DPA_MCO_ID,DPA_PZA_COD,COSTO,REALIZADO) values ('5','83','1',null,null,'4599','S');
Insert into DETALLE_REPARACIONES (COD,RPO_COD,MPO_ID,DPA_MCO_ID,DPA_PZA_COD,COSTO,REALIZADO) values ('1','93',null,'3','1','7000','S');
Insert into DETALLE_REPARACIONES (COD,RPO_COD,MPO_ID,DPA_MCO_ID,DPA_PZA_COD,COSTO,REALIZADO) values ('2','93',null,'4','2','5000','S');
Insert into DETALLE_REPARACIONES (COD,RPO_COD,MPO_ID,DPA_MCO_ID,DPA_PZA_COD,COSTO,REALIZADO) values ('3','93',null,'7','1','3200','S');
Insert into DETALLE_REPARACIONES (COD,RPO_COD,MPO_ID,DPA_MCO_ID,DPA_PZA_COD,COSTO,REALIZADO) values ('4','93','2',null,null,'7200','S');
Insert into DETALLE_REPARACIONES (COD,RPO_COD,MPO_ID,DPA_MCO_ID,DPA_PZA_COD,COSTO,REALIZADO) values ('5','93','1',null,null,'4599','S');
Insert into DETALLE_REPARACIONES (COD,RPO_COD,MPO_ID,DPA_MCO_ID,DPA_PZA_COD,COSTO,REALIZADO) values ('1','92','4',null,null,'2000','S');
Insert into DETALLE_REPARACIONES (COD,RPO_COD,MPO_ID,DPA_MCO_ID,DPA_PZA_COD,COSTO,REALIZADO) values ('2','92','5',null,null,'1500','S');
Insert into DETALLE_REPARACIONES (COD,RPO_COD,MPO_ID,DPA_MCO_ID,DPA_PZA_COD,COSTO,REALIZADO) values ('1','82','4',null,null,'2000','S');
Insert into DETALLE_REPARACIONES (COD,RPO_COD,MPO_ID,DPA_MCO_ID,DPA_PZA_COD,COSTO,REALIZADO) values ('2','82','5',null,null,'1500','S');
Insert into DETALLE_REPARACIONES (COD,RPO_COD,MPO_ID,DPA_MCO_ID,DPA_PZA_COD,COSTO,REALIZADO) values ('1','72','4',null,null,'2000','S');
Insert into DETALLE_REPARACIONES (COD,RPO_COD,MPO_ID,DPA_MCO_ID,DPA_PZA_COD,COSTO,REALIZADO) values ('2','72','5',null,null,'1500','S');
Insert into DETALLE_REPARACIONES (COD,RPO_COD,MPO_ID,DPA_MCO_ID,DPA_PZA_COD,COSTO,REALIZADO) values ('1','62','4',null,null,'2000','S');
Insert into DETALLE_REPARACIONES (COD,RPO_COD,MPO_ID,DPA_MCO_ID,DPA_PZA_COD,COSTO,REALIZADO) values ('2','62','5',null,null,'1500','S');
Insert into DETALLE_REPARACIONES (COD,RPO_COD,MPO_ID,DPA_MCO_ID,DPA_PZA_COD,COSTO,REALIZADO) values ('1','52','4',null,null,'2000','S');
Insert into DETALLE_REPARACIONES (COD,RPO_COD,MPO_ID,DPA_MCO_ID,DPA_PZA_COD,COSTO,REALIZADO) values ('2','52','5',null,null,'1500','S');
Insert into DETALLE_REPARACIONES (COD,RPO_COD,MPO_ID,DPA_MCO_ID,DPA_PZA_COD,COSTO,REALIZADO) values ('1','42','4',null,null,'2000','S');
Insert into DETALLE_REPARACIONES (COD,RPO_COD,MPO_ID,DPA_MCO_ID,DPA_PZA_COD,COSTO,REALIZADO) values ('2','42','5',null,null,'1500','S');
Insert into DETALLE_REPARACIONES (COD,RPO_COD,MPO_ID,DPA_MCO_ID,DPA_PZA_COD,COSTO,REALIZADO) values ('1','32','4',null,null,'2000','S');
Insert into DETALLE_REPARACIONES (COD,RPO_COD,MPO_ID,DPA_MCO_ID,DPA_PZA_COD,COSTO,REALIZADO) values ('2','32','5',null,null,'1500','S');
Insert into DETALLE_REPARACIONES (COD,RPO_COD,MPO_ID,DPA_MCO_ID,DPA_PZA_COD,COSTO,REALIZADO) values ('1','22','4',null,null,'2000','S');
Insert into DETALLE_REPARACIONES (COD,RPO_COD,MPO_ID,DPA_MCO_ID,DPA_PZA_COD,COSTO,REALIZADO) values ('2','22','5',null,null,'1500','S');
Insert into DETALLE_REPARACIONES (COD,RPO_COD,MPO_ID,DPA_MCO_ID,DPA_PZA_COD,COSTO,REALIZADO) values ('1','12','4',null,null,'2000','S');
Insert into DETALLE_REPARACIONES (COD,RPO_COD,MPO_ID,DPA_MCO_ID,DPA_PZA_COD,COSTO,REALIZADO) values ('2','12','5',null,null,'1500','S');
Insert into DETALLE_REPARACIONES (COD,RPO_COD,MPO_ID,DPA_MCO_ID,DPA_PZA_COD,COSTO,REALIZADO) values ('1','4','4',null,null,'2000','S');
Insert into DETALLE_REPARACIONES (COD,RPO_COD,MPO_ID,DPA_MCO_ID,DPA_PZA_COD,COSTO,REALIZADO) values ('2','4','5',null,null,'1500','S');
Insert into DETALLE_REPARACIONES (COD,RPO_COD,MPO_ID,DPA_MCO_ID,DPA_PZA_COD,COSTO,REALIZADO) values ('1','14','4',null,null,'2000','S');
Insert into DETALLE_REPARACIONES (COD,RPO_COD,MPO_ID,DPA_MCO_ID,DPA_PZA_COD,COSTO,REALIZADO) values ('2','14','5',null,null,'1500','S');
Insert into DETALLE_REPARACIONES (COD,RPO_COD,MPO_ID,DPA_MCO_ID,DPA_PZA_COD,COSTO,REALIZADO) values ('1','24','4',null,null,'2000','S');
Insert into DETALLE_REPARACIONES (COD,RPO_COD,MPO_ID,DPA_MCO_ID,DPA_PZA_COD,COSTO,REALIZADO) values ('2','24','5',null,null,'1500','S');
Insert into DETALLE_REPARACIONES (COD,RPO_COD,MPO_ID,DPA_MCO_ID,DPA_PZA_COD,COSTO,REALIZADO) values ('1','34','4',null,null,'2000','S');
Insert into DETALLE_REPARACIONES (COD,RPO_COD,MPO_ID,DPA_MCO_ID,DPA_PZA_COD,COSTO,REALIZADO) values ('2','34','5',null,null,'1500','S');
Insert into DETALLE_REPARACIONES (COD,RPO_COD,MPO_ID,DPA_MCO_ID,DPA_PZA_COD,COSTO,REALIZADO) values ('1','44','4',null,null,'2000','S');
Insert into DETALLE_REPARACIONES (COD,RPO_COD,MPO_ID,DPA_MCO_ID,DPA_PZA_COD,COSTO,REALIZADO) values ('2','44','5',null,null,'1500','S');
Insert into DETALLE_REPARACIONES (COD,RPO_COD,MPO_ID,DPA_MCO_ID,DPA_PZA_COD,COSTO,REALIZADO) values ('1','54','4',null,null,'2000','S');
Insert into DETALLE_REPARACIONES (COD,RPO_COD,MPO_ID,DPA_MCO_ID,DPA_PZA_COD,COSTO,REALIZADO) values ('2','54','5',null,null,'1500','S');
Insert into DETALLE_REPARACIONES (COD,RPO_COD,MPO_ID,DPA_MCO_ID,DPA_PZA_COD,COSTO,REALIZADO) values ('1','64','4',null,null,'2000','S');
Insert into DETALLE_REPARACIONES (COD,RPO_COD,MPO_ID,DPA_MCO_ID,DPA_PZA_COD,COSTO,REALIZADO) values ('2','64','5',null,null,'1500','S');
Insert into DETALLE_REPARACIONES (COD,RPO_COD,MPO_ID,DPA_MCO_ID,DPA_PZA_COD,COSTO,REALIZADO) values ('1','74','4',null,null,'2000','S');
Insert into DETALLE_REPARACIONES (COD,RPO_COD,MPO_ID,DPA_MCO_ID,DPA_PZA_COD,COSTO,REALIZADO) values ('2','74','5',null,null,'1500','S');
Insert into DETALLE_REPARACIONES (COD,RPO_COD,MPO_ID,DPA_MCO_ID,DPA_PZA_COD,COSTO,REALIZADO) values ('1','84','4',null,null,'2000','S');
Insert into DETALLE_REPARACIONES (COD,RPO_COD,MPO_ID,DPA_MCO_ID,DPA_PZA_COD,COSTO,REALIZADO) values ('2','84','5',null,null,'1500','S');
Insert into DETALLE_REPARACIONES (COD,RPO_COD,MPO_ID,DPA_MCO_ID,DPA_PZA_COD,COSTO,REALIZADO) values ('1','94','4',null,null,'2000','S');
Insert into DETALLE_REPARACIONES (COD,RPO_COD,MPO_ID,DPA_MCO_ID,DPA_PZA_COD,COSTO,REALIZADO) values ('2','94','5',null,null,'1500','S');
Insert into DETALLE_REPARACIONES (COD,RPO_COD,MPO_ID,DPA_MCO_ID,DPA_PZA_COD,COSTO,REALIZADO) values ('1','11','4',null,null,'2000','S');
Insert into DETALLE_REPARACIONES (COD,RPO_COD,MPO_ID,DPA_MCO_ID,DPA_PZA_COD,COSTO,REALIZADO) values ('2','11','5',null,null,'1500','S');
Insert into DETALLE_REPARACIONES (COD,RPO_COD,MPO_ID,DPA_MCO_ID,DPA_PZA_COD,COSTO,REALIZADO) values ('1','21','4',null,null,'2000','S');
Insert into DETALLE_REPARACIONES (COD,RPO_COD,MPO_ID,DPA_MCO_ID,DPA_PZA_COD,COSTO,REALIZADO) values ('2','21','5',null,null,'1500','S');
Insert into DETALLE_REPARACIONES (COD,RPO_COD,MPO_ID,DPA_MCO_ID,DPA_PZA_COD,COSTO,REALIZADO) values ('1','31','4',null,null,'2000','S');
Insert into DETALLE_REPARACIONES (COD,RPO_COD,MPO_ID,DPA_MCO_ID,DPA_PZA_COD,COSTO,REALIZADO) values ('2','31','5',null,null,'1500','S');
Insert into DETALLE_REPARACIONES (COD,RPO_COD,MPO_ID,DPA_MCO_ID,DPA_PZA_COD,COSTO,REALIZADO) values ('1','41','4',null,null,'2000','S');
Insert into DETALLE_REPARACIONES (COD,RPO_COD,MPO_ID,DPA_MCO_ID,DPA_PZA_COD,COSTO,REALIZADO) values ('2','41','5',null,null,'1500','S');
Insert into DETALLE_REPARACIONES (COD,RPO_COD,MPO_ID,DPA_MCO_ID,DPA_PZA_COD,COSTO,REALIZADO) values ('1','51','4',null,null,'2000','S');
Insert into DETALLE_REPARACIONES (COD,RPO_COD,MPO_ID,DPA_MCO_ID,DPA_PZA_COD,COSTO,REALIZADO) values ('2','51','5',null,null,'1500','S');
Insert into DETALLE_REPARACIONES (COD,RPO_COD,MPO_ID,DPA_MCO_ID,DPA_PZA_COD,COSTO,REALIZADO) values ('1','61','4',null,null,'2000','S');
Insert into DETALLE_REPARACIONES (COD,RPO_COD,MPO_ID,DPA_MCO_ID,DPA_PZA_COD,COSTO,REALIZADO) values ('2','61','5',null,null,'1500','S');
Insert into DETALLE_REPARACIONES (COD,RPO_COD,MPO_ID,DPA_MCO_ID,DPA_PZA_COD,COSTO,REALIZADO) values ('1','71','4',null,null,'2000','S');
Insert into DETALLE_REPARACIONES (COD,RPO_COD,MPO_ID,DPA_MCO_ID,DPA_PZA_COD,COSTO,REALIZADO) values ('2','71','5',null,null,'1500','S');
Insert into DETALLE_REPARACIONES (COD,RPO_COD,MPO_ID,DPA_MCO_ID,DPA_PZA_COD,COSTO,REALIZADO) values ('1','81','4',null,null,'2000','S');
Insert into DETALLE_REPARACIONES (COD,RPO_COD,MPO_ID,DPA_MCO_ID,DPA_PZA_COD,COSTO,REALIZADO) values ('2','81','5',null,null,'1500','S');
Insert into DETALLE_REPARACIONES (COD,RPO_COD,MPO_ID,DPA_MCO_ID,DPA_PZA_COD,COSTO,REALIZADO) values ('1','91','4',null,null,'2000','S');
Insert into DETALLE_REPARACIONES (COD,RPO_COD,MPO_ID,DPA_MCO_ID,DPA_PZA_COD,COSTO,REALIZADO) values ('2','91','5',null,null,'1500','S');
Insert into DETALLE_REPARACIONES (COD,RPO_COD,MPO_ID,DPA_MCO_ID,DPA_PZA_COD,COSTO,REALIZADO) values ('1','6',null,'2','4','5000','S');
Insert into DETALLE_REPARACIONES (COD,RPO_COD,MPO_ID,DPA_MCO_ID,DPA_PZA_COD,COSTO,REALIZADO) values ('2','6',null,'2','5','3000','S');
Insert into DETALLE_REPARACIONES (COD,RPO_COD,MPO_ID,DPA_MCO_ID,DPA_PZA_COD,COSTO,REALIZADO) values ('3','6',null,'2','6','7000','S');
Insert into DETALLE_REPARACIONES (COD,RPO_COD,MPO_ID,DPA_MCO_ID,DPA_PZA_COD,COSTO,REALIZADO) values ('4','6',null,'2','7','2000','S');
Insert into DETALLE_REPARACIONES (COD,RPO_COD,MPO_ID,DPA_MCO_ID,DPA_PZA_COD,COSTO,REALIZADO) values ('5','6',null,'1','4','4370','S');
Insert into DETALLE_REPARACIONES (COD,RPO_COD,MPO_ID,DPA_MCO_ID,DPA_PZA_COD,COSTO,REALIZADO) values ('6','6',null,'1','5','7860','S');
Insert into DETALLE_REPARACIONES (COD,RPO_COD,MPO_ID,DPA_MCO_ID,DPA_PZA_COD,COSTO,REALIZADO) values ('7','6',null,'1','6','9200','S');
Insert into DETALLE_REPARACIONES (COD,RPO_COD,MPO_ID,DPA_MCO_ID,DPA_PZA_COD,COSTO,REALIZADO) values ('8','6',null,'1','7','2678','S');
Insert into DETALLE_REPARACIONES (COD,RPO_COD,MPO_ID,DPA_MCO_ID,DPA_PZA_COD,COSTO,REALIZADO) values ('1','16',null,'2','4','5000','S');
Insert into DETALLE_REPARACIONES (COD,RPO_COD,MPO_ID,DPA_MCO_ID,DPA_PZA_COD,COSTO,REALIZADO) values ('2','16',null,'2','5','3000','S');
Insert into DETALLE_REPARACIONES (COD,RPO_COD,MPO_ID,DPA_MCO_ID,DPA_PZA_COD,COSTO,REALIZADO) values ('3','16',null,'2','6','7000','S');
Insert into DETALLE_REPARACIONES (COD,RPO_COD,MPO_ID,DPA_MCO_ID,DPA_PZA_COD,COSTO,REALIZADO) values ('4','16',null,'2','7','2000','S');
Insert into DETALLE_REPARACIONES (COD,RPO_COD,MPO_ID,DPA_MCO_ID,DPA_PZA_COD,COSTO,REALIZADO) values ('5','16',null,'1','4','4370','S');
Insert into DETALLE_REPARACIONES (COD,RPO_COD,MPO_ID,DPA_MCO_ID,DPA_PZA_COD,COSTO,REALIZADO) values ('6','16',null,'1','5','7860','S');
Insert into DETALLE_REPARACIONES (COD,RPO_COD,MPO_ID,DPA_MCO_ID,DPA_PZA_COD,COSTO,REALIZADO) values ('7','16',null,'1','6','9200','S');
Insert into DETALLE_REPARACIONES (COD,RPO_COD,MPO_ID,DPA_MCO_ID,DPA_PZA_COD,COSTO,REALIZADO) values ('8','16',null,'1','7','2678','S');
Insert into DETALLE_REPARACIONES (COD,RPO_COD,MPO_ID,DPA_MCO_ID,DPA_PZA_COD,COSTO,REALIZADO) values ('1','26',null,'2','4','5000','S');
Insert into DETALLE_REPARACIONES (COD,RPO_COD,MPO_ID,DPA_MCO_ID,DPA_PZA_COD,COSTO,REALIZADO) values ('2','26',null,'2','5','3000','S');
Insert into DETALLE_REPARACIONES (COD,RPO_COD,MPO_ID,DPA_MCO_ID,DPA_PZA_COD,COSTO,REALIZADO) values ('3','26',null,'2','6','7000','S');
Insert into DETALLE_REPARACIONES (COD,RPO_COD,MPO_ID,DPA_MCO_ID,DPA_PZA_COD,COSTO,REALIZADO) values ('4','26',null,'2','7','2000','S');
Insert into DETALLE_REPARACIONES (COD,RPO_COD,MPO_ID,DPA_MCO_ID,DPA_PZA_COD,COSTO,REALIZADO) values ('5','26',null,'1','4','4370','S');
Insert into DETALLE_REPARACIONES (COD,RPO_COD,MPO_ID,DPA_MCO_ID,DPA_PZA_COD,COSTO,REALIZADO) values ('6','26',null,'1','5','7860','S');
Insert into DETALLE_REPARACIONES (COD,RPO_COD,MPO_ID,DPA_MCO_ID,DPA_PZA_COD,COSTO,REALIZADO) values ('7','26',null,'1','6','9200','S');
Insert into DETALLE_REPARACIONES (COD,RPO_COD,MPO_ID,DPA_MCO_ID,DPA_PZA_COD,COSTO,REALIZADO) values ('8','26',null,'1','7','2678','S');
Insert into DETALLE_REPARACIONES (COD,RPO_COD,MPO_ID,DPA_MCO_ID,DPA_PZA_COD,COSTO,REALIZADO) values ('1','36',null,'2','4','5000','S');
Insert into DETALLE_REPARACIONES (COD,RPO_COD,MPO_ID,DPA_MCO_ID,DPA_PZA_COD,COSTO,REALIZADO) values ('2','36',null,'2','5','3000','S');
Insert into DETALLE_REPARACIONES (COD,RPO_COD,MPO_ID,DPA_MCO_ID,DPA_PZA_COD,COSTO,REALIZADO) values ('3','36',null,'2','6','7000','S');
Insert into DETALLE_REPARACIONES (COD,RPO_COD,MPO_ID,DPA_MCO_ID,DPA_PZA_COD,COSTO,REALIZADO) values ('4','36',null,'2','7','2000','S');
Insert into DETALLE_REPARACIONES (COD,RPO_COD,MPO_ID,DPA_MCO_ID,DPA_PZA_COD,COSTO,REALIZADO) values ('5','36',null,'1','4','4370','S');
Insert into DETALLE_REPARACIONES (COD,RPO_COD,MPO_ID,DPA_MCO_ID,DPA_PZA_COD,COSTO,REALIZADO) values ('6','36',null,'1','5','7860','S');
Insert into DETALLE_REPARACIONES (COD,RPO_COD,MPO_ID,DPA_MCO_ID,DPA_PZA_COD,COSTO,REALIZADO) values ('7','36',null,'1','6','9200','S');
Insert into DETALLE_REPARACIONES (COD,RPO_COD,MPO_ID,DPA_MCO_ID,DPA_PZA_COD,COSTO,REALIZADO) values ('8','36',null,'1','7','2678','S');
Insert into DETALLE_REPARACIONES (COD,RPO_COD,MPO_ID,DPA_MCO_ID,DPA_PZA_COD,COSTO,REALIZADO) values ('1','46',null,'2','4','5000','S');
Insert into DETALLE_REPARACIONES (COD,RPO_COD,MPO_ID,DPA_MCO_ID,DPA_PZA_COD,COSTO,REALIZADO) values ('2','46',null,'2','5','3000','S');
Insert into DETALLE_REPARACIONES (COD,RPO_COD,MPO_ID,DPA_MCO_ID,DPA_PZA_COD,COSTO,REALIZADO) values ('3','46',null,'2','6','7000','S');
Insert into DETALLE_REPARACIONES (COD,RPO_COD,MPO_ID,DPA_MCO_ID,DPA_PZA_COD,COSTO,REALIZADO) values ('4','46',null,'2','7','2000','S');
Insert into DETALLE_REPARACIONES (COD,RPO_COD,MPO_ID,DPA_MCO_ID,DPA_PZA_COD,COSTO,REALIZADO) values ('5','46',null,'1','4','4370','S');
Insert into DETALLE_REPARACIONES (COD,RPO_COD,MPO_ID,DPA_MCO_ID,DPA_PZA_COD,COSTO,REALIZADO) values ('6','46',null,'1','5','7860','S');
Insert into DETALLE_REPARACIONES (COD,RPO_COD,MPO_ID,DPA_MCO_ID,DPA_PZA_COD,COSTO,REALIZADO) values ('7','46',null,'1','6','9200','S');
Insert into DETALLE_REPARACIONES (COD,RPO_COD,MPO_ID,DPA_MCO_ID,DPA_PZA_COD,COSTO,REALIZADO) values ('8','46',null,'1','7','2678','S');
Insert into DETALLE_REPARACIONES (COD,RPO_COD,MPO_ID,DPA_MCO_ID,DPA_PZA_COD,COSTO,REALIZADO) values ('1','56',null,'2','4','5000','S');
Insert into DETALLE_REPARACIONES (COD,RPO_COD,MPO_ID,DPA_MCO_ID,DPA_PZA_COD,COSTO,REALIZADO) values ('2','56',null,'2','5','3000','S');
Insert into DETALLE_REPARACIONES (COD,RPO_COD,MPO_ID,DPA_MCO_ID,DPA_PZA_COD,COSTO,REALIZADO) values ('3','56',null,'2','6','7000','S');
Insert into DETALLE_REPARACIONES (COD,RPO_COD,MPO_ID,DPA_MCO_ID,DPA_PZA_COD,COSTO,REALIZADO) values ('4','56',null,'2','7','2000','S');
Insert into DETALLE_REPARACIONES (COD,RPO_COD,MPO_ID,DPA_MCO_ID,DPA_PZA_COD,COSTO,REALIZADO) values ('5','56',null,'1','4','4370','S');
Insert into DETALLE_REPARACIONES (COD,RPO_COD,MPO_ID,DPA_MCO_ID,DPA_PZA_COD,COSTO,REALIZADO) values ('6','56',null,'1','5','7860','S');
Insert into DETALLE_REPARACIONES (COD,RPO_COD,MPO_ID,DPA_MCO_ID,DPA_PZA_COD,COSTO,REALIZADO) values ('7','56',null,'1','6','9200','S');
Insert into DETALLE_REPARACIONES (COD,RPO_COD,MPO_ID,DPA_MCO_ID,DPA_PZA_COD,COSTO,REALIZADO) values ('8','56',null,'1','7','2678','S');
Insert into DETALLE_REPARACIONES (COD,RPO_COD,MPO_ID,DPA_MCO_ID,DPA_PZA_COD,COSTO,REALIZADO) values ('1','66',null,'2','4','5000','S');
Insert into DETALLE_REPARACIONES (COD,RPO_COD,MPO_ID,DPA_MCO_ID,DPA_PZA_COD,COSTO,REALIZADO) values ('2','66',null,'2','5','3000','S');
Insert into DETALLE_REPARACIONES (COD,RPO_COD,MPO_ID,DPA_MCO_ID,DPA_PZA_COD,COSTO,REALIZADO) values ('3','66',null,'2','6','7000','S');
Insert into DETALLE_REPARACIONES (COD,RPO_COD,MPO_ID,DPA_MCO_ID,DPA_PZA_COD,COSTO,REALIZADO) values ('4','66',null,'2','7','2000','S');
Insert into DETALLE_REPARACIONES (COD,RPO_COD,MPO_ID,DPA_MCO_ID,DPA_PZA_COD,COSTO,REALIZADO) values ('5','66',null,'1','4','4370','S');
Insert into DETALLE_REPARACIONES (COD,RPO_COD,MPO_ID,DPA_MCO_ID,DPA_PZA_COD,COSTO,REALIZADO) values ('6','66',null,'1','5','7860','S');
Insert into DETALLE_REPARACIONES (COD,RPO_COD,MPO_ID,DPA_MCO_ID,DPA_PZA_COD,COSTO,REALIZADO) values ('7','66',null,'1','6','9200','S');
Insert into DETALLE_REPARACIONES (COD,RPO_COD,MPO_ID,DPA_MCO_ID,DPA_PZA_COD,COSTO,REALIZADO) values ('8','66',null,'1','7','2678','S');
Insert into DETALLE_REPARACIONES (COD,RPO_COD,MPO_ID,DPA_MCO_ID,DPA_PZA_COD,COSTO,REALIZADO) values ('1','76',null,'2','4','5000','S');
Insert into DETALLE_REPARACIONES (COD,RPO_COD,MPO_ID,DPA_MCO_ID,DPA_PZA_COD,COSTO,REALIZADO) values ('2','76',null,'2','5','3000','S');
Insert into DETALLE_REPARACIONES (COD,RPO_COD,MPO_ID,DPA_MCO_ID,DPA_PZA_COD,COSTO,REALIZADO) values ('3','76',null,'2','6','7000','S');
Insert into DETALLE_REPARACIONES (COD,RPO_COD,MPO_ID,DPA_MCO_ID,DPA_PZA_COD,COSTO,REALIZADO) values ('4','76',null,'2','7','2000','S');
Insert into DETALLE_REPARACIONES (COD,RPO_COD,MPO_ID,DPA_MCO_ID,DPA_PZA_COD,COSTO,REALIZADO) values ('5','76',null,'1','4','4370','S');
Insert into DETALLE_REPARACIONES (COD,RPO_COD,MPO_ID,DPA_MCO_ID,DPA_PZA_COD,COSTO,REALIZADO) values ('6','76',null,'1','5','7860','S');
Insert into DETALLE_REPARACIONES (COD,RPO_COD,MPO_ID,DPA_MCO_ID,DPA_PZA_COD,COSTO,REALIZADO) values ('7','76',null,'1','6','9200','S');
Insert into DETALLE_REPARACIONES (COD,RPO_COD,MPO_ID,DPA_MCO_ID,DPA_PZA_COD,COSTO,REALIZADO) values ('8','76',null,'1','7','2678','S');
Insert into DETALLE_REPARACIONES (COD,RPO_COD,MPO_ID,DPA_MCO_ID,DPA_PZA_COD,COSTO,REALIZADO) values ('1','86',null,'2','4','5000','S');
Insert into DETALLE_REPARACIONES (COD,RPO_COD,MPO_ID,DPA_MCO_ID,DPA_PZA_COD,COSTO,REALIZADO) values ('2','86',null,'2','5','3000','S');
Insert into DETALLE_REPARACIONES (COD,RPO_COD,MPO_ID,DPA_MCO_ID,DPA_PZA_COD,COSTO,REALIZADO) values ('3','86',null,'2','6','7000','S');
Insert into DETALLE_REPARACIONES (COD,RPO_COD,MPO_ID,DPA_MCO_ID,DPA_PZA_COD,COSTO,REALIZADO) values ('4','86',null,'2','7','2000','S');
Insert into DETALLE_REPARACIONES (COD,RPO_COD,MPO_ID,DPA_MCO_ID,DPA_PZA_COD,COSTO,REALIZADO) values ('5','86',null,'1','4','4370','S');
Insert into DETALLE_REPARACIONES (COD,RPO_COD,MPO_ID,DPA_MCO_ID,DPA_PZA_COD,COSTO,REALIZADO) values ('6','86',null,'1','5','7860','S');
Insert into DETALLE_REPARACIONES (COD,RPO_COD,MPO_ID,DPA_MCO_ID,DPA_PZA_COD,COSTO,REALIZADO) values ('7','86',null,'1','6','9200','S');
Insert into DETALLE_REPARACIONES (COD,RPO_COD,MPO_ID,DPA_MCO_ID,DPA_PZA_COD,COSTO,REALIZADO) values ('8','86',null,'1','7','2678','S');
Insert into DETALLE_REPARACIONES (COD,RPO_COD,MPO_ID,DPA_MCO_ID,DPA_PZA_COD,COSTO,REALIZADO) values ('1','96',null,'2','4','5000','S');
Insert into DETALLE_REPARACIONES (COD,RPO_COD,MPO_ID,DPA_MCO_ID,DPA_PZA_COD,COSTO,REALIZADO) values ('2','96',null,'2','5','3000','S');
Insert into DETALLE_REPARACIONES (COD,RPO_COD,MPO_ID,DPA_MCO_ID,DPA_PZA_COD,COSTO,REALIZADO) values ('3','96',null,'2','6','7000','S');
Insert into DETALLE_REPARACIONES (COD,RPO_COD,MPO_ID,DPA_MCO_ID,DPA_PZA_COD,COSTO,REALIZADO) values ('4','96',null,'2','7','2000','S');
Insert into DETALLE_REPARACIONES (COD,RPO_COD,MPO_ID,DPA_MCO_ID,DPA_PZA_COD,COSTO,REALIZADO) values ('5','96',null,'1','4','4370','S');
Insert into DETALLE_REPARACIONES (COD,RPO_COD,MPO_ID,DPA_MCO_ID,DPA_PZA_COD,COSTO,REALIZADO) values ('6','96',null,'1','5','7860','S');
Insert into DETALLE_REPARACIONES (COD,RPO_COD,MPO_ID,DPA_MCO_ID,DPA_PZA_COD,COSTO,REALIZADO) values ('7','96',null,'1','6','9200','S');
Insert into DETALLE_REPARACIONES (COD,RPO_COD,MPO_ID,DPA_MCO_ID,DPA_PZA_COD,COSTO,REALIZADO) values ('8','96',null,'1','7','2678','S');
Insert into DETALLE_REPARACIONES (COD,RPO_COD,MPO_ID,DPA_MCO_ID,DPA_PZA_COD,COSTO,REALIZADO) values ('1','97',null,'1','4','5000','S');
Insert into DETALLE_REPARACIONES (COD,RPO_COD,MPO_ID,DPA_MCO_ID,DPA_PZA_COD,COSTO,REALIZADO) values ('2','97',null,'1','5','3000','S');
Insert into DETALLE_REPARACIONES (COD,RPO_COD,MPO_ID,DPA_MCO_ID,DPA_PZA_COD,COSTO,REALIZADO) values ('3','97',null,'2','4','7000','S');
Insert into DETALLE_REPARACIONES (COD,RPO_COD,MPO_ID,DPA_MCO_ID,DPA_PZA_COD,COSTO,REALIZADO) values ('4','97',null,'2','5','2000','S');
Insert into DETALLE_REPARACIONES (COD,RPO_COD,MPO_ID,DPA_MCO_ID,DPA_PZA_COD,COSTO,REALIZADO) values ('1','87',null,'1','4','5000','S');
Insert into DETALLE_REPARACIONES (COD,RPO_COD,MPO_ID,DPA_MCO_ID,DPA_PZA_COD,COSTO,REALIZADO) values ('2','87',null,'1','5','3000','S');
Insert into DETALLE_REPARACIONES (COD,RPO_COD,MPO_ID,DPA_MCO_ID,DPA_PZA_COD,COSTO,REALIZADO) values ('3','87',null,'2','4','7000','S');
Insert into DETALLE_REPARACIONES (COD,RPO_COD,MPO_ID,DPA_MCO_ID,DPA_PZA_COD,COSTO,REALIZADO) values ('4','87',null,'2','5','2000','S');
Insert into DETALLE_REPARACIONES (COD,RPO_COD,MPO_ID,DPA_MCO_ID,DPA_PZA_COD,COSTO,REALIZADO) values ('1','77',null,'1','4','5000','S');
Insert into DETALLE_REPARACIONES (COD,RPO_COD,MPO_ID,DPA_MCO_ID,DPA_PZA_COD,COSTO,REALIZADO) values ('2','77',null,'1','5','3000','S');
Insert into DETALLE_REPARACIONES (COD,RPO_COD,MPO_ID,DPA_MCO_ID,DPA_PZA_COD,COSTO,REALIZADO) values ('3','77',null,'2','4','7000','S');
Insert into DETALLE_REPARACIONES (COD,RPO_COD,MPO_ID,DPA_MCO_ID,DPA_PZA_COD,COSTO,REALIZADO) values ('4','77',null,'2','5','2000','S');
Insert into DETALLE_REPARACIONES (COD,RPO_COD,MPO_ID,DPA_MCO_ID,DPA_PZA_COD,COSTO,REALIZADO) values ('1','67',null,'1','4','5000','S');
Insert into DETALLE_REPARACIONES (COD,RPO_COD,MPO_ID,DPA_MCO_ID,DPA_PZA_COD,COSTO,REALIZADO) values ('2','67',null,'1','5','3000','S');
Insert into DETALLE_REPARACIONES (COD,RPO_COD,MPO_ID,DPA_MCO_ID,DPA_PZA_COD,COSTO,REALIZADO) values ('3','67',null,'2','4','7000','S');
Insert into DETALLE_REPARACIONES (COD,RPO_COD,MPO_ID,DPA_MCO_ID,DPA_PZA_COD,COSTO,REALIZADO) values ('4','67',null,'2','5','2000','S');
Insert into DETALLE_REPARACIONES (COD,RPO_COD,MPO_ID,DPA_MCO_ID,DPA_PZA_COD,COSTO,REALIZADO) values ('1','57',null,'1','4','5000','S');
Insert into DETALLE_REPARACIONES (COD,RPO_COD,MPO_ID,DPA_MCO_ID,DPA_PZA_COD,COSTO,REALIZADO) values ('2','57',null,'1','5','3000','S');
Insert into DETALLE_REPARACIONES (COD,RPO_COD,MPO_ID,DPA_MCO_ID,DPA_PZA_COD,COSTO,REALIZADO) values ('3','57',null,'2','4','7000','S');
Insert into DETALLE_REPARACIONES (COD,RPO_COD,MPO_ID,DPA_MCO_ID,DPA_PZA_COD,COSTO,REALIZADO) values ('4','57',null,'2','5','2000','S');
Insert into DETALLE_REPARACIONES (COD,RPO_COD,MPO_ID,DPA_MCO_ID,DPA_PZA_COD,COSTO,REALIZADO) values ('1','47',null,'1','4','5000','S');
Insert into DETALLE_REPARACIONES (COD,RPO_COD,MPO_ID,DPA_MCO_ID,DPA_PZA_COD,COSTO,REALIZADO) values ('2','47',null,'1','5','3000','S');
Insert into DETALLE_REPARACIONES (COD,RPO_COD,MPO_ID,DPA_MCO_ID,DPA_PZA_COD,COSTO,REALIZADO) values ('3','47',null,'2','4','7000','S');
Insert into DETALLE_REPARACIONES (COD,RPO_COD,MPO_ID,DPA_MCO_ID,DPA_PZA_COD,COSTO,REALIZADO) values ('4','47',null,'2','5','2000','S');
Insert into DETALLE_REPARACIONES (COD,RPO_COD,MPO_ID,DPA_MCO_ID,DPA_PZA_COD,COSTO,REALIZADO) values ('1','37',null,'1','4','5000','S');
Insert into DETALLE_REPARACIONES (COD,RPO_COD,MPO_ID,DPA_MCO_ID,DPA_PZA_COD,COSTO,REALIZADO) values ('2','37',null,'1','5','3000','S');
Insert into DETALLE_REPARACIONES (COD,RPO_COD,MPO_ID,DPA_MCO_ID,DPA_PZA_COD,COSTO,REALIZADO) values ('3','37',null,'2','4','7000','S');
Insert into DETALLE_REPARACIONES (COD,RPO_COD,MPO_ID,DPA_MCO_ID,DPA_PZA_COD,COSTO,REALIZADO) values ('4','37',null,'2','5','2000','S');
Insert into DETALLE_REPARACIONES (COD,RPO_COD,MPO_ID,DPA_MCO_ID,DPA_PZA_COD,COSTO,REALIZADO) values ('1','27',null,'1','4','5000','S');
Insert into DETALLE_REPARACIONES (COD,RPO_COD,MPO_ID,DPA_MCO_ID,DPA_PZA_COD,COSTO,REALIZADO) values ('2','27',null,'1','5','3000','S');
Insert into DETALLE_REPARACIONES (COD,RPO_COD,MPO_ID,DPA_MCO_ID,DPA_PZA_COD,COSTO,REALIZADO) values ('3','27',null,'2','4','7000','S');
Insert into DETALLE_REPARACIONES (COD,RPO_COD,MPO_ID,DPA_MCO_ID,DPA_PZA_COD,COSTO,REALIZADO) values ('4','27',null,'2','5','2000','S');
Insert into DETALLE_REPARACIONES (COD,RPO_COD,MPO_ID,DPA_MCO_ID,DPA_PZA_COD,COSTO,REALIZADO) values ('1','17',null,'1','4','5000','S');
Insert into DETALLE_REPARACIONES (COD,RPO_COD,MPO_ID,DPA_MCO_ID,DPA_PZA_COD,COSTO,REALIZADO) values ('2','17',null,'1','5','3000','S');
Insert into DETALLE_REPARACIONES (COD,RPO_COD,MPO_ID,DPA_MCO_ID,DPA_PZA_COD,COSTO,REALIZADO) values ('3','17',null,'2','4','7000','S');
Insert into DETALLE_REPARACIONES (COD,RPO_COD,MPO_ID,DPA_MCO_ID,DPA_PZA_COD,COSTO,REALIZADO) values ('4','17',null,'2','5','2000','S');
Insert into DETALLE_REPARACIONES (COD,RPO_COD,MPO_ID,DPA_MCO_ID,DPA_PZA_COD,COSTO,REALIZADO) values ('1','7',null,'1','4','5000','S');
Insert into DETALLE_REPARACIONES (COD,RPO_COD,MPO_ID,DPA_MCO_ID,DPA_PZA_COD,COSTO,REALIZADO) values ('2','7',null,'1','5','3000','S');
Insert into DETALLE_REPARACIONES (COD,RPO_COD,MPO_ID,DPA_MCO_ID,DPA_PZA_COD,COSTO,REALIZADO) values ('3','7',null,'2','4','7000','S');
Insert into DETALLE_REPARACIONES (COD,RPO_COD,MPO_ID,DPA_MCO_ID,DPA_PZA_COD,COSTO,REALIZADO) values ('4','7',null,'2','5','2000','S');
Insert into DETALLE_REPARACIONES (COD,RPO_COD,MPO_ID,DPA_MCO_ID,DPA_PZA_COD,COSTO,REALIZADO) values ('1','8','7',null,null,'5500','S');
Insert into DETALLE_REPARACIONES (COD,RPO_COD,MPO_ID,DPA_MCO_ID,DPA_PZA_COD,COSTO,REALIZADO) values ('1','18','7',null,null,'5500','S');
Insert into DETALLE_REPARACIONES (COD,RPO_COD,MPO_ID,DPA_MCO_ID,DPA_PZA_COD,COSTO,REALIZADO) values ('1','28','7',null,null,'5500','S');
Insert into DETALLE_REPARACIONES (COD,RPO_COD,MPO_ID,DPA_MCO_ID,DPA_PZA_COD,COSTO,REALIZADO) values ('1','38','7',null,null,'5500','S');
--------------------------------------------------------
--  DDL for Index VEHICULOS_PK
--------------------------------------------------------

  CREATE UNIQUE INDEX "VEHICULOS_PK" ON "VEHICULOS" ("SERIAL") 
  ;
--------------------------------------------------------
--  DDL for Index DETALLE_PIEZAS_PK
--------------------------------------------------------

  CREATE UNIQUE INDEX "DETALLE_PIEZAS_PK" ON "DETALLE_PIEZAS" ("MCO_ID", "PZA_COD") 
  ;
--------------------------------------------------------
--  DDL for Index PIEZAS_PK
--------------------------------------------------------

  CREATE UNIQUE INDEX "PIEZAS_PK" ON "PIEZAS" ("COD") 
  ;
--------------------------------------------------------
--  DDL for Index MANTENIMIENTO_PLANIFICADO_PK
--------------------------------------------------------

  CREATE UNIQUE INDEX "MANTENIMIENTO_PLANIFICADO_PK" ON "MANTENIMIENTO_PLANIFICADOS" ("ID") 
  ;
--------------------------------------------------------
--  DDL for Index MODELOS_PK
--------------------------------------------------------

  CREATE UNIQUE INDEX "MODELOS_PK" ON "MODELOS" ("COD") 
  ;
--------------------------------------------------------
--  DDL for Index REPARACIONES_PK
--------------------------------------------------------

  CREATE UNIQUE INDEX "REPARACIONES_PK" ON "REPARACIONES" ("COD") 
  ;
--------------------------------------------------------
--  DDL for Index MANTENIMIENTO_CORRECTIVOS_PK
--------------------------------------------------------

  CREATE UNIQUE INDEX "MANTENIMIENTO_CORRECTIVOS_PK" ON "MANTENIMIENTO_CORRECTIVOS" ("ID") 
  ;
--------------------------------------------------------
--  DDL for Index DETALLE_REPARACIONES_PK
--------------------------------------------------------

  CREATE UNIQUE INDEX "DETALLE_REPARACIONES_PK" ON "DETALLE_REPARACIONES" ("COD", "RPO_COD") 
  ;
--------------------------------------------------------
--  Constraints for Table VEHICULOS
--------------------------------------------------------

  ALTER TABLE "VEHICULOS" ADD CONSTRAINT "VEHICULOS_PK" PRIMARY KEY ("SERIAL") ENABLE;
  ALTER TABLE "VEHICULOS" MODIFY ("MDO_COD" NOT NULL ENABLE);
  ALTER TABLE "VEHICULOS" MODIFY ("COLOR" NOT NULL ENABLE);
  ALTER TABLE "VEHICULOS" MODIFY ("FECHA_C" NOT NULL ENABLE);
  ALTER TABLE "VEHICULOS" MODIFY ("SEXO" NOT NULL ENABLE);
  ALTER TABLE "VEHICULOS" MODIFY ("PROPIETARIO" NOT NULL ENABLE);
  ALTER TABLE "VEHICULOS" MODIFY ("PLACA" NOT NULL ENABLE);
  ALTER TABLE "VEHICULOS" MODIFY ("SERIAL" NOT NULL ENABLE);
--------------------------------------------------------
--  Constraints for Table DETALLE_PIEZAS
--------------------------------------------------------

  ALTER TABLE "DETALLE_PIEZAS" MODIFY ("PZA_COD" NOT NULL ENABLE);
  ALTER TABLE "DETALLE_PIEZAS" MODIFY ("MCO_ID" NOT NULL ENABLE);
  ALTER TABLE "DETALLE_PIEZAS" MODIFY ("COSTO" NOT NULL ENABLE);
  ALTER TABLE "DETALLE_PIEZAS" ADD CONSTRAINT "DETALLE_PIEZAS_PK" PRIMARY KEY ("MCO_ID", "PZA_COD") ENABLE;
--------------------------------------------------------
--  Constraints for Table PIEZAS
--------------------------------------------------------

  ALTER TABLE "PIEZAS" MODIFY ("NOMBRE" NOT NULL ENABLE);
  ALTER TABLE "PIEZAS" MODIFY ("COD" NOT NULL ENABLE);
  ALTER TABLE "PIEZAS" ADD CONSTRAINT "PIEZAS_PK" PRIMARY KEY ("COD") ENABLE;
--------------------------------------------------------
--  Constraints for Table MANTENIMIENTO_PLANIFICADOS
--------------------------------------------------------

  ALTER TABLE "MANTENIMIENTO_PLANIFICADOS" MODIFY ("COSTO" NOT NULL ENABLE);
  ALTER TABLE "MANTENIMIENTO_PLANIFICADOS" MODIFY ("KM_FREC" NOT NULL ENABLE);
  ALTER TABLE "MANTENIMIENTO_PLANIFICADOS" MODIFY ("DESCRIPCION" NOT NULL ENABLE);
  ALTER TABLE "MANTENIMIENTO_PLANIFICADOS" MODIFY ("ID" NOT NULL ENABLE);
  ALTER TABLE "MANTENIMIENTO_PLANIFICADOS" ADD CONSTRAINT "MANTENIMIENTO_PLANIFICADO_PK" PRIMARY KEY ("ID") ENABLE;
--------------------------------------------------------
--  Constraints for Table MODELOS
--------------------------------------------------------

  ALTER TABLE "MODELOS" MODIFY ("COD" NOT NULL ENABLE);
  ALTER TABLE "MODELOS" ADD CONSTRAINT "MODELOS_PK" PRIMARY KEY ("COD") ENABLE;
--------------------------------------------------------
--  Constraints for Table REPARACIONES
--------------------------------------------------------

  ALTER TABLE "REPARACIONES" MODIFY ("KM" NOT NULL ENABLE);
  ALTER TABLE "REPARACIONES" MODIFY ("VHO_SERIAL" NOT NULL ENABLE);
  ALTER TABLE "REPARACIONES" MODIFY ("FECHA_R" NOT NULL ENABLE);
  ALTER TABLE "REPARACIONES" MODIFY ("COD" NOT NULL ENABLE);
  ALTER TABLE "REPARACIONES" ADD CONSTRAINT "REPARACIONES_PK" PRIMARY KEY ("COD") ENABLE;
--------------------------------------------------------
--  Constraints for Table MANTENIMIENTO_CORRECTIVOS
--------------------------------------------------------

  ALTER TABLE "MANTENIMIENTO_CORRECTIVOS" MODIFY ("DESCRIPCION" NOT NULL ENABLE);
  ALTER TABLE "MANTENIMIENTO_CORRECTIVOS" MODIFY ("ID" NOT NULL ENABLE);
  ALTER TABLE "MANTENIMIENTO_CORRECTIVOS" ADD CONSTRAINT "MANTENIMIENTO_CORRECTIVOS_PK" PRIMARY KEY ("ID") ENABLE;
--------------------------------------------------------
--  Constraints for Table DETALLE_REPARACIONES
--------------------------------------------------------

  ALTER TABLE "DETALLE_REPARACIONES" MODIFY ("COSTO" NOT NULL ENABLE);
  ALTER TABLE "DETALLE_REPARACIONES" MODIFY ("RPO_COD" NOT NULL ENABLE);
  ALTER TABLE "DETALLE_REPARACIONES" MODIFY ("COD" NOT NULL ENABLE);
  ALTER TABLE "DETALLE_REPARACIONES" ADD CONSTRAINT "DETALLE_REPARACIONES_PK" PRIMARY KEY ("COD", "RPO_COD") ENABLE;
--------------------------------------------------------
--  Ref Constraints for Table VEHICULOS
--------------------------------------------------------

  ALTER TABLE "VEHICULOS" ADD CONSTRAINT "VEHICULOS_MODELOS_FK1" FOREIGN KEY ("MDO_COD")
	  REFERENCES "MODELOS" ("COD") ENABLE;
--------------------------------------------------------
--  Ref Constraints for Table DETALLE_PIEZAS
--------------------------------------------------------

  ALTER TABLE "DETALLE_PIEZAS" ADD CONSTRAINT "DETALLE_PIEZAS_MANTENIMIE_FK1" FOREIGN KEY ("MCO_ID")
	  REFERENCES "MANTENIMIENTO_CORRECTIVOS" ("ID") ENABLE;
  ALTER TABLE "DETALLE_PIEZAS" ADD CONSTRAINT "DETALLE_PIEZAS_PIEZAS_FK1" FOREIGN KEY ("PZA_COD")
	  REFERENCES "PIEZAS" ("COD") ENABLE;
--------------------------------------------------------
--  Ref Constraints for Table REPARACIONES
--------------------------------------------------------

  ALTER TABLE "REPARACIONES" ADD CONSTRAINT "REPARACIONES_VEHICULOS_FK1" FOREIGN KEY ("VHO_SERIAL")
	  REFERENCES "VEHICULOS" ("SERIAL") ENABLE;
--------------------------------------------------------
--  Ref Constraints for Table DETALLE_REPARACIONES
--------------------------------------------------------

  ALTER TABLE "DETALLE_REPARACIONES" ADD CONSTRAINT "DETALLE_REPARACIONES_DETA_FK1" FOREIGN KEY ("DPA_MCO_ID", "DPA_PZA_COD")
	  REFERENCES "DETALLE_PIEZAS" ("MCO_ID", "PZA_COD") ENABLE;
  ALTER TABLE "DETALLE_REPARACIONES" ADD CONSTRAINT "DETALLE_REPARACIONES_MANT_FK1" FOREIGN KEY ("MPO_ID")
	  REFERENCES "MANTENIMIENTO_PLANIFICADOS" ("ID") ENABLE;
  ALTER TABLE "DETALLE_REPARACIONES" ADD CONSTRAINT "DETALLE_REPARACIONES_REPA_FK1" FOREIGN KEY ("RPO_COD")
	  REFERENCES "REPARACIONES" ("COD") ENABLE;
