--------------------------------------------------------
-- Archivo creado  - jueves-febrero-19-2015   
--------------------------------------------------------
--------------------------------------------------------
--  DDL for Table FABRICANTE
--------------------------------------------------------

  CREATE TABLE "FABRICANTE" ("ID" NUMBER(*,0), "NOMBRE" VARCHAR2(50), "PAIS_ID" NUMBER(*,0)) ;
--------------------------------------------------------
--  DDL for Table OTRO
--------------------------------------------------------

  CREATE TABLE "OTRO" ("ID" NUMBER(*,0), "NOMBRE" VARCHAR2(80), "TIPO" VARCHAR2(20), "COSTO" NUMBER(*,0)) ;
--------------------------------------------------------
--  DDL for Table DESCARGA
--------------------------------------------------------

  CREATE TABLE "DESCARGA" ("FECHA" DATE, "USO_ID" NUMBER(*,0), "VERSION_ID" NUMBER(*,0), "VER_APL_ID" NUMBER(*,0), "OTRO_ID" NUMBER(*,0), "ITEM" NUMBER(*,0), "VALOR" NUMBER(*,0)) ;
--------------------------------------------------------
--  DDL for Table USUARIO
--------------------------------------------------------

  CREATE TABLE "USUARIO" ("ID" NUMBER(*,0), "NOMBRE" VARCHAR2(120), "LOGIN" VARCHAR2(12), "PAIS_ID" NUMBER(*,0)) ;
--------------------------------------------------------
--  DDL for Table APLICACION
--------------------------------------------------------

  CREATE TABLE "APLICACION" ("ID" NUMBER(*,0), "NOMBRE" VARCHAR2(80), "COSTO" NUMBER(*,0), "FBE_ID" NUMBER(*,0)) ;
--------------------------------------------------------
--  DDL for Table PAIS
--------------------------------------------------------

  CREATE TABLE "PAIS" ("ID" NUMBER(*,0), "NOMBRE" VARCHAR2(50)) ;
--------------------------------------------------------
--  DDL for Table VERSION
--------------------------------------------------------

  CREATE TABLE "VERSION" ("ID" NUMBER(*,0), "NUMERO_VERSION" VARCHAR2(20), "APLICACION_ID" NUMBER(*,0)) ;
REM INSERTING into FABRICANTE
SET DEFINE OFF;
Insert into FABRICANTE (ID,NOMBRE,PAIS_ID) values ('1','Rovio Entertainment Ltd. ','1');
Insert into FABRICANTE (ID,NOMBRE,PAIS_ID) values ('2','King','3');
Insert into FABRICANTE (ID,NOMBRE,PAIS_ID) values ('3','Amazon Mobile LLC','2');
Insert into FABRICANTE (ID,NOMBRE,PAIS_ID) values ('4','Youtube','5');
Insert into FABRICANTE (ID,NOMBRE,PAIS_ID) values ('5','Instagram','4');
Insert into FABRICANTE (ID,NOMBRE,PAIS_ID) values ('6','Facebook','2');
Insert into FABRICANTE (ID,NOMBRE,PAIS_ID) values ('7','WhatsApp Inc.','3');
Insert into FABRICANTE (ID,NOMBRE,PAIS_ID) values ('8','DU apps','2');
Insert into FABRICANTE (ID,NOMBRE,PAIS_ID) values ('9','GameLoft','5');
Insert into FABRICANTE (ID,NOMBRE,PAIS_ID) values ('10','SuperCell','5');
Insert into FABRICANTE (ID,NOMBRE,PAIS_ID) values ('11','Twitter','1');
REM INSERTING into OTRO
SET DEFINE OFF;
Insert into OTRO (ID,NOMBRE,TIPO,COSTO) values ('1','La traición de Judas. Juan Ávila. 6to Poder','Libro','24');
Insert into OTRO (ID,NOMBRE,TIPO,COSTO) values ('2','El gran engaño. Pablo Medina. Libros El Nacional','Libro','4');
Insert into OTRO (ID,NOMBRE,TIPO,COSTO) values ('3','3 Rebelión en la granja. George Orwell. Planeta Lector','Libro','30');
Insert into OTRO (ID,NOMBRE,TIPO,COSTO) values ('4','1984. George Orwell. Planeta Lector','Libro','29');
Insert into OTRO (ID,NOMBRE,TIPO,COSTO) values ('5','Inferno. Dan Brown. Planeta','Libro','13');
Insert into OTRO (ID,NOMBRE,TIPO,COSTO) values ('6',' El tiempo entre costuras. María Dueñas. Temas de hoy','Libro','13');
Insert into OTRO (ID,NOMBRE,TIPO,COSTO) values ('7','Los últimos días de Pérez Jiménez. Diego Salazar. Fundación Diego Salazar','Libro','20');
Insert into OTRO (ID,NOMBRE,TIPO,COSTO) values ('8',' I love zombies. César Oropeza. Ediciones B','Libro','3');
Insert into OTRO (ID,NOMBRE,TIPO,COSTO) values ('9','El fabricante de peinetas. Inés Quintero. Editorial Alfa','Libro','15');
Insert into OTRO (ID,NOMBRE,TIPO,COSTO) values ('10',' La herencia de la tribu. Ana Teresa Torres. Editorial Alfa','Libro','24');
Insert into OTRO (ID,NOMBRE,TIPO,COSTO) values ('11','el arte de la guerra','Libro','3');
Insert into OTRO (ID,NOMBRE,TIPO,COSTO) values ('12','la ladrona de libros','Libro','4');
Insert into OTRO (ID,NOMBRE,TIPO,COSTO) values ('13','la teoria del todo','Libro','27');
Insert into OTRO (ID,NOMBRE,TIPO,COSTO) values ('14','correr o morir','Libro','8');
Insert into OTRO (ID,NOMBRE,TIPO,COSTO) values ('15','Como entrenar a tu dragon','Pelicula','31');
Insert into OTRO (ID,NOMBRE,TIPO,COSTO) values ('16','Como entrenar a tu dragon 2','Pelicula','38');
Insert into OTRO (ID,NOMBRE,TIPO,COSTO) values ('17','Titanic','Pelicula','39');
Insert into OTRO (ID,NOMBRE,TIPO,COSTO) values ('18','The Avengers','Pelicula','7');
Insert into OTRO (ID,NOMBRE,TIPO,COSTO) values ('19','Harry Potter y las Reliquias de la Muerte - Parte 2','Pelicula','20');
Insert into OTRO (ID,NOMBRE,TIPO,COSTO) values ('20','Frozen','Pelicula','24');
Insert into OTRO (ID,NOMBRE,TIPO,COSTO) values ('21','Iron Man 3','Pelicula','15');
Insert into OTRO (ID,NOMBRE,TIPO,COSTO) values ('22','Transformers: el lado oscuro de la luna','Pelicula','9');
Insert into OTRO (ID,NOMBRE,TIPO,COSTO) values ('23','El Señor de los Anillos: el retorno del Rey','Pelicula','36');
Insert into OTRO (ID,NOMBRE,TIPO,COSTO) values ('24','Skyfall','Pelicula','15');
Insert into OTRO (ID,NOMBRE,TIPO,COSTO) values ('25','Transformers: Age of Extinction','Pelicula','23');
Insert into OTRO (ID,NOMBRE,TIPO,COSTO) values ('26','The Dark Knight Rises','Pelicula','32');
Insert into OTRO (ID,NOMBRE,TIPO,COSTO) values ('27','Pirates of the Caribbean: Dead Man''s Chest','Pelicula','3');
Insert into OTRO (ID,NOMBRE,TIPO,COSTO) values ('28','Toy Story 3','Pelicula','7');
Insert into OTRO (ID,NOMBRE,TIPO,COSTO) values ('29','Pirates of the Caribbean: On Stranger Tides','Pelicula','20');
Insert into OTRO (ID,NOMBRE,TIPO,COSTO) values ('30','Parque Jurásico','Pelicula','14');
Insert into OTRO (ID,NOMBRE,TIPO,COSTO) values ('31','The Dark Side of the Moon','Musica','36');
Insert into OTRO (ID,NOMBRE,TIPO,COSTO) values ('33','Back in Black','Musica','18');
Insert into OTRO (ID,NOMBRE,TIPO,COSTO) values ('35','The Bodyguard','Musica','17');
Insert into OTRO (ID,NOMBRE,TIPO,COSTO) values ('38','Their Greatest Hits (1971-1975)','Musica','29');
Insert into OTRO (ID,NOMBRE,TIPO,COSTO) values ('39','Rumours','Musica','28');
Insert into OTRO (ID,NOMBRE,TIPO,COSTO) values ('40','Saturday Night Fever','Musica','4');
Insert into OTRO (ID,NOMBRE,TIPO,COSTO) values ('42','El fantasma de la ópera','Musica','18');
Insert into OTRO (ID,NOMBRE,TIPO,COSTO) values ('43','Come on Over','Musica','26');
Insert into OTRO (ID,NOMBRE,TIPO,COSTO) values ('45','Thriller','Musica','18');
Insert into OTRO (ID,NOMBRE,TIPO,COSTO) values ('47','Pink Floyd','Musica','16');
Insert into OTRO (ID,NOMBRE,TIPO,COSTO) values ('49','AC/DC','Musica','37');
REM INSERTING into DESCARGA
SET DEFINE OFF;
Insert into DESCARGA (FECHA,USO_ID,VERSION_ID,VER_APL_ID,OTRO_ID,ITEM,VALOR) values (to_date('18/07/12','DD/MM/RR'),'9','200','28',null,'718','4');
Insert into DESCARGA (FECHA,USO_ID,VERSION_ID,VER_APL_ID,OTRO_ID,ITEM,VALOR) values (to_date('31/08/13','DD/MM/RR'),'27','74','10',null,'719','1');
Insert into DESCARGA (FECHA,USO_ID,VERSION_ID,VER_APL_ID,OTRO_ID,ITEM,VALOR) values (to_date('14/09/12','DD/MM/RR'),'38','201','28',null,'720','1');
Insert into DESCARGA (FECHA,USO_ID,VERSION_ID,VER_APL_ID,OTRO_ID,ITEM,VALOR) values (to_date('26/10/13','DD/MM/RR'),'3','212','29',null,'721','1');
Insert into DESCARGA (FECHA,USO_ID,VERSION_ID,VER_APL_ID,OTRO_ID,ITEM,VALOR) values (to_date('14/08/13','DD/MM/RR'),'18','110','16',null,'722','1');
Insert into DESCARGA (FECHA,USO_ID,VERSION_ID,VER_APL_ID,OTRO_ID,ITEM,VALOR) values (to_date('02/06/14','DD/MM/RR'),'6','162','22',null,'723','3');
Insert into DESCARGA (FECHA,USO_ID,VERSION_ID,VER_APL_ID,OTRO_ID,ITEM,VALOR) values (to_date('18/11/13','DD/MM/RR'),'20','146','20',null,'724','3');
Insert into DESCARGA (FECHA,USO_ID,VERSION_ID,VER_APL_ID,OTRO_ID,ITEM,VALOR) values (to_date('12/07/13','DD/MM/RR'),'9','187','26',null,'725','4');
Insert into DESCARGA (FECHA,USO_ID,VERSION_ID,VER_APL_ID,OTRO_ID,ITEM,VALOR) values (to_date('24/08/13','DD/MM/RR'),'39','58','8',null,'726','1');
Insert into DESCARGA (FECHA,USO_ID,VERSION_ID,VER_APL_ID,OTRO_ID,ITEM,VALOR) values (to_date('21/01/15','DD/MM/RR'),'13','49','7',null,'727','4');
Insert into DESCARGA (FECHA,USO_ID,VERSION_ID,VER_APL_ID,OTRO_ID,ITEM,VALOR) values (to_date('01/06/14','DD/MM/RR'),'27','139','19',null,'728','1');
Insert into DESCARGA (FECHA,USO_ID,VERSION_ID,VER_APL_ID,OTRO_ID,ITEM,VALOR) values (to_date('20/12/13','DD/MM/RR'),'33','183','26',null,'729','4');
Insert into DESCARGA (FECHA,USO_ID,VERSION_ID,VER_APL_ID,OTRO_ID,ITEM,VALOR) values (to_date('12/10/13','DD/MM/RR'),'34','1','1',null,'730','3');
Insert into DESCARGA (FECHA,USO_ID,VERSION_ID,VER_APL_ID,OTRO_ID,ITEM,VALOR) values (to_date('16/12/14','DD/MM/RR'),'2','61','8',null,'731','1');
Insert into DESCARGA (FECHA,USO_ID,VERSION_ID,VER_APL_ID,OTRO_ID,ITEM,VALOR) values (to_date('23/01/14','DD/MM/RR'),'28','116','17',null,'732','4');
Insert into DESCARGA (FECHA,USO_ID,VERSION_ID,VER_APL_ID,OTRO_ID,ITEM,VALOR) values (to_date('16/08/12','DD/MM/RR'),'24','95','13',null,'733','3');
Insert into DESCARGA (FECHA,USO_ID,VERSION_ID,VER_APL_ID,OTRO_ID,ITEM,VALOR) values (to_date('28/02/13','DD/MM/RR'),'28','41','6',null,'734','0');
Insert into DESCARGA (FECHA,USO_ID,VERSION_ID,VER_APL_ID,OTRO_ID,ITEM,VALOR) values (to_date('11/06/14','DD/MM/RR'),'20','95','13',null,'735','2');
Insert into DESCARGA (FECHA,USO_ID,VERSION_ID,VER_APL_ID,OTRO_ID,ITEM,VALOR) values (to_date('15/09/14','DD/MM/RR'),'14','139','19',null,'736','0');
Insert into DESCARGA (FECHA,USO_ID,VERSION_ID,VER_APL_ID,OTRO_ID,ITEM,VALOR) values (to_date('31/07/12','DD/MM/RR'),'25','100','15',null,'737','0');
Insert into DESCARGA (FECHA,USO_ID,VERSION_ID,VER_APL_ID,OTRO_ID,ITEM,VALOR) values (to_date('15/02/14','DD/MM/RR'),'10','85','12',null,'738','0');
Insert into DESCARGA (FECHA,USO_ID,VERSION_ID,VER_APL_ID,OTRO_ID,ITEM,VALOR) values (to_date('28/08/12','DD/MM/RR'),'28','5','2',null,'739','4');
Insert into DESCARGA (FECHA,USO_ID,VERSION_ID,VER_APL_ID,OTRO_ID,ITEM,VALOR) values (to_date('23/11/12','DD/MM/RR'),'10','157','22',null,'740','0');
Insert into DESCARGA (FECHA,USO_ID,VERSION_ID,VER_APL_ID,OTRO_ID,ITEM,VALOR) values (to_date('09/01/14','DD/MM/RR'),'32','38','5',null,'741','0');
Insert into DESCARGA (FECHA,USO_ID,VERSION_ID,VER_APL_ID,OTRO_ID,ITEM,VALOR) values (to_date('05/08/12','DD/MM/RR'),'28','88','13',null,'742','1');
Insert into DESCARGA (FECHA,USO_ID,VERSION_ID,VER_APL_ID,OTRO_ID,ITEM,VALOR) values (to_date('29/05/14','DD/MM/RR'),'7','64','9',null,'743','1');
Insert into DESCARGA (FECHA,USO_ID,VERSION_ID,VER_APL_ID,OTRO_ID,ITEM,VALOR) values (to_date('24/10/13','DD/MM/RR'),'9','114','17',null,'744','4');
Insert into DESCARGA (FECHA,USO_ID,VERSION_ID,VER_APL_ID,OTRO_ID,ITEM,VALOR) values (to_date('11/03/13','DD/MM/RR'),'11','195','28',null,'745','2');
Insert into DESCARGA (FECHA,USO_ID,VERSION_ID,VER_APL_ID,OTRO_ID,ITEM,VALOR) values (to_date('14/08/12','DD/MM/RR'),'5','135','18',null,'746','2');
Insert into DESCARGA (FECHA,USO_ID,VERSION_ID,VER_APL_ID,OTRO_ID,ITEM,VALOR) values (to_date('21/08/13','DD/MM/RR'),'30','13','2',null,'747','1');
Insert into DESCARGA (FECHA,USO_ID,VERSION_ID,VER_APL_ID,OTRO_ID,ITEM,VALOR) values (to_date('17/12/13','DD/MM/RR'),'35','58','8',null,'748','0');
Insert into DESCARGA (FECHA,USO_ID,VERSION_ID,VER_APL_ID,OTRO_ID,ITEM,VALOR) values (to_date('05/06/12','DD/MM/RR'),'17','149','21',null,'749','1');
Insert into DESCARGA (FECHA,USO_ID,VERSION_ID,VER_APL_ID,OTRO_ID,ITEM,VALOR) values (to_date('01/07/14','DD/MM/RR'),'32',null,null,'45','751','4');
Insert into DESCARGA (FECHA,USO_ID,VERSION_ID,VER_APL_ID,OTRO_ID,ITEM,VALOR) values (to_date('18/01/15','DD/MM/RR'),'28',null,null,'26','752','1');
Insert into DESCARGA (FECHA,USO_ID,VERSION_ID,VER_APL_ID,OTRO_ID,ITEM,VALOR) values (to_date('30/05/13','DD/MM/RR'),'39',null,null,'6','753','1');
Insert into DESCARGA (FECHA,USO_ID,VERSION_ID,VER_APL_ID,OTRO_ID,ITEM,VALOR) values (to_date('07/10/14','DD/MM/RR'),'34',null,null,'35','754','4');
Insert into DESCARGA (FECHA,USO_ID,VERSION_ID,VER_APL_ID,OTRO_ID,ITEM,VALOR) values (to_date('28/12/12','DD/MM/RR'),'19',null,null,'33','755','2');
Insert into DESCARGA (FECHA,USO_ID,VERSION_ID,VER_APL_ID,OTRO_ID,ITEM,VALOR) values (to_date('13/12/12','DD/MM/RR'),'32',null,null,'26','756','1');
Insert into DESCARGA (FECHA,USO_ID,VERSION_ID,VER_APL_ID,OTRO_ID,ITEM,VALOR) values (to_date('24/04/14','DD/MM/RR'),'8',null,null,'39','757','2');
Insert into DESCARGA (FECHA,USO_ID,VERSION_ID,VER_APL_ID,OTRO_ID,ITEM,VALOR) values (to_date('21/07/13','DD/MM/RR'),'30',null,null,'47','758','4');
Insert into DESCARGA (FECHA,USO_ID,VERSION_ID,VER_APL_ID,OTRO_ID,ITEM,VALOR) values (to_date('29/05/12','DD/MM/RR'),'9',null,null,'31','759','2');
Insert into DESCARGA (FECHA,USO_ID,VERSION_ID,VER_APL_ID,OTRO_ID,ITEM,VALOR) values (to_date('19/03/14','DD/MM/RR'),'4',null,null,'20','760','5');
Insert into DESCARGA (FECHA,USO_ID,VERSION_ID,VER_APL_ID,OTRO_ID,ITEM,VALOR) values (to_date('21/01/15','DD/MM/RR'),'1',null,null,'25','761','2');
Insert into DESCARGA (FECHA,USO_ID,VERSION_ID,VER_APL_ID,OTRO_ID,ITEM,VALOR) values (to_date('24/06/13','DD/MM/RR'),'25',null,null,'28','762','2');
Insert into DESCARGA (FECHA,USO_ID,VERSION_ID,VER_APL_ID,OTRO_ID,ITEM,VALOR) values (to_date('25/02/14','DD/MM/RR'),'28',null,null,'43','763','3');
Insert into DESCARGA (FECHA,USO_ID,VERSION_ID,VER_APL_ID,OTRO_ID,ITEM,VALOR) values (to_date('05/07/14','DD/MM/RR'),'29',null,null,'5','764','0');
Insert into DESCARGA (FECHA,USO_ID,VERSION_ID,VER_APL_ID,OTRO_ID,ITEM,VALOR) values (to_date('12/05/14','DD/MM/RR'),'31',null,null,'24','765','3');
Insert into DESCARGA (FECHA,USO_ID,VERSION_ID,VER_APL_ID,OTRO_ID,ITEM,VALOR) values (to_date('02/08/14','DD/MM/RR'),'10',null,null,'1','766','0');
Insert into DESCARGA (FECHA,USO_ID,VERSION_ID,VER_APL_ID,OTRO_ID,ITEM,VALOR) values (to_date('02/10/12','DD/MM/RR'),'17',null,null,'35','767','4');
Insert into DESCARGA (FECHA,USO_ID,VERSION_ID,VER_APL_ID,OTRO_ID,ITEM,VALOR) values (to_date('26/08/14','DD/MM/RR'),'9',null,null,'16','768','3');
Insert into DESCARGA (FECHA,USO_ID,VERSION_ID,VER_APL_ID,OTRO_ID,ITEM,VALOR) values (to_date('01/01/14','DD/MM/RR'),'12',null,null,'19','769','4');
Insert into DESCARGA (FECHA,USO_ID,VERSION_ID,VER_APL_ID,OTRO_ID,ITEM,VALOR) values (to_date('19/01/15','DD/MM/RR'),'7',null,null,'31','770','1');
Insert into DESCARGA (FECHA,USO_ID,VERSION_ID,VER_APL_ID,OTRO_ID,ITEM,VALOR) values (to_date('12/10/12','DD/MM/RR'),'29',null,null,'18','771','4');
Insert into DESCARGA (FECHA,USO_ID,VERSION_ID,VER_APL_ID,OTRO_ID,ITEM,VALOR) values (to_date('13/08/13','DD/MM/RR'),'6',null,null,'25','772','2');
Insert into DESCARGA (FECHA,USO_ID,VERSION_ID,VER_APL_ID,OTRO_ID,ITEM,VALOR) values (to_date('01/08/14','DD/MM/RR'),'11',null,null,'27','773','2');
Insert into DESCARGA (FECHA,USO_ID,VERSION_ID,VER_APL_ID,OTRO_ID,ITEM,VALOR) values (to_date('13/07/13','DD/MM/RR'),'36',null,null,'29','774','4');
Insert into DESCARGA (FECHA,USO_ID,VERSION_ID,VER_APL_ID,OTRO_ID,ITEM,VALOR) values (to_date('24/10/13','DD/MM/RR'),'31',null,null,'3','775','0');
Insert into DESCARGA (FECHA,USO_ID,VERSION_ID,VER_APL_ID,OTRO_ID,ITEM,VALOR) values (to_date('24/09/13','DD/MM/RR'),'7',null,null,'33','776','0');
Insert into DESCARGA (FECHA,USO_ID,VERSION_ID,VER_APL_ID,OTRO_ID,ITEM,VALOR) values (to_date('26/06/14','DD/MM/RR'),'36',null,null,'21','777','4');
Insert into DESCARGA (FECHA,USO_ID,VERSION_ID,VER_APL_ID,OTRO_ID,ITEM,VALOR) values (to_date('08/07/13','DD/MM/RR'),'34',null,null,'4','778','2');
Insert into DESCARGA (FECHA,USO_ID,VERSION_ID,VER_APL_ID,OTRO_ID,ITEM,VALOR) values (to_date('04/09/13','DD/MM/RR'),'29',null,null,'49','779','0');
Insert into DESCARGA (FECHA,USO_ID,VERSION_ID,VER_APL_ID,OTRO_ID,ITEM,VALOR) values (to_date('04/10/13','DD/MM/RR'),'7',null,null,'1','780','0');
Insert into DESCARGA (FECHA,USO_ID,VERSION_ID,VER_APL_ID,OTRO_ID,ITEM,VALOR) values (to_date('30/11/12','DD/MM/RR'),'15',null,null,'31','781','2');
Insert into DESCARGA (FECHA,USO_ID,VERSION_ID,VER_APL_ID,OTRO_ID,ITEM,VALOR) values (to_date('10/12/13','DD/MM/RR'),'26',null,null,'47','782','1');
Insert into DESCARGA (FECHA,USO_ID,VERSION_ID,VER_APL_ID,OTRO_ID,ITEM,VALOR) values (to_date('21/05/14','DD/MM/RR'),'22',null,null,'24','783','3');
Insert into DESCARGA (FECHA,USO_ID,VERSION_ID,VER_APL_ID,OTRO_ID,ITEM,VALOR) values (to_date('12/08/12','DD/MM/RR'),'39',null,null,'40','784','5');
Insert into DESCARGA (FECHA,USO_ID,VERSION_ID,VER_APL_ID,OTRO_ID,ITEM,VALOR) values (to_date('04/02/13','DD/MM/RR'),'29',null,null,'9','785','2');
Insert into DESCARGA (FECHA,USO_ID,VERSION_ID,VER_APL_ID,OTRO_ID,ITEM,VALOR) values (to_date('02/04/14','DD/MM/RR'),'20',null,null,'2','786','2');
Insert into DESCARGA (FECHA,USO_ID,VERSION_ID,VER_APL_ID,OTRO_ID,ITEM,VALOR) values (to_date('02/09/14','DD/MM/RR'),'21',null,null,'31','787','1');
Insert into DESCARGA (FECHA,USO_ID,VERSION_ID,VER_APL_ID,OTRO_ID,ITEM,VALOR) values (to_date('07/06/14','DD/MM/RR'),'27',null,null,'15','788','5');
Insert into DESCARGA (FECHA,USO_ID,VERSION_ID,VER_APL_ID,OTRO_ID,ITEM,VALOR) values (to_date('28/05/12','DD/MM/RR'),'33',null,null,'31','789','2');
Insert into DESCARGA (FECHA,USO_ID,VERSION_ID,VER_APL_ID,OTRO_ID,ITEM,VALOR) values (to_date('19/10/13','DD/MM/RR'),'3',null,null,'43','790','1');
Insert into DESCARGA (FECHA,USO_ID,VERSION_ID,VER_APL_ID,OTRO_ID,ITEM,VALOR) values (to_date('28/04/13','DD/MM/RR'),'7',null,null,'42','791','3');
Insert into DESCARGA (FECHA,USO_ID,VERSION_ID,VER_APL_ID,OTRO_ID,ITEM,VALOR) values (to_date('29/09/13','DD/MM/RR'),'24',null,null,'40','792','2');
Insert into DESCARGA (FECHA,USO_ID,VERSION_ID,VER_APL_ID,OTRO_ID,ITEM,VALOR) values (to_date('13/05/14','DD/MM/RR'),'26',null,null,'28','793','5');
Insert into DESCARGA (FECHA,USO_ID,VERSION_ID,VER_APL_ID,OTRO_ID,ITEM,VALOR) values (to_date('28/08/12','DD/MM/RR'),'18',null,null,'27','794','4');
Insert into DESCARGA (FECHA,USO_ID,VERSION_ID,VER_APL_ID,OTRO_ID,ITEM,VALOR) values (to_date('12/11/12','DD/MM/RR'),'18',null,null,'49','795','5');
Insert into DESCARGA (FECHA,USO_ID,VERSION_ID,VER_APL_ID,OTRO_ID,ITEM,VALOR) values (to_date('17/04/14','DD/MM/RR'),'33',null,null,'47','796','3');
Insert into DESCARGA (FECHA,USO_ID,VERSION_ID,VER_APL_ID,OTRO_ID,ITEM,VALOR) values (to_date('26/07/13','DD/MM/RR'),'25',null,null,'40','797','1');
Insert into DESCARGA (FECHA,USO_ID,VERSION_ID,VER_APL_ID,OTRO_ID,ITEM,VALOR) values (to_date('26/02/14','DD/MM/RR'),'21',null,null,'39','798','4');
Insert into DESCARGA (FECHA,USO_ID,VERSION_ID,VER_APL_ID,OTRO_ID,ITEM,VALOR) values (to_date('04/03/14','DD/MM/RR'),'23',null,null,'26','799','4');
Insert into DESCARGA (FECHA,USO_ID,VERSION_ID,VER_APL_ID,OTRO_ID,ITEM,VALOR) values (to_date('23/04/13','DD/MM/RR'),'20',null,null,'26','800','4');
Insert into DESCARGA (FECHA,USO_ID,VERSION_ID,VER_APL_ID,OTRO_ID,ITEM,VALOR) values (to_date('30/06/12','DD/MM/RR'),'35',null,null,'11','801','1');
Insert into DESCARGA (FECHA,USO_ID,VERSION_ID,VER_APL_ID,OTRO_ID,ITEM,VALOR) values (to_date('16/10/13','DD/MM/RR'),'13',null,null,'47','802','2');
Insert into DESCARGA (FECHA,USO_ID,VERSION_ID,VER_APL_ID,OTRO_ID,ITEM,VALOR) values (to_date('31/07/13','DD/MM/RR'),'12',null,null,'17','803','1');
Insert into DESCARGA (FECHA,USO_ID,VERSION_ID,VER_APL_ID,OTRO_ID,ITEM,VALOR) values (to_date('15/07/12','DD/MM/RR'),'38',null,null,'5','804','3');
Insert into DESCARGA (FECHA,USO_ID,VERSION_ID,VER_APL_ID,OTRO_ID,ITEM,VALOR) values (to_date('26/01/15','DD/MM/RR'),'13',null,null,'35','805','5');
Insert into DESCARGA (FECHA,USO_ID,VERSION_ID,VER_APL_ID,OTRO_ID,ITEM,VALOR) values (to_date('25/10/14','DD/MM/RR'),'13',null,null,'40','806','1');
Insert into DESCARGA (FECHA,USO_ID,VERSION_ID,VER_APL_ID,OTRO_ID,ITEM,VALOR) values (to_date('10/01/14','DD/MM/RR'),'26',null,null,'13','807','5');
Insert into DESCARGA (FECHA,USO_ID,VERSION_ID,VER_APL_ID,OTRO_ID,ITEM,VALOR) values (to_date('13/07/12','DD/MM/RR'),'22',null,null,'9','808','0');
Insert into DESCARGA (FECHA,USO_ID,VERSION_ID,VER_APL_ID,OTRO_ID,ITEM,VALOR) values (to_date('10/11/14','DD/MM/RR'),'11',null,null,'38','809','4');
Insert into DESCARGA (FECHA,USO_ID,VERSION_ID,VER_APL_ID,OTRO_ID,ITEM,VALOR) values (to_date('21/05/13','DD/MM/RR'),'37',null,null,'21','810','1');
Insert into DESCARGA (FECHA,USO_ID,VERSION_ID,VER_APL_ID,OTRO_ID,ITEM,VALOR) values (to_date('02/07/14','DD/MM/RR'),'1',null,null,'9','811','3');
Insert into DESCARGA (FECHA,USO_ID,VERSION_ID,VER_APL_ID,OTRO_ID,ITEM,VALOR) values (to_date('15/11/12','DD/MM/RR'),'23',null,null,'14','812','0');
Insert into DESCARGA (FECHA,USO_ID,VERSION_ID,VER_APL_ID,OTRO_ID,ITEM,VALOR) values (to_date('05/02/14','DD/MM/RR'),'38',null,null,'33','813','2');
Insert into DESCARGA (FECHA,USO_ID,VERSION_ID,VER_APL_ID,OTRO_ID,ITEM,VALOR) values (to_date('05/02/15','DD/MM/RR'),'8',null,null,'7','814','5');
Insert into DESCARGA (FECHA,USO_ID,VERSION_ID,VER_APL_ID,OTRO_ID,ITEM,VALOR) values (to_date('23/10/14','DD/MM/RR'),'4',null,null,'1','815','0');
Insert into DESCARGA (FECHA,USO_ID,VERSION_ID,VER_APL_ID,OTRO_ID,ITEM,VALOR) values (to_date('18/05/14','DD/MM/RR'),'2',null,null,'47','816','4');
Insert into DESCARGA (FECHA,USO_ID,VERSION_ID,VER_APL_ID,OTRO_ID,ITEM,VALOR) values (to_date('23/01/15','DD/MM/RR'),'36',null,null,'30','817','3');
Insert into DESCARGA (FECHA,USO_ID,VERSION_ID,VER_APL_ID,OTRO_ID,ITEM,VALOR) values (to_date('29/01/14','DD/MM/RR'),'22',null,null,'31','818','4');
Insert into DESCARGA (FECHA,USO_ID,VERSION_ID,VER_APL_ID,OTRO_ID,ITEM,VALOR) values (to_date('14/02/15','DD/MM/RR'),'4',null,null,'12','819','4');
Insert into DESCARGA (FECHA,USO_ID,VERSION_ID,VER_APL_ID,OTRO_ID,ITEM,VALOR) values (to_date('01/11/12','DD/MM/RR'),'5',null,null,'33','820','2');
Insert into DESCARGA (FECHA,USO_ID,VERSION_ID,VER_APL_ID,OTRO_ID,ITEM,VALOR) values (to_date('22/03/14','DD/MM/RR'),'5',null,null,'30','821','4');
Insert into DESCARGA (FECHA,USO_ID,VERSION_ID,VER_APL_ID,OTRO_ID,ITEM,VALOR) values (to_date('08/08/12','DD/MM/RR'),'27',null,null,'19','822','1');
Insert into DESCARGA (FECHA,USO_ID,VERSION_ID,VER_APL_ID,OTRO_ID,ITEM,VALOR) values (to_date('26/01/14','DD/MM/RR'),'28',null,null,'8','823','2');
Insert into DESCARGA (FECHA,USO_ID,VERSION_ID,VER_APL_ID,OTRO_ID,ITEM,VALOR) values (to_date('31/01/14','DD/MM/RR'),'28',null,null,'2','824','2');
Insert into DESCARGA (FECHA,USO_ID,VERSION_ID,VER_APL_ID,OTRO_ID,ITEM,VALOR) values (to_date('05/08/12','DD/MM/RR'),'37',null,null,'6','825','2');
Insert into DESCARGA (FECHA,USO_ID,VERSION_ID,VER_APL_ID,OTRO_ID,ITEM,VALOR) values (to_date('31/05/13','DD/MM/RR'),'12',null,null,'5','826','3');
Insert into DESCARGA (FECHA,USO_ID,VERSION_ID,VER_APL_ID,OTRO_ID,ITEM,VALOR) values (to_date('17/08/13','DD/MM/RR'),'3',null,null,'31','827','2');
Insert into DESCARGA (FECHA,USO_ID,VERSION_ID,VER_APL_ID,OTRO_ID,ITEM,VALOR) values (to_date('15/09/14','DD/MM/RR'),'2',null,null,'16','828','4');
Insert into DESCARGA (FECHA,USO_ID,VERSION_ID,VER_APL_ID,OTRO_ID,ITEM,VALOR) values (to_date('25/01/13','DD/MM/RR'),'24',null,null,'21','829','0');
Insert into DESCARGA (FECHA,USO_ID,VERSION_ID,VER_APL_ID,OTRO_ID,ITEM,VALOR) values (to_date('05/10/13','DD/MM/RR'),'18',null,null,'26','830','4');
Insert into DESCARGA (FECHA,USO_ID,VERSION_ID,VER_APL_ID,OTRO_ID,ITEM,VALOR) values (to_date('18/04/13','DD/MM/RR'),'10',null,null,'12','831','1');
Insert into DESCARGA (FECHA,USO_ID,VERSION_ID,VER_APL_ID,OTRO_ID,ITEM,VALOR) values (to_date('05/10/14','DD/MM/RR'),'28',null,null,'10','832','0');
Insert into DESCARGA (FECHA,USO_ID,VERSION_ID,VER_APL_ID,OTRO_ID,ITEM,VALOR) values (to_date('01/08/12','DD/MM/RR'),'9',null,null,'23','833','3');
Insert into DESCARGA (FECHA,USO_ID,VERSION_ID,VER_APL_ID,OTRO_ID,ITEM,VALOR) values (to_date('17/01/15','DD/MM/RR'),'13',null,null,'16','834','2');
Insert into DESCARGA (FECHA,USO_ID,VERSION_ID,VER_APL_ID,OTRO_ID,ITEM,VALOR) values (to_date('27/11/14','DD/MM/RR'),'36',null,null,'42','835','3');
Insert into DESCARGA (FECHA,USO_ID,VERSION_ID,VER_APL_ID,OTRO_ID,ITEM,VALOR) values (to_date('28/11/13','DD/MM/RR'),'6',null,null,'39','836','1');
Insert into DESCARGA (FECHA,USO_ID,VERSION_ID,VER_APL_ID,OTRO_ID,ITEM,VALOR) values (to_date('10/11/14','DD/MM/RR'),'32',null,null,'20','837','2');
Insert into DESCARGA (FECHA,USO_ID,VERSION_ID,VER_APL_ID,OTRO_ID,ITEM,VALOR) values (to_date('30/08/14','DD/MM/RR'),'10',null,null,'35','838','1');
Insert into DESCARGA (FECHA,USO_ID,VERSION_ID,VER_APL_ID,OTRO_ID,ITEM,VALOR) values (to_date('02/09/12','DD/MM/RR'),'36',null,null,'23','839','3');
Insert into DESCARGA (FECHA,USO_ID,VERSION_ID,VER_APL_ID,OTRO_ID,ITEM,VALOR) values (to_date('19/08/12','DD/MM/RR'),'23',null,null,'20','840','1');
Insert into DESCARGA (FECHA,USO_ID,VERSION_ID,VER_APL_ID,OTRO_ID,ITEM,VALOR) values (to_date('02/06/12','DD/MM/RR'),'30',null,null,'7','841','4');
Insert into DESCARGA (FECHA,USO_ID,VERSION_ID,VER_APL_ID,OTRO_ID,ITEM,VALOR) values (to_date('05/06/13','DD/MM/RR'),'9',null,null,'43','842','1');
Insert into DESCARGA (FECHA,USO_ID,VERSION_ID,VER_APL_ID,OTRO_ID,ITEM,VALOR) values (to_date('12/03/13','DD/MM/RR'),'23',null,null,'29','843','1');
Insert into DESCARGA (FECHA,USO_ID,VERSION_ID,VER_APL_ID,OTRO_ID,ITEM,VALOR) values (to_date('02/06/13','DD/MM/RR'),'15',null,null,'21','844','3');
Insert into DESCARGA (FECHA,USO_ID,VERSION_ID,VER_APL_ID,OTRO_ID,ITEM,VALOR) values (to_date('01/09/12','DD/MM/RR'),'31',null,null,'5','845','0');
Insert into DESCARGA (FECHA,USO_ID,VERSION_ID,VER_APL_ID,OTRO_ID,ITEM,VALOR) values (to_date('08/10/12','DD/MM/RR'),'5',null,null,'12','846','3');
Insert into DESCARGA (FECHA,USO_ID,VERSION_ID,VER_APL_ID,OTRO_ID,ITEM,VALOR) values (to_date('07/01/13','DD/MM/RR'),'3',null,null,'21','847','2');
Insert into DESCARGA (FECHA,USO_ID,VERSION_ID,VER_APL_ID,OTRO_ID,ITEM,VALOR) values (to_date('07/06/14','DD/MM/RR'),'26',null,null,'2','848','4');
Insert into DESCARGA (FECHA,USO_ID,VERSION_ID,VER_APL_ID,OTRO_ID,ITEM,VALOR) values (to_date('13/08/12','DD/MM/RR'),'16',null,null,'22','849','0');
Insert into DESCARGA (FECHA,USO_ID,VERSION_ID,VER_APL_ID,OTRO_ID,ITEM,VALOR) values (to_date('08/10/12','DD/MM/RR'),'9',null,null,'13','850','2');
Insert into DESCARGA (FECHA,USO_ID,VERSION_ID,VER_APL_ID,OTRO_ID,ITEM,VALOR) values (to_date('21/06/14','DD/MM/RR'),'14',null,null,'8','851','1');
Insert into DESCARGA (FECHA,USO_ID,VERSION_ID,VER_APL_ID,OTRO_ID,ITEM,VALOR) values (to_date('08/05/14','DD/MM/RR'),'21',null,null,'23','852','0');
Insert into DESCARGA (FECHA,USO_ID,VERSION_ID,VER_APL_ID,OTRO_ID,ITEM,VALOR) values (to_date('12/09/14','DD/MM/RR'),'19',null,null,'18','853','0');
Insert into DESCARGA (FECHA,USO_ID,VERSION_ID,VER_APL_ID,OTRO_ID,ITEM,VALOR) values (to_date('30/11/14','DD/MM/RR'),'39',null,null,'16','854','5');
Insert into DESCARGA (FECHA,USO_ID,VERSION_ID,VER_APL_ID,OTRO_ID,ITEM,VALOR) values (to_date('31/05/12','DD/MM/RR'),'38',null,null,'22','855','3');
Insert into DESCARGA (FECHA,USO_ID,VERSION_ID,VER_APL_ID,OTRO_ID,ITEM,VALOR) values (to_date('29/09/14','DD/MM/RR'),'19',null,null,'7','856','1');
Insert into DESCARGA (FECHA,USO_ID,VERSION_ID,VER_APL_ID,OTRO_ID,ITEM,VALOR) values (to_date('14/03/14','DD/MM/RR'),'24',null,null,'35','857','0');
Insert into DESCARGA (FECHA,USO_ID,VERSION_ID,VER_APL_ID,OTRO_ID,ITEM,VALOR) values (to_date('19/11/14','DD/MM/RR'),'36',null,null,'6','858','3');
Insert into DESCARGA (FECHA,USO_ID,VERSION_ID,VER_APL_ID,OTRO_ID,ITEM,VALOR) values (to_date('29/07/12','DD/MM/RR'),'29',null,null,'33','859','0');
Insert into DESCARGA (FECHA,USO_ID,VERSION_ID,VER_APL_ID,OTRO_ID,ITEM,VALOR) values (to_date('15/06/12','DD/MM/RR'),'19',null,null,'43','860','4');
Insert into DESCARGA (FECHA,USO_ID,VERSION_ID,VER_APL_ID,OTRO_ID,ITEM,VALOR) values (to_date('04/07/12','DD/MM/RR'),'18',null,null,'25','861','4');
Insert into DESCARGA (FECHA,USO_ID,VERSION_ID,VER_APL_ID,OTRO_ID,ITEM,VALOR) values (to_date('17/12/12','DD/MM/RR'),'27',null,null,'43','862','2');
Insert into DESCARGA (FECHA,USO_ID,VERSION_ID,VER_APL_ID,OTRO_ID,ITEM,VALOR) values (to_date('18/12/13','DD/MM/RR'),'7',null,null,'23','863','2');
Insert into DESCARGA (FECHA,USO_ID,VERSION_ID,VER_APL_ID,OTRO_ID,ITEM,VALOR) values (to_date('29/12/14','DD/MM/RR'),'34',null,null,'7','864','0');
Insert into DESCARGA (FECHA,USO_ID,VERSION_ID,VER_APL_ID,OTRO_ID,ITEM,VALOR) values (to_date('01/03/13','DD/MM/RR'),'1',null,null,'38','865','4');
Insert into DESCARGA (FECHA,USO_ID,VERSION_ID,VER_APL_ID,OTRO_ID,ITEM,VALOR) values (to_date('02/12/12','DD/MM/RR'),'25',null,null,'10','866','1');
Insert into DESCARGA (FECHA,USO_ID,VERSION_ID,VER_APL_ID,OTRO_ID,ITEM,VALOR) values (to_date('25/12/14','DD/MM/RR'),'39',null,null,'5','867','4');
Insert into DESCARGA (FECHA,USO_ID,VERSION_ID,VER_APL_ID,OTRO_ID,ITEM,VALOR) values (to_date('24/11/14','DD/MM/RR'),'36',null,null,'12','868','1');
Insert into DESCARGA (FECHA,USO_ID,VERSION_ID,VER_APL_ID,OTRO_ID,ITEM,VALOR) values (to_date('28/11/12','DD/MM/RR'),'15',null,null,'16','869','0');
Insert into DESCARGA (FECHA,USO_ID,VERSION_ID,VER_APL_ID,OTRO_ID,ITEM,VALOR) values (to_date('21/01/14','DD/MM/RR'),'11',null,null,'4','870','2');
Insert into DESCARGA (FECHA,USO_ID,VERSION_ID,VER_APL_ID,OTRO_ID,ITEM,VALOR) values (to_date('16/02/13','DD/MM/RR'),'21',null,null,'24','871','2');
Insert into DESCARGA (FECHA,USO_ID,VERSION_ID,VER_APL_ID,OTRO_ID,ITEM,VALOR) values (to_date('16/07/12','DD/MM/RR'),'33',null,null,'15','872','3');
Insert into DESCARGA (FECHA,USO_ID,VERSION_ID,VER_APL_ID,OTRO_ID,ITEM,VALOR) values (to_date('30/07/13','DD/MM/RR'),'23',null,null,'17','873','1');
Insert into DESCARGA (FECHA,USO_ID,VERSION_ID,VER_APL_ID,OTRO_ID,ITEM,VALOR) values (to_date('05/06/13','DD/MM/RR'),'19',null,null,'40','874','3');
Insert into DESCARGA (FECHA,USO_ID,VERSION_ID,VER_APL_ID,OTRO_ID,ITEM,VALOR) values (to_date('31/01/13','DD/MM/RR'),'31',null,null,'11','875','5');
Insert into DESCARGA (FECHA,USO_ID,VERSION_ID,VER_APL_ID,OTRO_ID,ITEM,VALOR) values (to_date('11/02/13','DD/MM/RR'),'35',null,null,'47','876','5');
Insert into DESCARGA (FECHA,USO_ID,VERSION_ID,VER_APL_ID,OTRO_ID,ITEM,VALOR) values (to_date('24/01/15','DD/MM/RR'),'9',null,null,'1','877','2');
Insert into DESCARGA (FECHA,USO_ID,VERSION_ID,VER_APL_ID,OTRO_ID,ITEM,VALOR) values (to_date('04/09/14','DD/MM/RR'),'12',null,null,'30','878','3');
Insert into DESCARGA (FECHA,USO_ID,VERSION_ID,VER_APL_ID,OTRO_ID,ITEM,VALOR) values (to_date('02/03/14','DD/MM/RR'),'7',null,null,'26','879','3');
Insert into DESCARGA (FECHA,USO_ID,VERSION_ID,VER_APL_ID,OTRO_ID,ITEM,VALOR) values (to_date('11/07/13','DD/MM/RR'),'15',null,null,'24','880','3');
Insert into DESCARGA (FECHA,USO_ID,VERSION_ID,VER_APL_ID,OTRO_ID,ITEM,VALOR) values (to_date('22/05/14','DD/MM/RR'),'15',null,null,'8','881','5');
Insert into DESCARGA (FECHA,USO_ID,VERSION_ID,VER_APL_ID,OTRO_ID,ITEM,VALOR) values (to_date('04/11/14','DD/MM/RR'),'14',null,null,'12','882','3');
Insert into DESCARGA (FECHA,USO_ID,VERSION_ID,VER_APL_ID,OTRO_ID,ITEM,VALOR) values (to_date('13/05/13','DD/MM/RR'),'17',null,null,'21','883','4');
Insert into DESCARGA (FECHA,USO_ID,VERSION_ID,VER_APL_ID,OTRO_ID,ITEM,VALOR) values (to_date('21/03/14','DD/MM/RR'),'20',null,null,'18','884','2');
Insert into DESCARGA (FECHA,USO_ID,VERSION_ID,VER_APL_ID,OTRO_ID,ITEM,VALOR) values (to_date('15/08/14','DD/MM/RR'),'38',null,null,'40','885','3');
Insert into DESCARGA (FECHA,USO_ID,VERSION_ID,VER_APL_ID,OTRO_ID,ITEM,VALOR) values (to_date('17/07/14','DD/MM/RR'),'23',null,null,'2','886','3');
Insert into DESCARGA (FECHA,USO_ID,VERSION_ID,VER_APL_ID,OTRO_ID,ITEM,VALOR) values (to_date('27/11/13','DD/MM/RR'),'31',null,null,'19','887','4');
Insert into DESCARGA (FECHA,USO_ID,VERSION_ID,VER_APL_ID,OTRO_ID,ITEM,VALOR) values (to_date('28/11/12','DD/MM/RR'),'11',null,null,'31','888','1');
Insert into DESCARGA (FECHA,USO_ID,VERSION_ID,VER_APL_ID,OTRO_ID,ITEM,VALOR) values (to_date('15/05/14','DD/MM/RR'),'15',null,null,'17','889','1');
Insert into DESCARGA (FECHA,USO_ID,VERSION_ID,VER_APL_ID,OTRO_ID,ITEM,VALOR) values (to_date('10/04/14','DD/MM/RR'),'37',null,null,'47','890','5');
Insert into DESCARGA (FECHA,USO_ID,VERSION_ID,VER_APL_ID,OTRO_ID,ITEM,VALOR) values (to_date('06/06/12','DD/MM/RR'),'32',null,null,'31','891','3');
Insert into DESCARGA (FECHA,USO_ID,VERSION_ID,VER_APL_ID,OTRO_ID,ITEM,VALOR) values (to_date('13/02/15','DD/MM/RR'),'38',null,null,'43','892','2');
Insert into DESCARGA (FECHA,USO_ID,VERSION_ID,VER_APL_ID,OTRO_ID,ITEM,VALOR) values (to_date('11/01/14','DD/MM/RR'),'16',null,null,'24','893','1');
Insert into DESCARGA (FECHA,USO_ID,VERSION_ID,VER_APL_ID,OTRO_ID,ITEM,VALOR) values (to_date('08/01/13','DD/MM/RR'),'4',null,null,'10','894','0');
Insert into DESCARGA (FECHA,USO_ID,VERSION_ID,VER_APL_ID,OTRO_ID,ITEM,VALOR) values (to_date('20/02/13','DD/MM/RR'),'34',null,null,'27','895','2');
Insert into DESCARGA (FECHA,USO_ID,VERSION_ID,VER_APL_ID,OTRO_ID,ITEM,VALOR) values (to_date('18/12/14','DD/MM/RR'),'8',null,null,'5','896','2');
Insert into DESCARGA (FECHA,USO_ID,VERSION_ID,VER_APL_ID,OTRO_ID,ITEM,VALOR) values (to_date('22/01/15','DD/MM/RR'),'19',null,null,'49','897','5');
Insert into DESCARGA (FECHA,USO_ID,VERSION_ID,VER_APL_ID,OTRO_ID,ITEM,VALOR) values (to_date('16/10/13','DD/MM/RR'),'32',null,null,'4','898','1');
Insert into DESCARGA (FECHA,USO_ID,VERSION_ID,VER_APL_ID,OTRO_ID,ITEM,VALOR) values (to_date('17/02/13','DD/MM/RR'),'3',null,null,'16','899','4');
Insert into DESCARGA (FECHA,USO_ID,VERSION_ID,VER_APL_ID,OTRO_ID,ITEM,VALOR) values (to_date('21/12/12','DD/MM/RR'),'2',null,null,'21','900','1');
Insert into DESCARGA (FECHA,USO_ID,VERSION_ID,VER_APL_ID,OTRO_ID,ITEM,VALOR) values (to_date('22/05/14','DD/MM/RR'),'3',null,null,'29','901','2');
Insert into DESCARGA (FECHA,USO_ID,VERSION_ID,VER_APL_ID,OTRO_ID,ITEM,VALOR) values (to_date('25/08/12','DD/MM/RR'),'30',null,null,'5','902','1');
Insert into DESCARGA (FECHA,USO_ID,VERSION_ID,VER_APL_ID,OTRO_ID,ITEM,VALOR) values (to_date('12/02/14','DD/MM/RR'),'38',null,null,'26','903','2');
Insert into DESCARGA (FECHA,USO_ID,VERSION_ID,VER_APL_ID,OTRO_ID,ITEM,VALOR) values (to_date('30/06/12','DD/MM/RR'),'38',null,null,'7','904','4');
Insert into DESCARGA (FECHA,USO_ID,VERSION_ID,VER_APL_ID,OTRO_ID,ITEM,VALOR) values (to_date('04/11/14','DD/MM/RR'),'21',null,null,'35','905','1');
Insert into DESCARGA (FECHA,USO_ID,VERSION_ID,VER_APL_ID,OTRO_ID,ITEM,VALOR) values (to_date('11/01/15','DD/MM/RR'),'23',null,null,'23','906','5');
Insert into DESCARGA (FECHA,USO_ID,VERSION_ID,VER_APL_ID,OTRO_ID,ITEM,VALOR) values (to_date('12/01/15','DD/MM/RR'),'10',null,null,'13','907','0');
Insert into DESCARGA (FECHA,USO_ID,VERSION_ID,VER_APL_ID,OTRO_ID,ITEM,VALOR) values (to_date('02/12/12','DD/MM/RR'),'27',null,null,'5','908','3');
Insert into DESCARGA (FECHA,USO_ID,VERSION_ID,VER_APL_ID,OTRO_ID,ITEM,VALOR) values (to_date('22/08/13','DD/MM/RR'),'4',null,null,'38','909','1');
Insert into DESCARGA (FECHA,USO_ID,VERSION_ID,VER_APL_ID,OTRO_ID,ITEM,VALOR) values (to_date('23/07/14','DD/MM/RR'),'14',null,null,'25','910','5');
Insert into DESCARGA (FECHA,USO_ID,VERSION_ID,VER_APL_ID,OTRO_ID,ITEM,VALOR) values (to_date('06/10/12','DD/MM/RR'),'31',null,null,'28','911','2');
Insert into DESCARGA (FECHA,USO_ID,VERSION_ID,VER_APL_ID,OTRO_ID,ITEM,VALOR) values (to_date('04/06/12','DD/MM/RR'),'9',null,null,'28','912','2');
Insert into DESCARGA (FECHA,USO_ID,VERSION_ID,VER_APL_ID,OTRO_ID,ITEM,VALOR) values (to_date('22/05/13','DD/MM/RR'),'3',null,null,'35','913','1');
Insert into DESCARGA (FECHA,USO_ID,VERSION_ID,VER_APL_ID,OTRO_ID,ITEM,VALOR) values (to_date('27/04/13','DD/MM/RR'),'30',null,null,'17','914','5');
Insert into DESCARGA (FECHA,USO_ID,VERSION_ID,VER_APL_ID,OTRO_ID,ITEM,VALOR) values (to_date('12/04/14','DD/MM/RR'),'29',null,null,'22','915','3');
Insert into DESCARGA (FECHA,USO_ID,VERSION_ID,VER_APL_ID,OTRO_ID,ITEM,VALOR) values (to_date('31/01/14','DD/MM/RR'),'24',null,null,'4','916','1');
Insert into DESCARGA (FECHA,USO_ID,VERSION_ID,VER_APL_ID,OTRO_ID,ITEM,VALOR) values (to_date('14/01/15','DD/MM/RR'),'34',null,null,'39','917','2');
Insert into DESCARGA (FECHA,USO_ID,VERSION_ID,VER_APL_ID,OTRO_ID,ITEM,VALOR) values (to_date('24/06/12','DD/MM/RR'),'35',null,null,'15','918','4');
Insert into DESCARGA (FECHA,USO_ID,VERSION_ID,VER_APL_ID,OTRO_ID,ITEM,VALOR) values (to_date('17/02/15','DD/MM/RR'),'14',null,null,'33','919','1');
Insert into DESCARGA (FECHA,USO_ID,VERSION_ID,VER_APL_ID,OTRO_ID,ITEM,VALOR) values (to_date('11/09/12','DD/MM/RR'),'28',null,null,'20','920','2');
Insert into DESCARGA (FECHA,USO_ID,VERSION_ID,VER_APL_ID,OTRO_ID,ITEM,VALOR) values (to_date('24/07/12','DD/MM/RR'),'25',null,null,'26','921','1');
Insert into DESCARGA (FECHA,USO_ID,VERSION_ID,VER_APL_ID,OTRO_ID,ITEM,VALOR) values (to_date('20/09/14','DD/MM/RR'),'38',null,null,'31','922','3');
Insert into DESCARGA (FECHA,USO_ID,VERSION_ID,VER_APL_ID,OTRO_ID,ITEM,VALOR) values (to_date('26/07/14','DD/MM/RR'),'5',null,null,'27','923','4');
Insert into DESCARGA (FECHA,USO_ID,VERSION_ID,VER_APL_ID,OTRO_ID,ITEM,VALOR) values (to_date('20/04/14','DD/MM/RR'),'10',null,null,'22','924','2');
Insert into DESCARGA (FECHA,USO_ID,VERSION_ID,VER_APL_ID,OTRO_ID,ITEM,VALOR) values (to_date('13/10/12','DD/MM/RR'),'12',null,null,'20','925','1');
Insert into DESCARGA (FECHA,USO_ID,VERSION_ID,VER_APL_ID,OTRO_ID,ITEM,VALOR) values (to_date('02/09/14','DD/MM/RR'),'20',null,null,'30','926','3');
Insert into DESCARGA (FECHA,USO_ID,VERSION_ID,VER_APL_ID,OTRO_ID,ITEM,VALOR) values (to_date('24/05/14','DD/MM/RR'),'22',null,null,'20','927','1');
Insert into DESCARGA (FECHA,USO_ID,VERSION_ID,VER_APL_ID,OTRO_ID,ITEM,VALOR) values (to_date('11/01/13','DD/MM/RR'),'21',null,null,'16','928','3');
Insert into DESCARGA (FECHA,USO_ID,VERSION_ID,VER_APL_ID,OTRO_ID,ITEM,VALOR) values (to_date('11/02/14','DD/MM/RR'),'4',null,null,'18','929','4');
Insert into DESCARGA (FECHA,USO_ID,VERSION_ID,VER_APL_ID,OTRO_ID,ITEM,VALOR) values (to_date('19/10/14','DD/MM/RR'),'7',null,null,'13','930','4');
Insert into DESCARGA (FECHA,USO_ID,VERSION_ID,VER_APL_ID,OTRO_ID,ITEM,VALOR) values (to_date('23/02/14','DD/MM/RR'),'20',null,null,'33','931','2');
Insert into DESCARGA (FECHA,USO_ID,VERSION_ID,VER_APL_ID,OTRO_ID,ITEM,VALOR) values (to_date('19/07/14','DD/MM/RR'),'35',null,null,'14','932','3');
Insert into DESCARGA (FECHA,USO_ID,VERSION_ID,VER_APL_ID,OTRO_ID,ITEM,VALOR) values (to_date('12/02/14','DD/MM/RR'),'24',null,null,'49','933','1');
Insert into DESCARGA (FECHA,USO_ID,VERSION_ID,VER_APL_ID,OTRO_ID,ITEM,VALOR) values (to_date('05/10/13','DD/MM/RR'),'27',null,null,'1','934','3');
Insert into DESCARGA (FECHA,USO_ID,VERSION_ID,VER_APL_ID,OTRO_ID,ITEM,VALOR) values (to_date('12/01/14','DD/MM/RR'),'15',null,null,'9','935','3');
Insert into DESCARGA (FECHA,USO_ID,VERSION_ID,VER_APL_ID,OTRO_ID,ITEM,VALOR) values (to_date('18/12/13','DD/MM/RR'),'25',null,null,'8','936','4');
Insert into DESCARGA (FECHA,USO_ID,VERSION_ID,VER_APL_ID,OTRO_ID,ITEM,VALOR) values (to_date('23/07/14','DD/MM/RR'),'28',null,null,'45','937','4');
Insert into DESCARGA (FECHA,USO_ID,VERSION_ID,VER_APL_ID,OTRO_ID,ITEM,VALOR) values (to_date('17/10/13','DD/MM/RR'),'30',null,null,'39','938','2');
Insert into DESCARGA (FECHA,USO_ID,VERSION_ID,VER_APL_ID,OTRO_ID,ITEM,VALOR) values (to_date('09/03/14','DD/MM/RR'),'29',null,null,'7','939','5');
Insert into DESCARGA (FECHA,USO_ID,VERSION_ID,VER_APL_ID,OTRO_ID,ITEM,VALOR) values (to_date('11/01/15','DD/MM/RR'),'13',null,null,'12','940','3');
Insert into DESCARGA (FECHA,USO_ID,VERSION_ID,VER_APL_ID,OTRO_ID,ITEM,VALOR) values (to_date('05/03/14','DD/MM/RR'),'8',null,null,'25','941','4');
Insert into DESCARGA (FECHA,USO_ID,VERSION_ID,VER_APL_ID,OTRO_ID,ITEM,VALOR) values (to_date('10/04/14','DD/MM/RR'),'22',null,null,'30','942','1');
Insert into DESCARGA (FECHA,USO_ID,VERSION_ID,VER_APL_ID,OTRO_ID,ITEM,VALOR) values (to_date('26/03/14','DD/MM/RR'),'3',null,null,'49','943','4');
Insert into DESCARGA (FECHA,USO_ID,VERSION_ID,VER_APL_ID,OTRO_ID,ITEM,VALOR) values (to_date('15/06/14','DD/MM/RR'),'31',null,null,'35','944','3');
Insert into DESCARGA (FECHA,USO_ID,VERSION_ID,VER_APL_ID,OTRO_ID,ITEM,VALOR) values (to_date('22/06/12','DD/MM/RR'),'15',null,null,'13','945','5');
Insert into DESCARGA (FECHA,USO_ID,VERSION_ID,VER_APL_ID,OTRO_ID,ITEM,VALOR) values (to_date('12/07/14','DD/MM/RR'),'22',null,null,'8','946','0');
Insert into DESCARGA (FECHA,USO_ID,VERSION_ID,VER_APL_ID,OTRO_ID,ITEM,VALOR) values (to_date('16/08/14','DD/MM/RR'),'17',null,null,'47','947','2');
Insert into DESCARGA (FECHA,USO_ID,VERSION_ID,VER_APL_ID,OTRO_ID,ITEM,VALOR) values (to_date('05/04/13','DD/MM/RR'),'37',null,null,'25','948','5');
Insert into DESCARGA (FECHA,USO_ID,VERSION_ID,VER_APL_ID,OTRO_ID,ITEM,VALOR) values (to_date('29/11/13','DD/MM/RR'),'8',null,null,'30','949','2');
Insert into DESCARGA (FECHA,USO_ID,VERSION_ID,VER_APL_ID,OTRO_ID,ITEM,VALOR) values (to_date('04/11/12','DD/MM/RR'),'2',null,null,'20','950','0');
Insert into DESCARGA (FECHA,USO_ID,VERSION_ID,VER_APL_ID,OTRO_ID,ITEM,VALOR) values (to_date('15/08/12','DD/MM/RR'),'7',null,null,'20','951','5');
Insert into DESCARGA (FECHA,USO_ID,VERSION_ID,VER_APL_ID,OTRO_ID,ITEM,VALOR) values (to_date('24/04/13','DD/MM/RR'),'9',null,null,'26','952','3');
Insert into DESCARGA (FECHA,USO_ID,VERSION_ID,VER_APL_ID,OTRO_ID,ITEM,VALOR) values (to_date('02/10/14','DD/MM/RR'),'10',null,null,'27','953','5');
Insert into DESCARGA (FECHA,USO_ID,VERSION_ID,VER_APL_ID,OTRO_ID,ITEM,VALOR) values (to_date('12/10/14','DD/MM/RR'),'6',null,null,'7','954','4');
Insert into DESCARGA (FECHA,USO_ID,VERSION_ID,VER_APL_ID,OTRO_ID,ITEM,VALOR) values (to_date('21/06/12','DD/MM/RR'),'3',null,null,'14','955','2');
Insert into DESCARGA (FECHA,USO_ID,VERSION_ID,VER_APL_ID,OTRO_ID,ITEM,VALOR) values (to_date('25/11/13','DD/MM/RR'),'27',null,null,'7','956','3');
Insert into DESCARGA (FECHA,USO_ID,VERSION_ID,VER_APL_ID,OTRO_ID,ITEM,VALOR) values (to_date('08/06/13','DD/MM/RR'),'38',null,null,'20','957','2');
Insert into DESCARGA (FECHA,USO_ID,VERSION_ID,VER_APL_ID,OTRO_ID,ITEM,VALOR) values (to_date('16/05/13','DD/MM/RR'),'20',null,null,'49','958','3');
Insert into DESCARGA (FECHA,USO_ID,VERSION_ID,VER_APL_ID,OTRO_ID,ITEM,VALOR) values (to_date('27/08/13','DD/MM/RR'),'27',null,null,'23','959','5');
Insert into DESCARGA (FECHA,USO_ID,VERSION_ID,VER_APL_ID,OTRO_ID,ITEM,VALOR) values (to_date('23/06/12','DD/MM/RR'),'12',null,null,'40','960','2');
Insert into DESCARGA (FECHA,USO_ID,VERSION_ID,VER_APL_ID,OTRO_ID,ITEM,VALOR) values (to_date('28/05/12','DD/MM/RR'),'16',null,null,'19','961','3');
Insert into DESCARGA (FECHA,USO_ID,VERSION_ID,VER_APL_ID,OTRO_ID,ITEM,VALOR) values (to_date('25/09/14','DD/MM/RR'),'6',null,null,'31','962','5');
Insert into DESCARGA (FECHA,USO_ID,VERSION_ID,VER_APL_ID,OTRO_ID,ITEM,VALOR) values (to_date('01/11/12','DD/MM/RR'),'27',null,null,'35','963','1');
Insert into DESCARGA (FECHA,USO_ID,VERSION_ID,VER_APL_ID,OTRO_ID,ITEM,VALOR) values (to_date('10/09/13','DD/MM/RR'),'33',null,null,'18','964','0');
Insert into DESCARGA (FECHA,USO_ID,VERSION_ID,VER_APL_ID,OTRO_ID,ITEM,VALOR) values (to_date('18/11/12','DD/MM/RR'),'19',null,null,'11','965','3');
Insert into DESCARGA (FECHA,USO_ID,VERSION_ID,VER_APL_ID,OTRO_ID,ITEM,VALOR) values (to_date('08/01/13','DD/MM/RR'),'5',null,null,'38','966','3');
Insert into DESCARGA (FECHA,USO_ID,VERSION_ID,VER_APL_ID,OTRO_ID,ITEM,VALOR) values (to_date('22/02/13','DD/MM/RR'),'27',null,null,'30','967','4');
Insert into DESCARGA (FECHA,USO_ID,VERSION_ID,VER_APL_ID,OTRO_ID,ITEM,VALOR) values (to_date('22/12/13','DD/MM/RR'),'16',null,null,'43','968','4');
Insert into DESCARGA (FECHA,USO_ID,VERSION_ID,VER_APL_ID,OTRO_ID,ITEM,VALOR) values (to_date('12/01/15','DD/MM/RR'),'14',null,null,'6','969','1');
Insert into DESCARGA (FECHA,USO_ID,VERSION_ID,VER_APL_ID,OTRO_ID,ITEM,VALOR) values (to_date('04/11/12','DD/MM/RR'),'3',null,null,'45','970','5');
Insert into DESCARGA (FECHA,USO_ID,VERSION_ID,VER_APL_ID,OTRO_ID,ITEM,VALOR) values (to_date('03/02/15','DD/MM/RR'),'20',null,null,'4','971','1');
Insert into DESCARGA (FECHA,USO_ID,VERSION_ID,VER_APL_ID,OTRO_ID,ITEM,VALOR) values (to_date('26/05/12','DD/MM/RR'),'38',null,null,'23','972','1');
Insert into DESCARGA (FECHA,USO_ID,VERSION_ID,VER_APL_ID,OTRO_ID,ITEM,VALOR) values (to_date('08/09/14','DD/MM/RR'),'34',null,null,'15','973','3');
Insert into DESCARGA (FECHA,USO_ID,VERSION_ID,VER_APL_ID,OTRO_ID,ITEM,VALOR) values (to_date('14/06/14','DD/MM/RR'),'22',null,null,'14','974','2');
Insert into DESCARGA (FECHA,USO_ID,VERSION_ID,VER_APL_ID,OTRO_ID,ITEM,VALOR) values (to_date('04/08/14','DD/MM/RR'),'23',null,null,'8','975','2');
Insert into DESCARGA (FECHA,USO_ID,VERSION_ID,VER_APL_ID,OTRO_ID,ITEM,VALOR) values (to_date('03/06/13','DD/MM/RR'),'12',null,null,'7','976','2');
Insert into DESCARGA (FECHA,USO_ID,VERSION_ID,VER_APL_ID,OTRO_ID,ITEM,VALOR) values (to_date('26/01/15','DD/MM/RR'),'23',null,null,'30','977','4');
Insert into DESCARGA (FECHA,USO_ID,VERSION_ID,VER_APL_ID,OTRO_ID,ITEM,VALOR) values (to_date('13/02/13','DD/MM/RR'),'28',null,null,'39','978','0');
Insert into DESCARGA (FECHA,USO_ID,VERSION_ID,VER_APL_ID,OTRO_ID,ITEM,VALOR) values (to_date('18/12/13','DD/MM/RR'),'1',null,null,'14','979','3');
Insert into DESCARGA (FECHA,USO_ID,VERSION_ID,VER_APL_ID,OTRO_ID,ITEM,VALOR) values (to_date('26/06/12','DD/MM/RR'),'28',null,null,'12','980','5');
Insert into DESCARGA (FECHA,USO_ID,VERSION_ID,VER_APL_ID,OTRO_ID,ITEM,VALOR) values (to_date('18/11/13','DD/MM/RR'),'34',null,null,'10','981','0');
Insert into DESCARGA (FECHA,USO_ID,VERSION_ID,VER_APL_ID,OTRO_ID,ITEM,VALOR) values (to_date('25/05/13','DD/MM/RR'),'34',null,null,'8','982','2');
Insert into DESCARGA (FECHA,USO_ID,VERSION_ID,VER_APL_ID,OTRO_ID,ITEM,VALOR) values (to_date('08/02/15','DD/MM/RR'),'38',null,null,'2','983','2');
Insert into DESCARGA (FECHA,USO_ID,VERSION_ID,VER_APL_ID,OTRO_ID,ITEM,VALOR) values (to_date('17/07/13','DD/MM/RR'),'15',null,null,'40','984','0');
Insert into DESCARGA (FECHA,USO_ID,VERSION_ID,VER_APL_ID,OTRO_ID,ITEM,VALOR) values (to_date('05/02/15','DD/MM/RR'),'18',null,null,'16','985','4');
Insert into DESCARGA (FECHA,USO_ID,VERSION_ID,VER_APL_ID,OTRO_ID,ITEM,VALOR) values (to_date('12/08/14','DD/MM/RR'),'17',null,null,'15','986','1');
Insert into DESCARGA (FECHA,USO_ID,VERSION_ID,VER_APL_ID,OTRO_ID,ITEM,VALOR) values (to_date('13/02/14','DD/MM/RR'),'7',null,null,'17','987','2');
Insert into DESCARGA (FECHA,USO_ID,VERSION_ID,VER_APL_ID,OTRO_ID,ITEM,VALOR) values (to_date('01/07/12','DD/MM/RR'),'35',null,null,'8','988','4');
Insert into DESCARGA (FECHA,USO_ID,VERSION_ID,VER_APL_ID,OTRO_ID,ITEM,VALOR) values (to_date('05/06/14','DD/MM/RR'),'11',null,null,'42','989','0');
Insert into DESCARGA (FECHA,USO_ID,VERSION_ID,VER_APL_ID,OTRO_ID,ITEM,VALOR) values (to_date('06/12/12','DD/MM/RR'),'9',null,null,'18','990','1');
Insert into DESCARGA (FECHA,USO_ID,VERSION_ID,VER_APL_ID,OTRO_ID,ITEM,VALOR) values (to_date('27/06/14','DD/MM/RR'),'27',null,null,'27','991','4');
Insert into DESCARGA (FECHA,USO_ID,VERSION_ID,VER_APL_ID,OTRO_ID,ITEM,VALOR) values (to_date('13/07/13','DD/MM/RR'),'16',null,null,'18','992','3');
Insert into DESCARGA (FECHA,USO_ID,VERSION_ID,VER_APL_ID,OTRO_ID,ITEM,VALOR) values (to_date('20/03/13','DD/MM/RR'),'14',null,null,'31','993','2');
Insert into DESCARGA (FECHA,USO_ID,VERSION_ID,VER_APL_ID,OTRO_ID,ITEM,VALOR) values (to_date('26/05/14','DD/MM/RR'),'25',null,null,'19','994','4');
Insert into DESCARGA (FECHA,USO_ID,VERSION_ID,VER_APL_ID,OTRO_ID,ITEM,VALOR) values (to_date('31/01/14','DD/MM/RR'),'33',null,null,'1','995','2');
Insert into DESCARGA (FECHA,USO_ID,VERSION_ID,VER_APL_ID,OTRO_ID,ITEM,VALOR) values (to_date('11/08/13','DD/MM/RR'),'23',null,null,'9','996','1');
Insert into DESCARGA (FECHA,USO_ID,VERSION_ID,VER_APL_ID,OTRO_ID,ITEM,VALOR) values (to_date('24/03/14','DD/MM/RR'),'18',null,null,'3','997','0');
Insert into DESCARGA (FECHA,USO_ID,VERSION_ID,VER_APL_ID,OTRO_ID,ITEM,VALOR) values (to_date('07/09/13','DD/MM/RR'),'30',null,null,'19','998','4');
Insert into DESCARGA (FECHA,USO_ID,VERSION_ID,VER_APL_ID,OTRO_ID,ITEM,VALOR) values (to_date('08/10/14','DD/MM/RR'),'26',null,null,'40','999','2');
Insert into DESCARGA (FECHA,USO_ID,VERSION_ID,VER_APL_ID,OTRO_ID,ITEM,VALOR) values (to_date('05/12/13','DD/MM/RR'),'13',null,null,'31','1000','4');
Insert into DESCARGA (FECHA,USO_ID,VERSION_ID,VER_APL_ID,OTRO_ID,ITEM,VALOR) values (to_date('09/09/12','DD/MM/RR'),'30',null,null,'22','1001','3');
Insert into DESCARGA (FECHA,USO_ID,VERSION_ID,VER_APL_ID,OTRO_ID,ITEM,VALOR) values (to_date('09/04/14','DD/MM/RR'),'9',null,null,'15','1002','0');
Insert into DESCARGA (FECHA,USO_ID,VERSION_ID,VER_APL_ID,OTRO_ID,ITEM,VALOR) values (to_date('19/05/13','DD/MM/RR'),'7',null,null,'30','1003','4');
Insert into DESCARGA (FECHA,USO_ID,VERSION_ID,VER_APL_ID,OTRO_ID,ITEM,VALOR) values (to_date('12/07/13','DD/MM/RR'),'14',null,null,'14','1004','4');
Insert into DESCARGA (FECHA,USO_ID,VERSION_ID,VER_APL_ID,OTRO_ID,ITEM,VALOR) values (to_date('23/11/13','DD/MM/RR'),'19',null,null,'45','1005','4');
Insert into DESCARGA (FECHA,USO_ID,VERSION_ID,VER_APL_ID,OTRO_ID,ITEM,VALOR) values (to_date('06/02/13','DD/MM/RR'),'38',null,null,'49','1006','4');
Insert into DESCARGA (FECHA,USO_ID,VERSION_ID,VER_APL_ID,OTRO_ID,ITEM,VALOR) values (to_date('13/12/12','DD/MM/RR'),'26',null,null,'25','1007','3');
Insert into DESCARGA (FECHA,USO_ID,VERSION_ID,VER_APL_ID,OTRO_ID,ITEM,VALOR) values (to_date('15/09/13','DD/MM/RR'),'39',null,null,'24','1008','2');
Insert into DESCARGA (FECHA,USO_ID,VERSION_ID,VER_APL_ID,OTRO_ID,ITEM,VALOR) values (to_date('01/04/13','DD/MM/RR'),'28',null,null,'5','1009','3');
Insert into DESCARGA (FECHA,USO_ID,VERSION_ID,VER_APL_ID,OTRO_ID,ITEM,VALOR) values (to_date('26/08/12','DD/MM/RR'),'11',null,null,'25','1010','3');
Insert into DESCARGA (FECHA,USO_ID,VERSION_ID,VER_APL_ID,OTRO_ID,ITEM,VALOR) values (to_date('22/05/14','DD/MM/RR'),'23',null,null,'18','1011','4');
Insert into DESCARGA (FECHA,USO_ID,VERSION_ID,VER_APL_ID,OTRO_ID,ITEM,VALOR) values (to_date('28/01/14','DD/MM/RR'),'5',null,null,'11','1012','0');
Insert into DESCARGA (FECHA,USO_ID,VERSION_ID,VER_APL_ID,OTRO_ID,ITEM,VALOR) values (to_date('17/09/12','DD/MM/RR'),'2',null,null,'17','1013','3');
Insert into DESCARGA (FECHA,USO_ID,VERSION_ID,VER_APL_ID,OTRO_ID,ITEM,VALOR) values (to_date('15/01/13','DD/MM/RR'),'20',null,null,'6','1014','3');
Insert into DESCARGA (FECHA,USO_ID,VERSION_ID,VER_APL_ID,OTRO_ID,ITEM,VALOR) values (to_date('28/08/12','DD/MM/RR'),'21',null,null,'11','1015','4');
Insert into DESCARGA (FECHA,USO_ID,VERSION_ID,VER_APL_ID,OTRO_ID,ITEM,VALOR) values (to_date('14/03/13','DD/MM/RR'),'39',null,null,'11','1016','1');
Insert into DESCARGA (FECHA,USO_ID,VERSION_ID,VER_APL_ID,OTRO_ID,ITEM,VALOR) values (to_date('04/10/13','DD/MM/RR'),'30',null,null,'26','1017','4');
Insert into DESCARGA (FECHA,USO_ID,VERSION_ID,VER_APL_ID,OTRO_ID,ITEM,VALOR) values (to_date('21/06/12','DD/MM/RR'),'8',null,null,'12','1018','2');
Insert into DESCARGA (FECHA,USO_ID,VERSION_ID,VER_APL_ID,OTRO_ID,ITEM,VALOR) values (to_date('18/06/13','DD/MM/RR'),'14',null,null,'9','1019','2');
Insert into DESCARGA (FECHA,USO_ID,VERSION_ID,VER_APL_ID,OTRO_ID,ITEM,VALOR) values (to_date('29/05/14','DD/MM/RR'),'10',null,null,'25','1020','2');
Insert into DESCARGA (FECHA,USO_ID,VERSION_ID,VER_APL_ID,OTRO_ID,ITEM,VALOR) values (to_date('17/11/13','DD/MM/RR'),'35',null,null,'20','1021','4');
Insert into DESCARGA (FECHA,USO_ID,VERSION_ID,VER_APL_ID,OTRO_ID,ITEM,VALOR) values (to_date('29/03/14','DD/MM/RR'),'16',null,null,'38','1022','4');
Insert into DESCARGA (FECHA,USO_ID,VERSION_ID,VER_APL_ID,OTRO_ID,ITEM,VALOR) values (to_date('06/07/13','DD/MM/RR'),'25',null,null,'20','1023','0');
Insert into DESCARGA (FECHA,USO_ID,VERSION_ID,VER_APL_ID,OTRO_ID,ITEM,VALOR) values (to_date('09/11/13','DD/MM/RR'),'23',null,null,'4','1024','5');
Insert into DESCARGA (FECHA,USO_ID,VERSION_ID,VER_APL_ID,OTRO_ID,ITEM,VALOR) values (to_date('14/12/12','DD/MM/RR'),'3',null,null,'27','1025','3');
Insert into DESCARGA (FECHA,USO_ID,VERSION_ID,VER_APL_ID,OTRO_ID,ITEM,VALOR) values (to_date('22/01/13','DD/MM/RR'),'17',null,null,'6','1026','5');
Insert into DESCARGA (FECHA,USO_ID,VERSION_ID,VER_APL_ID,OTRO_ID,ITEM,VALOR) values (to_date('25/10/13','DD/MM/RR'),'17',null,null,'40','1027','5');
Insert into DESCARGA (FECHA,USO_ID,VERSION_ID,VER_APL_ID,OTRO_ID,ITEM,VALOR) values (to_date('03/02/14','DD/MM/RR'),'29',null,null,'23','1028','3');
Insert into DESCARGA (FECHA,USO_ID,VERSION_ID,VER_APL_ID,OTRO_ID,ITEM,VALOR) values (to_date('02/09/14','DD/MM/RR'),'1',null,null,'12','1029','4');
Insert into DESCARGA (FECHA,USO_ID,VERSION_ID,VER_APL_ID,OTRO_ID,ITEM,VALOR) values (to_date('22/08/14','DD/MM/RR'),'34',null,null,'28','1030','0');
Insert into DESCARGA (FECHA,USO_ID,VERSION_ID,VER_APL_ID,OTRO_ID,ITEM,VALOR) values (to_date('20/08/13','DD/MM/RR'),'7',null,null,'22','1031','4');
Insert into DESCARGA (FECHA,USO_ID,VERSION_ID,VER_APL_ID,OTRO_ID,ITEM,VALOR) values (to_date('18/08/12','DD/MM/RR'),'17',null,null,'25','1032','1');
Insert into DESCARGA (FECHA,USO_ID,VERSION_ID,VER_APL_ID,OTRO_ID,ITEM,VALOR) values (to_date('18/11/14','DD/MM/RR'),'7',null,null,'7','1033','4');
Insert into DESCARGA (FECHA,USO_ID,VERSION_ID,VER_APL_ID,OTRO_ID,ITEM,VALOR) values (to_date('18/11/12','DD/MM/RR'),'5',null,null,'45','1034','4');
Insert into DESCARGA (FECHA,USO_ID,VERSION_ID,VER_APL_ID,OTRO_ID,ITEM,VALOR) values (to_date('07/09/12','DD/MM/RR'),'24',null,null,'17','1035','4');
Insert into DESCARGA (FECHA,USO_ID,VERSION_ID,VER_APL_ID,OTRO_ID,ITEM,VALOR) values (to_date('20/01/13','DD/MM/RR'),'21',null,null,'47','1036','1');
Insert into DESCARGA (FECHA,USO_ID,VERSION_ID,VER_APL_ID,OTRO_ID,ITEM,VALOR) values (to_date('16/10/13','DD/MM/RR'),'13',null,null,'10','1037','1');
Insert into DESCARGA (FECHA,USO_ID,VERSION_ID,VER_APL_ID,OTRO_ID,ITEM,VALOR) values (to_date('12/09/12','DD/MM/RR'),'39',null,null,'22','1038','0');
Insert into DESCARGA (FECHA,USO_ID,VERSION_ID,VER_APL_ID,OTRO_ID,ITEM,VALOR) values (to_date('04/11/14','DD/MM/RR'),'19',null,null,'13','1039','4');
Insert into DESCARGA (FECHA,USO_ID,VERSION_ID,VER_APL_ID,OTRO_ID,ITEM,VALOR) values (to_date('21/08/14','DD/MM/RR'),'20',null,null,'14','1040','4');
Insert into DESCARGA (FECHA,USO_ID,VERSION_ID,VER_APL_ID,OTRO_ID,ITEM,VALOR) values (to_date('12/03/13','DD/MM/RR'),'23',null,null,'5','1041','3');
Insert into DESCARGA (FECHA,USO_ID,VERSION_ID,VER_APL_ID,OTRO_ID,ITEM,VALOR) values (to_date('15/05/13','DD/MM/RR'),'2',null,null,'26','1042','0');
Insert into DESCARGA (FECHA,USO_ID,VERSION_ID,VER_APL_ID,OTRO_ID,ITEM,VALOR) values (to_date('02/09/14','DD/MM/RR'),'6',null,null,'38','1043','1');
Insert into DESCARGA (FECHA,USO_ID,VERSION_ID,VER_APL_ID,OTRO_ID,ITEM,VALOR) values (to_date('20/04/14','DD/MM/RR'),'8',null,null,'28','1044','1');
Insert into DESCARGA (FECHA,USO_ID,VERSION_ID,VER_APL_ID,OTRO_ID,ITEM,VALOR) values (to_date('20/08/13','DD/MM/RR'),'26',null,null,'12','1045','2');
Insert into DESCARGA (FECHA,USO_ID,VERSION_ID,VER_APL_ID,OTRO_ID,ITEM,VALOR) values (to_date('18/02/14','DD/MM/RR'),'16',null,null,'31','1046','1');
Insert into DESCARGA (FECHA,USO_ID,VERSION_ID,VER_APL_ID,OTRO_ID,ITEM,VALOR) values (to_date('06/08/14','DD/MM/RR'),'13',null,null,'13','1047','1');
Insert into DESCARGA (FECHA,USO_ID,VERSION_ID,VER_APL_ID,OTRO_ID,ITEM,VALOR) values (to_date('19/12/14','DD/MM/RR'),'22',null,null,'1','1048','0');
Insert into DESCARGA (FECHA,USO_ID,VERSION_ID,VER_APL_ID,OTRO_ID,ITEM,VALOR) values (to_date('14/08/14','DD/MM/RR'),'2',null,null,'1','1049','1');
Insert into DESCARGA (FECHA,USO_ID,VERSION_ID,VER_APL_ID,OTRO_ID,ITEM,VALOR) values (to_date('15/04/14','DD/MM/RR'),'26',null,null,'4','1050','4');
Insert into DESCARGA (FECHA,USO_ID,VERSION_ID,VER_APL_ID,OTRO_ID,ITEM,VALOR) values (to_date('29/09/13','DD/MM/RR'),'8',null,null,'33','1051','4');
Insert into DESCARGA (FECHA,USO_ID,VERSION_ID,VER_APL_ID,OTRO_ID,ITEM,VALOR) values (to_date('04/10/14','DD/MM/RR'),'5',null,null,'19','1052','0');
Insert into DESCARGA (FECHA,USO_ID,VERSION_ID,VER_APL_ID,OTRO_ID,ITEM,VALOR) values (to_date('15/02/14','DD/MM/RR'),'1',null,null,'33','1053','2');
Insert into DESCARGA (FECHA,USO_ID,VERSION_ID,VER_APL_ID,OTRO_ID,ITEM,VALOR) values (to_date('20/06/12','DD/MM/RR'),'21',null,null,'25','1054','1');
Insert into DESCARGA (FECHA,USO_ID,VERSION_ID,VER_APL_ID,OTRO_ID,ITEM,VALOR) values (to_date('23/05/14','DD/MM/RR'),'32',null,null,'10','1055','1');
Insert into DESCARGA (FECHA,USO_ID,VERSION_ID,VER_APL_ID,OTRO_ID,ITEM,VALOR) values (to_date('23/12/13','DD/MM/RR'),'24',null,null,'27','1056','3');
Insert into DESCARGA (FECHA,USO_ID,VERSION_ID,VER_APL_ID,OTRO_ID,ITEM,VALOR) values (to_date('14/09/14','DD/MM/RR'),'3',null,null,'22','1057','4');
Insert into DESCARGA (FECHA,USO_ID,VERSION_ID,VER_APL_ID,OTRO_ID,ITEM,VALOR) values (to_date('22/05/13','DD/MM/RR'),'3',null,null,'7','1058','4');
Insert into DESCARGA (FECHA,USO_ID,VERSION_ID,VER_APL_ID,OTRO_ID,ITEM,VALOR) values (to_date('25/12/14','DD/MM/RR'),'32',null,null,'49','1059','3');
Insert into DESCARGA (FECHA,USO_ID,VERSION_ID,VER_APL_ID,OTRO_ID,ITEM,VALOR) values (to_date('06/02/15','DD/MM/RR'),'9',null,null,'14','1060','3');
Insert into DESCARGA (FECHA,USO_ID,VERSION_ID,VER_APL_ID,OTRO_ID,ITEM,VALOR) values (to_date('15/11/13','DD/MM/RR'),'17',null,null,'26','1061','2');
Insert into DESCARGA (FECHA,USO_ID,VERSION_ID,VER_APL_ID,OTRO_ID,ITEM,VALOR) values (to_date('20/02/13','DD/MM/RR'),'4',null,null,'23','1062','3');
Insert into DESCARGA (FECHA,USO_ID,VERSION_ID,VER_APL_ID,OTRO_ID,ITEM,VALOR) values (to_date('29/12/12','DD/MM/RR'),'16',null,null,'6','1063','2');
Insert into DESCARGA (FECHA,USO_ID,VERSION_ID,VER_APL_ID,OTRO_ID,ITEM,VALOR) values (to_date('11/11/14','DD/MM/RR'),'24',null,null,'28','1064','5');
Insert into DESCARGA (FECHA,USO_ID,VERSION_ID,VER_APL_ID,OTRO_ID,ITEM,VALOR) values (to_date('17/06/14','DD/MM/RR'),'21',null,null,'7','1065','0');
Insert into DESCARGA (FECHA,USO_ID,VERSION_ID,VER_APL_ID,OTRO_ID,ITEM,VALOR) values (to_date('06/01/13','DD/MM/RR'),'11',null,null,'20','1066','1');
Insert into DESCARGA (FECHA,USO_ID,VERSION_ID,VER_APL_ID,OTRO_ID,ITEM,VALOR) values (to_date('16/10/12','DD/MM/RR'),'13',null,null,'24','1067','0');
Insert into DESCARGA (FECHA,USO_ID,VERSION_ID,VER_APL_ID,OTRO_ID,ITEM,VALOR) values (to_date('25/09/14','DD/MM/RR'),'31',null,null,'26','1068','3');
Insert into DESCARGA (FECHA,USO_ID,VERSION_ID,VER_APL_ID,OTRO_ID,ITEM,VALOR) values (to_date('12/10/14','DD/MM/RR'),'22',null,null,'4','1069','5');
Insert into DESCARGA (FECHA,USO_ID,VERSION_ID,VER_APL_ID,OTRO_ID,ITEM,VALOR) values (to_date('24/09/14','DD/MM/RR'),'33',null,null,'33','1070','3');
Insert into DESCARGA (FECHA,USO_ID,VERSION_ID,VER_APL_ID,OTRO_ID,ITEM,VALOR) values (to_date('01/01/14','DD/MM/RR'),'6',null,null,'20','1071','3');
Insert into DESCARGA (FECHA,USO_ID,VERSION_ID,VER_APL_ID,OTRO_ID,ITEM,VALOR) values (to_date('15/07/14','DD/MM/RR'),'29',null,null,'35','1072','3');
Insert into DESCARGA (FECHA,USO_ID,VERSION_ID,VER_APL_ID,OTRO_ID,ITEM,VALOR) values (to_date('29/07/12','DD/MM/RR'),'6',null,null,'23','1073','0');
Insert into DESCARGA (FECHA,USO_ID,VERSION_ID,VER_APL_ID,OTRO_ID,ITEM,VALOR) values (to_date('02/01/13','DD/MM/RR'),'8',null,null,'11','1074','5');
Insert into DESCARGA (FECHA,USO_ID,VERSION_ID,VER_APL_ID,OTRO_ID,ITEM,VALOR) values (to_date('06/07/13','DD/MM/RR'),'16',null,null,'47','1075','2');
Insert into DESCARGA (FECHA,USO_ID,VERSION_ID,VER_APL_ID,OTRO_ID,ITEM,VALOR) values (to_date('03/05/13','DD/MM/RR'),'7',null,null,'9','1076','0');
Insert into DESCARGA (FECHA,USO_ID,VERSION_ID,VER_APL_ID,OTRO_ID,ITEM,VALOR) values (to_date('17/01/15','DD/MM/RR'),'21',null,null,'20','1077','2');
Insert into DESCARGA (FECHA,USO_ID,VERSION_ID,VER_APL_ID,OTRO_ID,ITEM,VALOR) values (to_date('15/07/13','DD/MM/RR'),'36',null,null,'31','1078','1');
Insert into DESCARGA (FECHA,USO_ID,VERSION_ID,VER_APL_ID,OTRO_ID,ITEM,VALOR) values (to_date('15/06/14','DD/MM/RR'),'12',null,null,'31','1079','4');
Insert into DESCARGA (FECHA,USO_ID,VERSION_ID,VER_APL_ID,OTRO_ID,ITEM,VALOR) values (to_date('17/04/14','DD/MM/RR'),'5',null,null,'4','1080','4');
Insert into DESCARGA (FECHA,USO_ID,VERSION_ID,VER_APL_ID,OTRO_ID,ITEM,VALOR) values (to_date('06/03/14','DD/MM/RR'),'35',null,null,'7','1081','4');
Insert into DESCARGA (FECHA,USO_ID,VERSION_ID,VER_APL_ID,OTRO_ID,ITEM,VALOR) values (to_date('20/12/12','DD/MM/RR'),'29',null,null,'43','1082','2');
Insert into DESCARGA (FECHA,USO_ID,VERSION_ID,VER_APL_ID,OTRO_ID,ITEM,VALOR) values (to_date('14/04/13','DD/MM/RR'),'8',null,null,'14','1083','4');
Insert into DESCARGA (FECHA,USO_ID,VERSION_ID,VER_APL_ID,OTRO_ID,ITEM,VALOR) values (to_date('02/12/13','DD/MM/RR'),'37',null,null,'24','1084','4');
Insert into DESCARGA (FECHA,USO_ID,VERSION_ID,VER_APL_ID,OTRO_ID,ITEM,VALOR) values (to_date('19/09/13','DD/MM/RR'),'9',null,null,'4','1085','4');
Insert into DESCARGA (FECHA,USO_ID,VERSION_ID,VER_APL_ID,OTRO_ID,ITEM,VALOR) values (to_date('12/12/13','DD/MM/RR'),'25',null,null,'1','1086','0');
Insert into DESCARGA (FECHA,USO_ID,VERSION_ID,VER_APL_ID,OTRO_ID,ITEM,VALOR) values (to_date('23/11/13','DD/MM/RR'),'32',null,null,'21','1087','1');
Insert into DESCARGA (FECHA,USO_ID,VERSION_ID,VER_APL_ID,OTRO_ID,ITEM,VALOR) values (to_date('13/12/14','DD/MM/RR'),'7',null,null,'4','1088','0');
Insert into DESCARGA (FECHA,USO_ID,VERSION_ID,VER_APL_ID,OTRO_ID,ITEM,VALOR) values (to_date('05/04/14','DD/MM/RR'),'1',null,null,'23','1089','5');
Insert into DESCARGA (FECHA,USO_ID,VERSION_ID,VER_APL_ID,OTRO_ID,ITEM,VALOR) values (to_date('12/06/12','DD/MM/RR'),'22',null,null,'5','1090','3');
Insert into DESCARGA (FECHA,USO_ID,VERSION_ID,VER_APL_ID,OTRO_ID,ITEM,VALOR) values (to_date('01/10/13','DD/MM/RR'),'38',null,null,'10','1091','3');
Insert into DESCARGA (FECHA,USO_ID,VERSION_ID,VER_APL_ID,OTRO_ID,ITEM,VALOR) values (to_date('15/12/12','DD/MM/RR'),'20',null,null,'42','1092','1');
Insert into DESCARGA (FECHA,USO_ID,VERSION_ID,VER_APL_ID,OTRO_ID,ITEM,VALOR) values (to_date('20/11/14','DD/MM/RR'),'31',null,null,'8','1093','3');
Insert into DESCARGA (FECHA,USO_ID,VERSION_ID,VER_APL_ID,OTRO_ID,ITEM,VALOR) values (to_date('10/06/14','DD/MM/RR'),'34',null,null,'11','1094','1');
Insert into DESCARGA (FECHA,USO_ID,VERSION_ID,VER_APL_ID,OTRO_ID,ITEM,VALOR) values (to_date('12/09/14','DD/MM/RR'),'8',null,null,'29','1095','2');
Insert into DESCARGA (FECHA,USO_ID,VERSION_ID,VER_APL_ID,OTRO_ID,ITEM,VALOR) values (to_date('16/07/14','DD/MM/RR'),'7',null,null,'12','1096','0');
Insert into DESCARGA (FECHA,USO_ID,VERSION_ID,VER_APL_ID,OTRO_ID,ITEM,VALOR) values (to_date('05/11/12','DD/MM/RR'),'18',null,null,'31','1097','5');
Insert into DESCARGA (FECHA,USO_ID,VERSION_ID,VER_APL_ID,OTRO_ID,ITEM,VALOR) values (to_date('17/07/13','DD/MM/RR'),'30',null,null,'40','1098','2');
Insert into DESCARGA (FECHA,USO_ID,VERSION_ID,VER_APL_ID,OTRO_ID,ITEM,VALOR) values (to_date('26/02/14','DD/MM/RR'),'11',null,null,'26','1099','4');
Insert into DESCARGA (FECHA,USO_ID,VERSION_ID,VER_APL_ID,OTRO_ID,ITEM,VALOR) values (to_date('26/07/12','DD/MM/RR'),'29',null,null,'17','1100','5');
Insert into DESCARGA (FECHA,USO_ID,VERSION_ID,VER_APL_ID,OTRO_ID,ITEM,VALOR) values (to_date('04/11/12','DD/MM/RR'),'6',null,null,'14','1101','2');
Insert into DESCARGA (FECHA,USO_ID,VERSION_ID,VER_APL_ID,OTRO_ID,ITEM,VALOR) values (to_date('20/09/13','DD/MM/RR'),'15',null,null,'7','1102','2');
Insert into DESCARGA (FECHA,USO_ID,VERSION_ID,VER_APL_ID,OTRO_ID,ITEM,VALOR) values (to_date('23/12/13','DD/MM/RR'),'33',null,null,'35','1103','1');
Insert into DESCARGA (FECHA,USO_ID,VERSION_ID,VER_APL_ID,OTRO_ID,ITEM,VALOR) values (to_date('24/06/12','DD/MM/RR'),'20',null,null,'17','1104','1');
Insert into DESCARGA (FECHA,USO_ID,VERSION_ID,VER_APL_ID,OTRO_ID,ITEM,VALOR) values (to_date('24/04/13','DD/MM/RR'),'1',null,null,'31','1105','1');
Insert into DESCARGA (FECHA,USO_ID,VERSION_ID,VER_APL_ID,OTRO_ID,ITEM,VALOR) values (to_date('05/11/13','DD/MM/RR'),'19',null,null,'6','1106','0');
Insert into DESCARGA (FECHA,USO_ID,VERSION_ID,VER_APL_ID,OTRO_ID,ITEM,VALOR) values (to_date('04/03/13','DD/MM/RR'),'6',null,null,'29','1107','4');
Insert into DESCARGA (FECHA,USO_ID,VERSION_ID,VER_APL_ID,OTRO_ID,ITEM,VALOR) values (to_date('12/10/14','DD/MM/RR'),'19',null,null,'1','1108','2');
Insert into DESCARGA (FECHA,USO_ID,VERSION_ID,VER_APL_ID,OTRO_ID,ITEM,VALOR) values (to_date('09/07/14','DD/MM/RR'),'39',null,null,'42','1109','2');
Insert into DESCARGA (FECHA,USO_ID,VERSION_ID,VER_APL_ID,OTRO_ID,ITEM,VALOR) values (to_date('26/09/12','DD/MM/RR'),'11',null,null,'35','1110','4');
Insert into DESCARGA (FECHA,USO_ID,VERSION_ID,VER_APL_ID,OTRO_ID,ITEM,VALOR) values (to_date('02/10/13','DD/MM/RR'),'18',null,null,'20','1111','3');
Insert into DESCARGA (FECHA,USO_ID,VERSION_ID,VER_APL_ID,OTRO_ID,ITEM,VALOR) values (to_date('19/08/14','DD/MM/RR'),'30',null,null,'18','1112','3');
Insert into DESCARGA (FECHA,USO_ID,VERSION_ID,VER_APL_ID,OTRO_ID,ITEM,VALOR) values (to_date('24/11/13','DD/MM/RR'),'6',null,null,'16','1113','0');
Insert into DESCARGA (FECHA,USO_ID,VERSION_ID,VER_APL_ID,OTRO_ID,ITEM,VALOR) values (to_date('19/07/13','DD/MM/RR'),'24',null,null,'45','1114','1');
Insert into DESCARGA (FECHA,USO_ID,VERSION_ID,VER_APL_ID,OTRO_ID,ITEM,VALOR) values (to_date('02/08/14','DD/MM/RR'),'33',null,null,'4','1115','4');
Insert into DESCARGA (FECHA,USO_ID,VERSION_ID,VER_APL_ID,OTRO_ID,ITEM,VALOR) values (to_date('20/07/14','DD/MM/RR'),'24',null,null,'19','1116','2');
Insert into DESCARGA (FECHA,USO_ID,VERSION_ID,VER_APL_ID,OTRO_ID,ITEM,VALOR) values (to_date('16/05/13','DD/MM/RR'),'16',null,null,'39','1117','1');
Insert into DESCARGA (FECHA,USO_ID,VERSION_ID,VER_APL_ID,OTRO_ID,ITEM,VALOR) values (to_date('18/10/13','DD/MM/RR'),'28',null,null,'40','1118','4');
Insert into DESCARGA (FECHA,USO_ID,VERSION_ID,VER_APL_ID,OTRO_ID,ITEM,VALOR) values (to_date('11/12/13','DD/MM/RR'),'14',null,null,'1','1119','5');
Insert into DESCARGA (FECHA,USO_ID,VERSION_ID,VER_APL_ID,OTRO_ID,ITEM,VALOR) values (to_date('06/04/13','DD/MM/RR'),'14',null,null,'24','1120','2');
Insert into DESCARGA (FECHA,USO_ID,VERSION_ID,VER_APL_ID,OTRO_ID,ITEM,VALOR) values (to_date('22/08/13','DD/MM/RR'),'13',null,null,'22','1121','4');
Insert into DESCARGA (FECHA,USO_ID,VERSION_ID,VER_APL_ID,OTRO_ID,ITEM,VALOR) values (to_date('07/10/12','DD/MM/RR'),'38',null,null,'12','1122','3');
Insert into DESCARGA (FECHA,USO_ID,VERSION_ID,VER_APL_ID,OTRO_ID,ITEM,VALOR) values (to_date('08/11/12','DD/MM/RR'),'33',null,null,'43','1123','2');
Insert into DESCARGA (FECHA,USO_ID,VERSION_ID,VER_APL_ID,OTRO_ID,ITEM,VALOR) values (to_date('23/12/12','DD/MM/RR'),'27',null,null,'42','1124','4');
Insert into DESCARGA (FECHA,USO_ID,VERSION_ID,VER_APL_ID,OTRO_ID,ITEM,VALOR) values (to_date('09/10/14','DD/MM/RR'),'25',null,null,'23','1125','3');
Insert into DESCARGA (FECHA,USO_ID,VERSION_ID,VER_APL_ID,OTRO_ID,ITEM,VALOR) values (to_date('06/04/13','DD/MM/RR'),'8',null,null,'40','1126','3');
Insert into DESCARGA (FECHA,USO_ID,VERSION_ID,VER_APL_ID,OTRO_ID,ITEM,VALOR) values (to_date('01/11/12','DD/MM/RR'),'11',null,null,'8','1127','3');
Insert into DESCARGA (FECHA,USO_ID,VERSION_ID,VER_APL_ID,OTRO_ID,ITEM,VALOR) values (to_date('23/05/14','DD/MM/RR'),'23',null,null,'35','1128','1');
Insert into DESCARGA (FECHA,USO_ID,VERSION_ID,VER_APL_ID,OTRO_ID,ITEM,VALOR) values (to_date('11/07/13','DD/MM/RR'),'9',null,null,'45','1129','5');
Insert into DESCARGA (FECHA,USO_ID,VERSION_ID,VER_APL_ID,OTRO_ID,ITEM,VALOR) values (to_date('29/08/12','DD/MM/RR'),'31',null,null,'21','1130','4');
Insert into DESCARGA (FECHA,USO_ID,VERSION_ID,VER_APL_ID,OTRO_ID,ITEM,VALOR) values (to_date('03/10/12','DD/MM/RR'),'26',null,null,'19','1131','3');
Insert into DESCARGA (FECHA,USO_ID,VERSION_ID,VER_APL_ID,OTRO_ID,ITEM,VALOR) values (to_date('17/09/14','DD/MM/RR'),'23',null,null,'6','1132','4');
Insert into DESCARGA (FECHA,USO_ID,VERSION_ID,VER_APL_ID,OTRO_ID,ITEM,VALOR) values (to_date('24/08/13','DD/MM/RR'),'1',null,null,'49','1133','0');
Insert into DESCARGA (FECHA,USO_ID,VERSION_ID,VER_APL_ID,OTRO_ID,ITEM,VALOR) values (to_date('09/05/14','DD/MM/RR'),'10',null,null,'3','1134','4');
Insert into DESCARGA (FECHA,USO_ID,VERSION_ID,VER_APL_ID,OTRO_ID,ITEM,VALOR) values (to_date('10/02/14','DD/MM/RR'),'30',null,null,'30','1135','3');
Insert into DESCARGA (FECHA,USO_ID,VERSION_ID,VER_APL_ID,OTRO_ID,ITEM,VALOR) values (to_date('30/06/14','DD/MM/RR'),'30',null,null,'12','1136','1');
Insert into DESCARGA (FECHA,USO_ID,VERSION_ID,VER_APL_ID,OTRO_ID,ITEM,VALOR) values (to_date('18/07/13','DD/MM/RR'),'37',null,null,'23','1137','3');
Insert into DESCARGA (FECHA,USO_ID,VERSION_ID,VER_APL_ID,OTRO_ID,ITEM,VALOR) values (to_date('17/04/14','DD/MM/RR'),'6',null,null,'2','1138','3');
Insert into DESCARGA (FECHA,USO_ID,VERSION_ID,VER_APL_ID,OTRO_ID,ITEM,VALOR) values (to_date('22/12/13','DD/MM/RR'),'26',null,null,'29','1139','1');
Insert into DESCARGA (FECHA,USO_ID,VERSION_ID,VER_APL_ID,OTRO_ID,ITEM,VALOR) values (to_date('03/12/12','DD/MM/RR'),'13',null,null,'29','1140','5');
Insert into DESCARGA (FECHA,USO_ID,VERSION_ID,VER_APL_ID,OTRO_ID,ITEM,VALOR) values (to_date('11/12/14','DD/MM/RR'),'7',null,null,'29','1141','2');
Insert into DESCARGA (FECHA,USO_ID,VERSION_ID,VER_APL_ID,OTRO_ID,ITEM,VALOR) values (to_date('28/02/13','DD/MM/RR'),'36',null,null,'49','1142','3');
Insert into DESCARGA (FECHA,USO_ID,VERSION_ID,VER_APL_ID,OTRO_ID,ITEM,VALOR) values (to_date('20/09/12','DD/MM/RR'),'20',null,null,'40','1143','5');
Insert into DESCARGA (FECHA,USO_ID,VERSION_ID,VER_APL_ID,OTRO_ID,ITEM,VALOR) values (to_date('08/08/12','DD/MM/RR'),'13',null,null,'1','1144','3');
Insert into DESCARGA (FECHA,USO_ID,VERSION_ID,VER_APL_ID,OTRO_ID,ITEM,VALOR) values (to_date('05/12/14','DD/MM/RR'),'21',null,null,'29','1145','1');
Insert into DESCARGA (FECHA,USO_ID,VERSION_ID,VER_APL_ID,OTRO_ID,ITEM,VALOR) values (to_date('07/12/14','DD/MM/RR'),'24',null,null,'12','1146','0');
Insert into DESCARGA (FECHA,USO_ID,VERSION_ID,VER_APL_ID,OTRO_ID,ITEM,VALOR) values (to_date('14/06/12','DD/MM/RR'),'12',null,null,'23','1147','2');
Insert into DESCARGA (FECHA,USO_ID,VERSION_ID,VER_APL_ID,OTRO_ID,ITEM,VALOR) values (to_date('01/03/14','DD/MM/RR'),'15',null,null,'43','1148','0');
Insert into DESCARGA (FECHA,USO_ID,VERSION_ID,VER_APL_ID,OTRO_ID,ITEM,VALOR) values (to_date('16/03/14','DD/MM/RR'),'1',null,null,'8','1149','0');
Insert into DESCARGA (FECHA,USO_ID,VERSION_ID,VER_APL_ID,OTRO_ID,ITEM,VALOR) values (to_date('02/12/12','DD/MM/RR'),'25',null,null,'24','1150','5');
Insert into DESCARGA (FECHA,USO_ID,VERSION_ID,VER_APL_ID,OTRO_ID,ITEM,VALOR) values (to_date('22/01/15','DD/MM/RR'),'4',null,null,'49','1151','1');
Insert into DESCARGA (FECHA,USO_ID,VERSION_ID,VER_APL_ID,OTRO_ID,ITEM,VALOR) values (to_date('27/09/12','DD/MM/RR'),'6',null,null,'30','1152','4');
Insert into DESCARGA (FECHA,USO_ID,VERSION_ID,VER_APL_ID,OTRO_ID,ITEM,VALOR) values (to_date('26/11/14','DD/MM/RR'),'13',null,null,'30','1153','3');
Insert into DESCARGA (FECHA,USO_ID,VERSION_ID,VER_APL_ID,OTRO_ID,ITEM,VALOR) values (to_date('10/11/13','DD/MM/RR'),'6',null,null,'22','1154','1');
Insert into DESCARGA (FECHA,USO_ID,VERSION_ID,VER_APL_ID,OTRO_ID,ITEM,VALOR) values (to_date('16/02/13','DD/MM/RR'),'9',null,null,'20','1155','4');
Insert into DESCARGA (FECHA,USO_ID,VERSION_ID,VER_APL_ID,OTRO_ID,ITEM,VALOR) values (to_date('11/08/14','DD/MM/RR'),'22',null,null,'10','1156','5');
Insert into DESCARGA (FECHA,USO_ID,VERSION_ID,VER_APL_ID,OTRO_ID,ITEM,VALOR) values (to_date('22/11/14','DD/MM/RR'),'32',null,null,'8','1157','1');
Insert into DESCARGA (FECHA,USO_ID,VERSION_ID,VER_APL_ID,OTRO_ID,ITEM,VALOR) values (to_date('02/09/12','DD/MM/RR'),'5',null,null,'35','1158','3');
Insert into DESCARGA (FECHA,USO_ID,VERSION_ID,VER_APL_ID,OTRO_ID,ITEM,VALOR) values (to_date('21/09/13','DD/MM/RR'),'8',null,null,'22','1159','3');
Insert into DESCARGA (FECHA,USO_ID,VERSION_ID,VER_APL_ID,OTRO_ID,ITEM,VALOR) values (to_date('25/02/13','DD/MM/RR'),'21',null,null,'22','1160','3');
Insert into DESCARGA (FECHA,USO_ID,VERSION_ID,VER_APL_ID,OTRO_ID,ITEM,VALOR) values (to_date('25/08/12','DD/MM/RR'),'33',null,null,'8','1161','4');
Insert into DESCARGA (FECHA,USO_ID,VERSION_ID,VER_APL_ID,OTRO_ID,ITEM,VALOR) values (to_date('06/06/13','DD/MM/RR'),'7',null,null,'35','1162','3');
Insert into DESCARGA (FECHA,USO_ID,VERSION_ID,VER_APL_ID,OTRO_ID,ITEM,VALOR) values (to_date('14/08/14','DD/MM/RR'),'19',null,null,'4','1163','5');
Insert into DESCARGA (FECHA,USO_ID,VERSION_ID,VER_APL_ID,OTRO_ID,ITEM,VALOR) values (to_date('07/11/14','DD/MM/RR'),'29',null,null,'47','1164','2');
Insert into DESCARGA (FECHA,USO_ID,VERSION_ID,VER_APL_ID,OTRO_ID,ITEM,VALOR) values (to_date('04/02/14','DD/MM/RR'),'7',null,null,'16','1165','2');
Insert into DESCARGA (FECHA,USO_ID,VERSION_ID,VER_APL_ID,OTRO_ID,ITEM,VALOR) values (to_date('20/12/14','DD/MM/RR'),'30',null,null,'13','1166','3');
Insert into DESCARGA (FECHA,USO_ID,VERSION_ID,VER_APL_ID,OTRO_ID,ITEM,VALOR) values (to_date('18/11/12','DD/MM/RR'),'19',null,null,'31','1167','5');
Insert into DESCARGA (FECHA,USO_ID,VERSION_ID,VER_APL_ID,OTRO_ID,ITEM,VALOR) values (to_date('24/09/13','DD/MM/RR'),'34',null,null,'42','1168','4');
Insert into DESCARGA (FECHA,USO_ID,VERSION_ID,VER_APL_ID,OTRO_ID,ITEM,VALOR) values (to_date('11/03/13','DD/MM/RR'),'1',null,null,'2','1169','5');
Insert into DESCARGA (FECHA,USO_ID,VERSION_ID,VER_APL_ID,OTRO_ID,ITEM,VALOR) values (to_date('08/09/12','DD/MM/RR'),'18',null,null,'9','1170','3');
Insert into DESCARGA (FECHA,USO_ID,VERSION_ID,VER_APL_ID,OTRO_ID,ITEM,VALOR) values (to_date('15/09/12','DD/MM/RR'),'29',null,null,'39','1171','4');
Insert into DESCARGA (FECHA,USO_ID,VERSION_ID,VER_APL_ID,OTRO_ID,ITEM,VALOR) values (to_date('17/06/13','DD/MM/RR'),'29',null,null,'31','1172','1');
Insert into DESCARGA (FECHA,USO_ID,VERSION_ID,VER_APL_ID,OTRO_ID,ITEM,VALOR) values (to_date('31/07/12','DD/MM/RR'),'1',null,null,'20','1173','2');
Insert into DESCARGA (FECHA,USO_ID,VERSION_ID,VER_APL_ID,OTRO_ID,ITEM,VALOR) values (to_date('24/09/13','DD/MM/RR'),'4',null,null,'40','1174','4');
Insert into DESCARGA (FECHA,USO_ID,VERSION_ID,VER_APL_ID,OTRO_ID,ITEM,VALOR) values (to_date('17/06/14','DD/MM/RR'),'11',null,null,'47','1175','0');
Insert into DESCARGA (FECHA,USO_ID,VERSION_ID,VER_APL_ID,OTRO_ID,ITEM,VALOR) values (to_date('14/10/12','DD/MM/RR'),'17',null,null,'17','1176','4');
Insert into DESCARGA (FECHA,USO_ID,VERSION_ID,VER_APL_ID,OTRO_ID,ITEM,VALOR) values (to_date('18/01/13','DD/MM/RR'),'17',null,null,'42','1177','1');
Insert into DESCARGA (FECHA,USO_ID,VERSION_ID,VER_APL_ID,OTRO_ID,ITEM,VALOR) values (to_date('07/03/14','DD/MM/RR'),'39',null,null,'20','1178','4');
Insert into DESCARGA (FECHA,USO_ID,VERSION_ID,VER_APL_ID,OTRO_ID,ITEM,VALOR) values (to_date('22/10/14','DD/MM/RR'),'36',null,null,'33','1179','1');
Insert into DESCARGA (FECHA,USO_ID,VERSION_ID,VER_APL_ID,OTRO_ID,ITEM,VALOR) values (to_date('25/09/14','DD/MM/RR'),'2',null,null,'33','1180','0');
Insert into DESCARGA (FECHA,USO_ID,VERSION_ID,VER_APL_ID,OTRO_ID,ITEM,VALOR) values (to_date('04/09/13','DD/MM/RR'),'12',null,null,'1','1181','4');
Insert into DESCARGA (FECHA,USO_ID,VERSION_ID,VER_APL_ID,OTRO_ID,ITEM,VALOR) values (to_date('01/03/13','DD/MM/RR'),'37',null,null,'43','1182','4');
Insert into DESCARGA (FECHA,USO_ID,VERSION_ID,VER_APL_ID,OTRO_ID,ITEM,VALOR) values (to_date('31/08/14','DD/MM/RR'),'24',null,null,'23','1183','5');
Insert into DESCARGA (FECHA,USO_ID,VERSION_ID,VER_APL_ID,OTRO_ID,ITEM,VALOR) values (to_date('04/01/14','DD/MM/RR'),'34',null,null,'30','1184','4');
Insert into DESCARGA (FECHA,USO_ID,VERSION_ID,VER_APL_ID,OTRO_ID,ITEM,VALOR) values (to_date('28/10/14','DD/MM/RR'),'1',null,null,'43','1185','2');
Insert into DESCARGA (FECHA,USO_ID,VERSION_ID,VER_APL_ID,OTRO_ID,ITEM,VALOR) values (to_date('25/09/12','DD/MM/RR'),'24',null,null,'2','1186','4');
Insert into DESCARGA (FECHA,USO_ID,VERSION_ID,VER_APL_ID,OTRO_ID,ITEM,VALOR) values (to_date('12/11/13','DD/MM/RR'),'4',null,null,'39','1187','4');
Insert into DESCARGA (FECHA,USO_ID,VERSION_ID,VER_APL_ID,OTRO_ID,ITEM,VALOR) values (to_date('09/09/14','DD/MM/RR'),'9',null,null,'19','1188','2');
Insert into DESCARGA (FECHA,USO_ID,VERSION_ID,VER_APL_ID,OTRO_ID,ITEM,VALOR) values (to_date('29/01/13','DD/MM/RR'),'12',null,null,'9','1189','1');
Insert into DESCARGA (FECHA,USO_ID,VERSION_ID,VER_APL_ID,OTRO_ID,ITEM,VALOR) values (to_date('26/02/14','DD/MM/RR'),'7',null,null,'14','1190','3');
Insert into DESCARGA (FECHA,USO_ID,VERSION_ID,VER_APL_ID,OTRO_ID,ITEM,VALOR) values (to_date('11/09/13','DD/MM/RR'),'5',null,null,'3','1191','3');
Insert into DESCARGA (FECHA,USO_ID,VERSION_ID,VER_APL_ID,OTRO_ID,ITEM,VALOR) values (to_date('24/06/13','DD/MM/RR'),'37',null,null,'45','1192','1');
Insert into DESCARGA (FECHA,USO_ID,VERSION_ID,VER_APL_ID,OTRO_ID,ITEM,VALOR) values (to_date('26/02/13','DD/MM/RR'),'30',null,null,'3','1193','3');
Insert into DESCARGA (FECHA,USO_ID,VERSION_ID,VER_APL_ID,OTRO_ID,ITEM,VALOR) values (to_date('30/08/12','DD/MM/RR'),'7',null,null,'15','1194','1');
Insert into DESCARGA (FECHA,USO_ID,VERSION_ID,VER_APL_ID,OTRO_ID,ITEM,VALOR) values (to_date('02/10/14','DD/MM/RR'),'13',null,null,'23','1195','2');
Insert into DESCARGA (FECHA,USO_ID,VERSION_ID,VER_APL_ID,OTRO_ID,ITEM,VALOR) values (to_date('11/07/14','DD/MM/RR'),'26',null,null,'17','1196','3');
Insert into DESCARGA (FECHA,USO_ID,VERSION_ID,VER_APL_ID,OTRO_ID,ITEM,VALOR) values (to_date('19/10/12','DD/MM/RR'),'3',null,null,'40','1197','2');
Insert into DESCARGA (FECHA,USO_ID,VERSION_ID,VER_APL_ID,OTRO_ID,ITEM,VALOR) values (to_date('17/12/12','DD/MM/RR'),'2',null,null,'8','1198','3');
Insert into DESCARGA (FECHA,USO_ID,VERSION_ID,VER_APL_ID,OTRO_ID,ITEM,VALOR) values (to_date('22/03/14','DD/MM/RR'),'26',null,null,'10','1199','0');
Insert into DESCARGA (FECHA,USO_ID,VERSION_ID,VER_APL_ID,OTRO_ID,ITEM,VALOR) values (to_date('06/01/15','DD/MM/RR'),'23',null,null,'45','1200','5');
Insert into DESCARGA (FECHA,USO_ID,VERSION_ID,VER_APL_ID,OTRO_ID,ITEM,VALOR) values (to_date('21/10/13','DD/MM/RR'),'8',null,null,'4','1201','0');
Insert into DESCARGA (FECHA,USO_ID,VERSION_ID,VER_APL_ID,OTRO_ID,ITEM,VALOR) values (to_date('14/11/12','DD/MM/RR'),'26',null,null,'35','1202','0');
Insert into DESCARGA (FECHA,USO_ID,VERSION_ID,VER_APL_ID,OTRO_ID,ITEM,VALOR) values (to_date('01/06/14','DD/MM/RR'),'19',null,null,'26','1203','3');
Insert into DESCARGA (FECHA,USO_ID,VERSION_ID,VER_APL_ID,OTRO_ID,ITEM,VALOR) values (to_date('05/09/12','DD/MM/RR'),'27',null,null,'20','1204','4');
Insert into DESCARGA (FECHA,USO_ID,VERSION_ID,VER_APL_ID,OTRO_ID,ITEM,VALOR) values (to_date('03/01/13','DD/MM/RR'),'25',null,null,'27','1205','3');
Insert into DESCARGA (FECHA,USO_ID,VERSION_ID,VER_APL_ID,OTRO_ID,ITEM,VALOR) values (to_date('24/11/13','DD/MM/RR'),'21',null,null,'1','1206','0');
Insert into DESCARGA (FECHA,USO_ID,VERSION_ID,VER_APL_ID,OTRO_ID,ITEM,VALOR) values (to_date('15/04/14','DD/MM/RR'),'35',null,null,'21','1207','1');
Insert into DESCARGA (FECHA,USO_ID,VERSION_ID,VER_APL_ID,OTRO_ID,ITEM,VALOR) values (to_date('26/01/15','DD/MM/RR'),'11',null,null,'10','1208','1');
Insert into DESCARGA (FECHA,USO_ID,VERSION_ID,VER_APL_ID,OTRO_ID,ITEM,VALOR) values (to_date('15/03/14','DD/MM/RR'),'35',null,null,'42','1209','0');
Insert into DESCARGA (FECHA,USO_ID,VERSION_ID,VER_APL_ID,OTRO_ID,ITEM,VALOR) values (to_date('22/01/14','DD/MM/RR'),'38',null,null,'8','1210','1');
Insert into DESCARGA (FECHA,USO_ID,VERSION_ID,VER_APL_ID,OTRO_ID,ITEM,VALOR) values (to_date('16/07/14','DD/MM/RR'),'37',null,null,'31','1211','1');
Insert into DESCARGA (FECHA,USO_ID,VERSION_ID,VER_APL_ID,OTRO_ID,ITEM,VALOR) values (to_date('11/06/14','DD/MM/RR'),'27',null,null,'6','1212','2');
Insert into DESCARGA (FECHA,USO_ID,VERSION_ID,VER_APL_ID,OTRO_ID,ITEM,VALOR) values (to_date('21/05/14','DD/MM/RR'),'2',null,null,'22','1213','5');
Insert into DESCARGA (FECHA,USO_ID,VERSION_ID,VER_APL_ID,OTRO_ID,ITEM,VALOR) values (to_date('26/02/14','DD/MM/RR'),'21',null,null,'26','1214','4');
Insert into DESCARGA (FECHA,USO_ID,VERSION_ID,VER_APL_ID,OTRO_ID,ITEM,VALOR) values (to_date('01/09/14','DD/MM/RR'),'18',null,null,'33','1215','4');
Insert into DESCARGA (FECHA,USO_ID,VERSION_ID,VER_APL_ID,OTRO_ID,ITEM,VALOR) values (to_date('21/04/13','DD/MM/RR'),'12',null,null,'11','1216','2');
Insert into DESCARGA (FECHA,USO_ID,VERSION_ID,VER_APL_ID,OTRO_ID,ITEM,VALOR) values (to_date('25/10/13','DD/MM/RR'),'33',null,null,'49','1217','0');
Insert into DESCARGA (FECHA,USO_ID,VERSION_ID,VER_APL_ID,OTRO_ID,ITEM,VALOR) values (to_date('04/06/13','DD/MM/RR'),'17',null,null,'19','1218','4');
Insert into DESCARGA (FECHA,USO_ID,VERSION_ID,VER_APL_ID,OTRO_ID,ITEM,VALOR) values (to_date('06/05/13','DD/MM/RR'),'10',null,null,'24','1219','4');
Insert into DESCARGA (FECHA,USO_ID,VERSION_ID,VER_APL_ID,OTRO_ID,ITEM,VALOR) values (to_date('04/08/12','DD/MM/RR'),'25',null,null,'4','1220','3');
Insert into DESCARGA (FECHA,USO_ID,VERSION_ID,VER_APL_ID,OTRO_ID,ITEM,VALOR) values (to_date('26/09/12','DD/MM/RR'),'2',null,null,'13','1221','1');
Insert into DESCARGA (FECHA,USO_ID,VERSION_ID,VER_APL_ID,OTRO_ID,ITEM,VALOR) values (to_date('10/03/13','DD/MM/RR'),'14',null,null,'20','1222','3');
Insert into DESCARGA (FECHA,USO_ID,VERSION_ID,VER_APL_ID,OTRO_ID,ITEM,VALOR) values (to_date('27/07/12','DD/MM/RR'),'36',null,null,'17','1223','1');
Insert into DESCARGA (FECHA,USO_ID,VERSION_ID,VER_APL_ID,OTRO_ID,ITEM,VALOR) values (to_date('20/11/12','DD/MM/RR'),'3',null,null,'4','1224','2');
Insert into DESCARGA (FECHA,USO_ID,VERSION_ID,VER_APL_ID,OTRO_ID,ITEM,VALOR) values (to_date('10/05/13','DD/MM/RR'),'1',null,null,'47','1225','2');
Insert into DESCARGA (FECHA,USO_ID,VERSION_ID,VER_APL_ID,OTRO_ID,ITEM,VALOR) values (to_date('11/09/12','DD/MM/RR'),'30',null,null,'49','1226','2');
Insert into DESCARGA (FECHA,USO_ID,VERSION_ID,VER_APL_ID,OTRO_ID,ITEM,VALOR) values (to_date('20/09/13','DD/MM/RR'),'6',null,null,'15','1227','1');
Insert into DESCARGA (FECHA,USO_ID,VERSION_ID,VER_APL_ID,OTRO_ID,ITEM,VALOR) values (to_date('02/11/12','DD/MM/RR'),'28',null,null,'33','1228','4');
Insert into DESCARGA (FECHA,USO_ID,VERSION_ID,VER_APL_ID,OTRO_ID,ITEM,VALOR) values (to_date('24/12/12','DD/MM/RR'),'28',null,null,'1','1229','2');
Insert into DESCARGA (FECHA,USO_ID,VERSION_ID,VER_APL_ID,OTRO_ID,ITEM,VALOR) values (to_date('03/09/13','DD/MM/RR'),'10',null,null,'33','1230','1');
Insert into DESCARGA (FECHA,USO_ID,VERSION_ID,VER_APL_ID,OTRO_ID,ITEM,VALOR) values (to_date('04/06/13','DD/MM/RR'),'5',null,null,'29','1231','2');
Insert into DESCARGA (FECHA,USO_ID,VERSION_ID,VER_APL_ID,OTRO_ID,ITEM,VALOR) values (to_date('19/11/14','DD/MM/RR'),'39',null,null,'26','1232','5');
Insert into DESCARGA (FECHA,USO_ID,VERSION_ID,VER_APL_ID,OTRO_ID,ITEM,VALOR) values (to_date('10/12/14','DD/MM/RR'),'14',null,null,'7','1233','2');
Insert into DESCARGA (FECHA,USO_ID,VERSION_ID,VER_APL_ID,OTRO_ID,ITEM,VALOR) values (to_date('16/01/13','DD/MM/RR'),'25',null,null,'18','1234','1');
Insert into DESCARGA (FECHA,USO_ID,VERSION_ID,VER_APL_ID,OTRO_ID,ITEM,VALOR) values (to_date('16/06/12','DD/MM/RR'),'31',null,null,'2','1235','3');
Insert into DESCARGA (FECHA,USO_ID,VERSION_ID,VER_APL_ID,OTRO_ID,ITEM,VALOR) values (to_date('01/10/14','DD/MM/RR'),'27','198','28',null,'1','1');
Insert into DESCARGA (FECHA,USO_ID,VERSION_ID,VER_APL_ID,OTRO_ID,ITEM,VALOR) values (to_date('18/12/13','DD/MM/RR'),'20','205','29',null,'2','0');
Insert into DESCARGA (FECHA,USO_ID,VERSION_ID,VER_APL_ID,OTRO_ID,ITEM,VALOR) values (to_date('09/11/13','DD/MM/RR'),'18','74','10',null,'3','4');
Insert into DESCARGA (FECHA,USO_ID,VERSION_ID,VER_APL_ID,OTRO_ID,ITEM,VALOR) values (to_date('07/11/14','DD/MM/RR'),'19','85','12',null,'4','4');
Insert into DESCARGA (FECHA,USO_ID,VERSION_ID,VER_APL_ID,OTRO_ID,ITEM,VALOR) values (to_date('03/10/12','DD/MM/RR'),'32','96','13',null,'5','1');
Insert into DESCARGA (FECHA,USO_ID,VERSION_ID,VER_APL_ID,OTRO_ID,ITEM,VALOR) values (to_date('05/06/12','DD/MM/RR'),'20','67','9',null,'6','1');
Insert into DESCARGA (FECHA,USO_ID,VERSION_ID,VER_APL_ID,OTRO_ID,ITEM,VALOR) values (to_date('30/05/12','DD/MM/RR'),'8','46','7',null,'7','3');
Insert into DESCARGA (FECHA,USO_ID,VERSION_ID,VER_APL_ID,OTRO_ID,ITEM,VALOR) values (to_date('26/08/13','DD/MM/RR'),'25','64','9',null,'8','4');
Insert into DESCARGA (FECHA,USO_ID,VERSION_ID,VER_APL_ID,OTRO_ID,ITEM,VALOR) values (to_date('05/12/13','DD/MM/RR'),'20','127','18',null,'9','4');
Insert into DESCARGA (FECHA,USO_ID,VERSION_ID,VER_APL_ID,OTRO_ID,ITEM,VALOR) values (to_date('12/11/14','DD/MM/RR'),'14','90','13',null,'10','3');
Insert into DESCARGA (FECHA,USO_ID,VERSION_ID,VER_APL_ID,OTRO_ID,ITEM,VALOR) values (to_date('22/09/14','DD/MM/RR'),'6','167','24',null,'11','5');
Insert into DESCARGA (FECHA,USO_ID,VERSION_ID,VER_APL_ID,OTRO_ID,ITEM,VALOR) values (to_date('28/01/14','DD/MM/RR'),'29','89','13',null,'12','3');
Insert into DESCARGA (FECHA,USO_ID,VERSION_ID,VER_APL_ID,OTRO_ID,ITEM,VALOR) values (to_date('18/11/12','DD/MM/RR'),'12','161','22',null,'13','0');
Insert into DESCARGA (FECHA,USO_ID,VERSION_ID,VER_APL_ID,OTRO_ID,ITEM,VALOR) values (to_date('16/03/13','DD/MM/RR'),'22','108','15',null,'14','5');
Insert into DESCARGA (FECHA,USO_ID,VERSION_ID,VER_APL_ID,OTRO_ID,ITEM,VALOR) values (to_date('24/03/13','DD/MM/RR'),'36','118','17',null,'15','4');
Insert into DESCARGA (FECHA,USO_ID,VERSION_ID,VER_APL_ID,OTRO_ID,ITEM,VALOR) values (to_date('03/07/13','DD/MM/RR'),'1','217','30',null,'16','1');
Insert into DESCARGA (FECHA,USO_ID,VERSION_ID,VER_APL_ID,OTRO_ID,ITEM,VALOR) values (to_date('09/08/14','DD/MM/RR'),'31','125','18',null,'17','3');
Insert into DESCARGA (FECHA,USO_ID,VERSION_ID,VER_APL_ID,OTRO_ID,ITEM,VALOR) values (to_date('13/11/14','DD/MM/RR'),'19','39','6',null,'18','4');
Insert into DESCARGA (FECHA,USO_ID,VERSION_ID,VER_APL_ID,OTRO_ID,ITEM,VALOR) values (to_date('28/07/13','DD/MM/RR'),'29','199','28',null,'19','2');
Insert into DESCARGA (FECHA,USO_ID,VERSION_ID,VER_APL_ID,OTRO_ID,ITEM,VALOR) values (to_date('31/05/12','DD/MM/RR'),'19','77','11',null,'20','2');
Insert into DESCARGA (FECHA,USO_ID,VERSION_ID,VER_APL_ID,OTRO_ID,ITEM,VALOR) values (to_date('12/03/13','DD/MM/RR'),'6','165','24',null,'21','3');
Insert into DESCARGA (FECHA,USO_ID,VERSION_ID,VER_APL_ID,OTRO_ID,ITEM,VALOR) values (to_date('31/10/13','DD/MM/RR'),'13','157','22',null,'22','3');
Insert into DESCARGA (FECHA,USO_ID,VERSION_ID,VER_APL_ID,OTRO_ID,ITEM,VALOR) values (to_date('29/09/12','DD/MM/RR'),'1','212','29',null,'23','5');
Insert into DESCARGA (FECHA,USO_ID,VERSION_ID,VER_APL_ID,OTRO_ID,ITEM,VALOR) values (to_date('20/02/14','DD/MM/RR'),'30','137','18',null,'24','4');
Insert into DESCARGA (FECHA,USO_ID,VERSION_ID,VER_APL_ID,OTRO_ID,ITEM,VALOR) values (to_date('01/07/12','DD/MM/RR'),'22','122','17',null,'25','4');
Insert into DESCARGA (FECHA,USO_ID,VERSION_ID,VER_APL_ID,OTRO_ID,ITEM,VALOR) values (to_date('08/04/13','DD/MM/RR'),'22','127','18',null,'26','1');
Insert into DESCARGA (FECHA,USO_ID,VERSION_ID,VER_APL_ID,OTRO_ID,ITEM,VALOR) values (to_date('24/09/13','DD/MM/RR'),'7','213','29',null,'27','4');
Insert into DESCARGA (FECHA,USO_ID,VERSION_ID,VER_APL_ID,OTRO_ID,ITEM,VALOR) values (to_date('23/03/14','DD/MM/RR'),'8','43','7',null,'28','2');
Insert into DESCARGA (FECHA,USO_ID,VERSION_ID,VER_APL_ID,OTRO_ID,ITEM,VALOR) values (to_date('23/07/12','DD/MM/RR'),'27','137','18',null,'29','3');
Insert into DESCARGA (FECHA,USO_ID,VERSION_ID,VER_APL_ID,OTRO_ID,ITEM,VALOR) values (to_date('13/06/12','DD/MM/RR'),'1','127','18',null,'30','3');
Insert into DESCARGA (FECHA,USO_ID,VERSION_ID,VER_APL_ID,OTRO_ID,ITEM,VALOR) values (to_date('13/09/13','DD/MM/RR'),'30','166','24',null,'31','1');
Insert into DESCARGA (FECHA,USO_ID,VERSION_ID,VER_APL_ID,OTRO_ID,ITEM,VALOR) values (to_date('09/03/13','DD/MM/RR'),'14','44','7',null,'32','3');
Insert into DESCARGA (FECHA,USO_ID,VERSION_ID,VER_APL_ID,OTRO_ID,ITEM,VALOR) values (to_date('11/12/14','DD/MM/RR'),'16','15','2',null,'33','2');
Insert into DESCARGA (FECHA,USO_ID,VERSION_ID,VER_APL_ID,OTRO_ID,ITEM,VALOR) values (to_date('14/11/14','DD/MM/RR'),'27','40','6',null,'34','4');
Insert into DESCARGA (FECHA,USO_ID,VERSION_ID,VER_APL_ID,OTRO_ID,ITEM,VALOR) values (to_date('17/12/12','DD/MM/RR'),'33','208','29',null,'35','2');
Insert into DESCARGA (FECHA,USO_ID,VERSION_ID,VER_APL_ID,OTRO_ID,ITEM,VALOR) values (to_date('31/03/14','DD/MM/RR'),'31','155','21',null,'36','0');
Insert into DESCARGA (FECHA,USO_ID,VERSION_ID,VER_APL_ID,OTRO_ID,ITEM,VALOR) values (to_date('09/09/14','DD/MM/RR'),'25','4','2',null,'37','4');
Insert into DESCARGA (FECHA,USO_ID,VERSION_ID,VER_APL_ID,OTRO_ID,ITEM,VALOR) values (to_date('12/04/13','DD/MM/RR'),'7','184','26',null,'38','1');
Insert into DESCARGA (FECHA,USO_ID,VERSION_ID,VER_APL_ID,OTRO_ID,ITEM,VALOR) values (to_date('27/01/14','DD/MM/RR'),'16','53','8',null,'39','1');
Insert into DESCARGA (FECHA,USO_ID,VERSION_ID,VER_APL_ID,OTRO_ID,ITEM,VALOR) values (to_date('27/06/13','DD/MM/RR'),'18','45','7',null,'40','5');
Insert into DESCARGA (FECHA,USO_ID,VERSION_ID,VER_APL_ID,OTRO_ID,ITEM,VALOR) values (to_date('14/05/13','DD/MM/RR'),'30','34','5',null,'41','3');
Insert into DESCARGA (FECHA,USO_ID,VERSION_ID,VER_APL_ID,OTRO_ID,ITEM,VALOR) values (to_date('30/10/12','DD/MM/RR'),'16','70','10',null,'42','2');
Insert into DESCARGA (FECHA,USO_ID,VERSION_ID,VER_APL_ID,OTRO_ID,ITEM,VALOR) values (to_date('05/11/13','DD/MM/RR'),'34','21','4',null,'43','3');
Insert into DESCARGA (FECHA,USO_ID,VERSION_ID,VER_APL_ID,OTRO_ID,ITEM,VALOR) values (to_date('20/06/12','DD/MM/RR'),'15','194','28',null,'44','4');
Insert into DESCARGA (FECHA,USO_ID,VERSION_ID,VER_APL_ID,OTRO_ID,ITEM,VALOR) values (to_date('09/01/14','DD/MM/RR'),'11','144','20',null,'45','3');
Insert into DESCARGA (FECHA,USO_ID,VERSION_ID,VER_APL_ID,OTRO_ID,ITEM,VALOR) values (to_date('25/06/12','DD/MM/RR'),'9','113','16',null,'46','4');
Insert into DESCARGA (FECHA,USO_ID,VERSION_ID,VER_APL_ID,OTRO_ID,ITEM,VALOR) values (to_date('25/06/13','DD/MM/RR'),'37','108','15',null,'47','4');
Insert into DESCARGA (FECHA,USO_ID,VERSION_ID,VER_APL_ID,OTRO_ID,ITEM,VALOR) values (to_date('29/11/13','DD/MM/RR'),'10','112','16',null,'48','2');
Insert into DESCARGA (FECHA,USO_ID,VERSION_ID,VER_APL_ID,OTRO_ID,ITEM,VALOR) values (to_date('18/07/14','DD/MM/RR'),'7','208','29',null,'49','2');
Insert into DESCARGA (FECHA,USO_ID,VERSION_ID,VER_APL_ID,OTRO_ID,ITEM,VALOR) values (to_date('26/02/13','DD/MM/RR'),'35','139','19',null,'50','5');
Insert into DESCARGA (FECHA,USO_ID,VERSION_ID,VER_APL_ID,OTRO_ID,ITEM,VALOR) values (to_date('30/07/14','DD/MM/RR'),'18','4','2',null,'51','1');
Insert into DESCARGA (FECHA,USO_ID,VERSION_ID,VER_APL_ID,OTRO_ID,ITEM,VALOR) values (to_date('12/06/13','DD/MM/RR'),'36','26','4',null,'52','1');
Insert into DESCARGA (FECHA,USO_ID,VERSION_ID,VER_APL_ID,OTRO_ID,ITEM,VALOR) values (to_date('23/05/13','DD/MM/RR'),'17','169','24',null,'53','5');
Insert into DESCARGA (FECHA,USO_ID,VERSION_ID,VER_APL_ID,OTRO_ID,ITEM,VALOR) values (to_date('22/06/12','DD/MM/RR'),'3','192','27',null,'54','5');
Insert into DESCARGA (FECHA,USO_ID,VERSION_ID,VER_APL_ID,OTRO_ID,ITEM,VALOR) values (to_date('16/11/12','DD/MM/RR'),'25','81','11',null,'55','4');
Insert into DESCARGA (FECHA,USO_ID,VERSION_ID,VER_APL_ID,OTRO_ID,ITEM,VALOR) values (to_date('11/06/14','DD/MM/RR'),'2','198','28',null,'56','4');
Insert into DESCARGA (FECHA,USO_ID,VERSION_ID,VER_APL_ID,OTRO_ID,ITEM,VALOR) values (to_date('13/09/13','DD/MM/RR'),'19','110','16',null,'57','1');
Insert into DESCARGA (FECHA,USO_ID,VERSION_ID,VER_APL_ID,OTRO_ID,ITEM,VALOR) values (to_date('20/05/14','DD/MM/RR'),'23','197','28',null,'58','1');
Insert into DESCARGA (FECHA,USO_ID,VERSION_ID,VER_APL_ID,OTRO_ID,ITEM,VALOR) values (to_date('05/07/12','DD/MM/RR'),'39','8','2',null,'59','3');
Insert into DESCARGA (FECHA,USO_ID,VERSION_ID,VER_APL_ID,OTRO_ID,ITEM,VALOR) values (to_date('31/10/14','DD/MM/RR'),'22','192','27',null,'60','4');
Insert into DESCARGA (FECHA,USO_ID,VERSION_ID,VER_APL_ID,OTRO_ID,ITEM,VALOR) values (to_date('31/03/14','DD/MM/RR'),'31','216','30',null,'61','1');
Insert into DESCARGA (FECHA,USO_ID,VERSION_ID,VER_APL_ID,OTRO_ID,ITEM,VALOR) values (to_date('17/11/12','DD/MM/RR'),'14','18','3',null,'62','5');
Insert into DESCARGA (FECHA,USO_ID,VERSION_ID,VER_APL_ID,OTRO_ID,ITEM,VALOR) values (to_date('25/07/14','DD/MM/RR'),'39','130','18',null,'63','4');
Insert into DESCARGA (FECHA,USO_ID,VERSION_ID,VER_APL_ID,OTRO_ID,ITEM,VALOR) values (to_date('26/09/13','DD/MM/RR'),'19','33','5',null,'64','1');
Insert into DESCARGA (FECHA,USO_ID,VERSION_ID,VER_APL_ID,OTRO_ID,ITEM,VALOR) values (to_date('08/05/13','DD/MM/RR'),'10','111','16',null,'65','2');
Insert into DESCARGA (FECHA,USO_ID,VERSION_ID,VER_APL_ID,OTRO_ID,ITEM,VALOR) values (to_date('03/08/12','DD/MM/RR'),'8','51','7',null,'66','4');
Insert into DESCARGA (FECHA,USO_ID,VERSION_ID,VER_APL_ID,OTRO_ID,ITEM,VALOR) values (to_date('11/12/13','DD/MM/RR'),'4','135','18',null,'67','5');
Insert into DESCARGA (FECHA,USO_ID,VERSION_ID,VER_APL_ID,OTRO_ID,ITEM,VALOR) values (to_date('10/12/14','DD/MM/RR'),'1','37','5',null,'68','1');
Insert into DESCARGA (FECHA,USO_ID,VERSION_ID,VER_APL_ID,OTRO_ID,ITEM,VALOR) values (to_date('04/07/12','DD/MM/RR'),'21','181','25',null,'69','4');
Insert into DESCARGA (FECHA,USO_ID,VERSION_ID,VER_APL_ID,OTRO_ID,ITEM,VALOR) values (to_date('19/12/14','DD/MM/RR'),'17','180','25',null,'70','5');
Insert into DESCARGA (FECHA,USO_ID,VERSION_ID,VER_APL_ID,OTRO_ID,ITEM,VALOR) values (to_date('02/10/12','DD/MM/RR'),'23','4','2',null,'71','0');
Insert into DESCARGA (FECHA,USO_ID,VERSION_ID,VER_APL_ID,OTRO_ID,ITEM,VALOR) values (to_date('01/10/12','DD/MM/RR'),'14','106','15',null,'72','3');
Insert into DESCARGA (FECHA,USO_ID,VERSION_ID,VER_APL_ID,OTRO_ID,ITEM,VALOR) values (to_date('23/03/13','DD/MM/RR'),'34','128','18',null,'73','3');
Insert into DESCARGA (FECHA,USO_ID,VERSION_ID,VER_APL_ID,OTRO_ID,ITEM,VALOR) values (to_date('15/06/14','DD/MM/RR'),'4','134','18',null,'74','1');
Insert into DESCARGA (FECHA,USO_ID,VERSION_ID,VER_APL_ID,OTRO_ID,ITEM,VALOR) values (to_date('27/12/14','DD/MM/RR'),'27','77','11',null,'75','1');
Insert into DESCARGA (FECHA,USO_ID,VERSION_ID,VER_APL_ID,OTRO_ID,ITEM,VALOR) values (to_date('13/05/14','DD/MM/RR'),'26','74','10',null,'76','1');
Insert into DESCARGA (FECHA,USO_ID,VERSION_ID,VER_APL_ID,OTRO_ID,ITEM,VALOR) values (to_date('25/06/12','DD/MM/RR'),'20','182','25',null,'77','3');
Insert into DESCARGA (FECHA,USO_ID,VERSION_ID,VER_APL_ID,OTRO_ID,ITEM,VALOR) values (to_date('15/03/14','DD/MM/RR'),'12','50','7',null,'78','3');
Insert into DESCARGA (FECHA,USO_ID,VERSION_ID,VER_APL_ID,OTRO_ID,ITEM,VALOR) values (to_date('03/06/13','DD/MM/RR'),'32','151','21',null,'79','2');
Insert into DESCARGA (FECHA,USO_ID,VERSION_ID,VER_APL_ID,OTRO_ID,ITEM,VALOR) values (to_date('28/03/13','DD/MM/RR'),'37','37','5',null,'80','4');
Insert into DESCARGA (FECHA,USO_ID,VERSION_ID,VER_APL_ID,OTRO_ID,ITEM,VALOR) values (to_date('18/09/13','DD/MM/RR'),'34','121','17',null,'81','1');
Insert into DESCARGA (FECHA,USO_ID,VERSION_ID,VER_APL_ID,OTRO_ID,ITEM,VALOR) values (to_date('13/09/12','DD/MM/RR'),'32','142','19',null,'82','3');
Insert into DESCARGA (FECHA,USO_ID,VERSION_ID,VER_APL_ID,OTRO_ID,ITEM,VALOR) values (to_date('15/12/12','DD/MM/RR'),'22','12','2',null,'83','1');
Insert into DESCARGA (FECHA,USO_ID,VERSION_ID,VER_APL_ID,OTRO_ID,ITEM,VALOR) values (to_date('09/04/14','DD/MM/RR'),'28','24','4',null,'84','4');
Insert into DESCARGA (FECHA,USO_ID,VERSION_ID,VER_APL_ID,OTRO_ID,ITEM,VALOR) values (to_date('16/01/13','DD/MM/RR'),'10','1','1',null,'85','3');
Insert into DESCARGA (FECHA,USO_ID,VERSION_ID,VER_APL_ID,OTRO_ID,ITEM,VALOR) values (to_date('10/02/14','DD/MM/RR'),'23','130','18',null,'86','3');
Insert into DESCARGA (FECHA,USO_ID,VERSION_ID,VER_APL_ID,OTRO_ID,ITEM,VALOR) values (to_date('08/10/14','DD/MM/RR'),'30','132','18',null,'87','3');
Insert into DESCARGA (FECHA,USO_ID,VERSION_ID,VER_APL_ID,OTRO_ID,ITEM,VALOR) values (to_date('05/10/14','DD/MM/RR'),'5','110','16',null,'88','4');
Insert into DESCARGA (FECHA,USO_ID,VERSION_ID,VER_APL_ID,OTRO_ID,ITEM,VALOR) values (to_date('15/12/14','DD/MM/RR'),'18','159','22',null,'89','0');
Insert into DESCARGA (FECHA,USO_ID,VERSION_ID,VER_APL_ID,OTRO_ID,ITEM,VALOR) values (to_date('23/01/13','DD/MM/RR'),'25','57','8',null,'90','3');
Insert into DESCARGA (FECHA,USO_ID,VERSION_ID,VER_APL_ID,OTRO_ID,ITEM,VALOR) values (to_date('04/05/13','DD/MM/RR'),'5','12','2',null,'91','1');
Insert into DESCARGA (FECHA,USO_ID,VERSION_ID,VER_APL_ID,OTRO_ID,ITEM,VALOR) values (to_date('18/02/14','DD/MM/RR'),'24','204','28',null,'92','3');
Insert into DESCARGA (FECHA,USO_ID,VERSION_ID,VER_APL_ID,OTRO_ID,ITEM,VALOR) values (to_date('02/09/14','DD/MM/RR'),'37','130','18',null,'93','2');
Insert into DESCARGA (FECHA,USO_ID,VERSION_ID,VER_APL_ID,OTRO_ID,ITEM,VALOR) values (to_date('08/11/12','DD/MM/RR'),'7','12','2',null,'94','5');
Insert into DESCARGA (FECHA,USO_ID,VERSION_ID,VER_APL_ID,OTRO_ID,ITEM,VALOR) values (to_date('22/10/12','DD/MM/RR'),'30','57','8',null,'95','5');
Insert into DESCARGA (FECHA,USO_ID,VERSION_ID,VER_APL_ID,OTRO_ID,ITEM,VALOR) values (to_date('25/10/12','DD/MM/RR'),'36','174','25',null,'96','2');
Insert into DESCARGA (FECHA,USO_ID,VERSION_ID,VER_APL_ID,OTRO_ID,ITEM,VALOR) values (to_date('10/12/14','DD/MM/RR'),'3','172','25',null,'97','3');
Insert into DESCARGA (FECHA,USO_ID,VERSION_ID,VER_APL_ID,OTRO_ID,ITEM,VALOR) values (to_date('14/02/14','DD/MM/RR'),'11','80','11',null,'98','1');
Insert into DESCARGA (FECHA,USO_ID,VERSION_ID,VER_APL_ID,OTRO_ID,ITEM,VALOR) values (to_date('20/08/12','DD/MM/RR'),'34','139','19',null,'99','3');
Insert into DESCARGA (FECHA,USO_ID,VERSION_ID,VER_APL_ID,OTRO_ID,ITEM,VALOR) values (to_date('12/02/15','DD/MM/RR'),'32','94','13',null,'100','2');
Insert into DESCARGA (FECHA,USO_ID,VERSION_ID,VER_APL_ID,OTRO_ID,ITEM,VALOR) values (to_date('14/04/13','DD/MM/RR'),'7','192','27',null,'101','4');
Insert into DESCARGA (FECHA,USO_ID,VERSION_ID,VER_APL_ID,OTRO_ID,ITEM,VALOR) values (to_date('07/02/14','DD/MM/RR'),'12','192','27',null,'102','2');
Insert into DESCARGA (FECHA,USO_ID,VERSION_ID,VER_APL_ID,OTRO_ID,ITEM,VALOR) values (to_date('13/08/14','DD/MM/RR'),'7','114','17',null,'103','4');
Insert into DESCARGA (FECHA,USO_ID,VERSION_ID,VER_APL_ID,OTRO_ID,ITEM,VALOR) values (to_date('30/11/14','DD/MM/RR'),'6','145','20',null,'104','2');
Insert into DESCARGA (FECHA,USO_ID,VERSION_ID,VER_APL_ID,OTRO_ID,ITEM,VALOR) values (to_date('07/09/12','DD/MM/RR'),'22','162','22',null,'105','1');
Insert into DESCARGA (FECHA,USO_ID,VERSION_ID,VER_APL_ID,OTRO_ID,ITEM,VALOR) values (to_date('19/06/12','DD/MM/RR'),'3','131','18',null,'106','0');
Insert into DESCARGA (FECHA,USO_ID,VERSION_ID,VER_APL_ID,OTRO_ID,ITEM,VALOR) values (to_date('12/02/14','DD/MM/RR'),'29','211','29',null,'107','4');
Insert into DESCARGA (FECHA,USO_ID,VERSION_ID,VER_APL_ID,OTRO_ID,ITEM,VALOR) values (to_date('10/01/13','DD/MM/RR'),'34','166','24',null,'108','2');
Insert into DESCARGA (FECHA,USO_ID,VERSION_ID,VER_APL_ID,OTRO_ID,ITEM,VALOR) values (to_date('02/02/13','DD/MM/RR'),'28','76','11',null,'109','4');
Insert into DESCARGA (FECHA,USO_ID,VERSION_ID,VER_APL_ID,OTRO_ID,ITEM,VALOR) values (to_date('25/08/12','DD/MM/RR'),'34','87','13',null,'110','4');
Insert into DESCARGA (FECHA,USO_ID,VERSION_ID,VER_APL_ID,OTRO_ID,ITEM,VALOR) values (to_date('07/05/14','DD/MM/RR'),'18','22','4',null,'111','2');
Insert into DESCARGA (FECHA,USO_ID,VERSION_ID,VER_APL_ID,OTRO_ID,ITEM,VALOR) values (to_date('25/12/13','DD/MM/RR'),'8','8','2',null,'112','1');
Insert into DESCARGA (FECHA,USO_ID,VERSION_ID,VER_APL_ID,OTRO_ID,ITEM,VALOR) values (to_date('18/11/14','DD/MM/RR'),'35','123','17',null,'113','3');
Insert into DESCARGA (FECHA,USO_ID,VERSION_ID,VER_APL_ID,OTRO_ID,ITEM,VALOR) values (to_date('25/03/14','DD/MM/RR'),'26','184','26',null,'114','4');
Insert into DESCARGA (FECHA,USO_ID,VERSION_ID,VER_APL_ID,OTRO_ID,ITEM,VALOR) values (to_date('01/06/12','DD/MM/RR'),'25','163','23',null,'115','2');
Insert into DESCARGA (FECHA,USO_ID,VERSION_ID,VER_APL_ID,OTRO_ID,ITEM,VALOR) values (to_date('16/09/14','DD/MM/RR'),'25','155','21',null,'116','0');
Insert into DESCARGA (FECHA,USO_ID,VERSION_ID,VER_APL_ID,OTRO_ID,ITEM,VALOR) values (to_date('13/11/14','DD/MM/RR'),'24','22','4',null,'117','1');
Insert into DESCARGA (FECHA,USO_ID,VERSION_ID,VER_APL_ID,OTRO_ID,ITEM,VALOR) values (to_date('24/04/13','DD/MM/RR'),'28','139','19',null,'118','0');
Insert into DESCARGA (FECHA,USO_ID,VERSION_ID,VER_APL_ID,OTRO_ID,ITEM,VALOR) values (to_date('24/06/14','DD/MM/RR'),'21','38','5',null,'119','2');
Insert into DESCARGA (FECHA,USO_ID,VERSION_ID,VER_APL_ID,OTRO_ID,ITEM,VALOR) values (to_date('27/09/12','DD/MM/RR'),'27','14','2',null,'120','4');
Insert into DESCARGA (FECHA,USO_ID,VERSION_ID,VER_APL_ID,OTRO_ID,ITEM,VALOR) values (to_date('08/12/13','DD/MM/RR'),'16','4','2',null,'121','1');
Insert into DESCARGA (FECHA,USO_ID,VERSION_ID,VER_APL_ID,OTRO_ID,ITEM,VALOR) values (to_date('12/06/13','DD/MM/RR'),'4','89','13',null,'122','4');
Insert into DESCARGA (FECHA,USO_ID,VERSION_ID,VER_APL_ID,OTRO_ID,ITEM,VALOR) values (to_date('12/04/13','DD/MM/RR'),'33','84','12',null,'123','4');
Insert into DESCARGA (FECHA,USO_ID,VERSION_ID,VER_APL_ID,OTRO_ID,ITEM,VALOR) values (to_date('26/12/12','DD/MM/RR'),'12','120','17',null,'124','2');
Insert into DESCARGA (FECHA,USO_ID,VERSION_ID,VER_APL_ID,OTRO_ID,ITEM,VALOR) values (to_date('23/08/12','DD/MM/RR'),'5','129','18',null,'125','2');
Insert into DESCARGA (FECHA,USO_ID,VERSION_ID,VER_APL_ID,OTRO_ID,ITEM,VALOR) values (to_date('02/05/13','DD/MM/RR'),'9','69','10',null,'126','4');
Insert into DESCARGA (FECHA,USO_ID,VERSION_ID,VER_APL_ID,OTRO_ID,ITEM,VALOR) values (to_date('02/08/12','DD/MM/RR'),'10','29','5',null,'127','5');
Insert into DESCARGA (FECHA,USO_ID,VERSION_ID,VER_APL_ID,OTRO_ID,ITEM,VALOR) values (to_date('04/09/12','DD/MM/RR'),'29','76','11',null,'128','0');
Insert into DESCARGA (FECHA,USO_ID,VERSION_ID,VER_APL_ID,OTRO_ID,ITEM,VALOR) values (to_date('03/11/12','DD/MM/RR'),'22','119','17',null,'129','1');
Insert into DESCARGA (FECHA,USO_ID,VERSION_ID,VER_APL_ID,OTRO_ID,ITEM,VALOR) values (to_date('14/12/13','DD/MM/RR'),'13','159','22',null,'130','5');
Insert into DESCARGA (FECHA,USO_ID,VERSION_ID,VER_APL_ID,OTRO_ID,ITEM,VALOR) values (to_date('13/06/13','DD/MM/RR'),'25','68','9',null,'131','2');
Insert into DESCARGA (FECHA,USO_ID,VERSION_ID,VER_APL_ID,OTRO_ID,ITEM,VALOR) values (to_date('16/08/12','DD/MM/RR'),'18','59','8',null,'132','2');
Insert into DESCARGA (FECHA,USO_ID,VERSION_ID,VER_APL_ID,OTRO_ID,ITEM,VALOR) values (to_date('11/11/14','DD/MM/RR'),'37','76','11',null,'133','3');
Insert into DESCARGA (FECHA,USO_ID,VERSION_ID,VER_APL_ID,OTRO_ID,ITEM,VALOR) values (to_date('17/12/12','DD/MM/RR'),'21','216','30',null,'134','2');
Insert into DESCARGA (FECHA,USO_ID,VERSION_ID,VER_APL_ID,OTRO_ID,ITEM,VALOR) values (to_date('17/05/14','DD/MM/RR'),'34','94','13',null,'135','4');
Insert into DESCARGA (FECHA,USO_ID,VERSION_ID,VER_APL_ID,OTRO_ID,ITEM,VALOR) values (to_date('17/08/13','DD/MM/RR'),'22','24','4',null,'136','2');
Insert into DESCARGA (FECHA,USO_ID,VERSION_ID,VER_APL_ID,OTRO_ID,ITEM,VALOR) values (to_date('22/07/12','DD/MM/RR'),'34','86','12',null,'137','3');
Insert into DESCARGA (FECHA,USO_ID,VERSION_ID,VER_APL_ID,OTRO_ID,ITEM,VALOR) values (to_date('05/03/14','DD/MM/RR'),'27','144','20',null,'138','2');
Insert into DESCARGA (FECHA,USO_ID,VERSION_ID,VER_APL_ID,OTRO_ID,ITEM,VALOR) values (to_date('19/06/13','DD/MM/RR'),'5','32','5',null,'139','2');
Insert into DESCARGA (FECHA,USO_ID,VERSION_ID,VER_APL_ID,OTRO_ID,ITEM,VALOR) values (to_date('11/07/13','DD/MM/RR'),'5','153','21',null,'140','4');
Insert into DESCARGA (FECHA,USO_ID,VERSION_ID,VER_APL_ID,OTRO_ID,ITEM,VALOR) values (to_date('19/07/12','DD/MM/RR'),'26','107','15',null,'141','3');
Insert into DESCARGA (FECHA,USO_ID,VERSION_ID,VER_APL_ID,OTRO_ID,ITEM,VALOR) values (to_date('06/03/14','DD/MM/RR'),'32','172','25',null,'142','4');
Insert into DESCARGA (FECHA,USO_ID,VERSION_ID,VER_APL_ID,OTRO_ID,ITEM,VALOR) values (to_date('31/08/12','DD/MM/RR'),'9','7','2',null,'143','1');
Insert into DESCARGA (FECHA,USO_ID,VERSION_ID,VER_APL_ID,OTRO_ID,ITEM,VALOR) values (to_date('29/12/13','DD/MM/RR'),'10','44','7',null,'144','3');
Insert into DESCARGA (FECHA,USO_ID,VERSION_ID,VER_APL_ID,OTRO_ID,ITEM,VALOR) values (to_date('22/10/13','DD/MM/RR'),'28','140','19',null,'145','4');
Insert into DESCARGA (FECHA,USO_ID,VERSION_ID,VER_APL_ID,OTRO_ID,ITEM,VALOR) values (to_date('20/06/14','DD/MM/RR'),'19','192','27',null,'146','4');
Insert into DESCARGA (FECHA,USO_ID,VERSION_ID,VER_APL_ID,OTRO_ID,ITEM,VALOR) values (to_date('22/03/13','DD/MM/RR'),'33','204','28',null,'147','1');
Insert into DESCARGA (FECHA,USO_ID,VERSION_ID,VER_APL_ID,OTRO_ID,ITEM,VALOR) values (to_date('28/10/12','DD/MM/RR'),'29','129','18',null,'148','5');
Insert into DESCARGA (FECHA,USO_ID,VERSION_ID,VER_APL_ID,OTRO_ID,ITEM,VALOR) values (to_date('30/05/12','DD/MM/RR'),'3','54','8',null,'149','3');
Insert into DESCARGA (FECHA,USO_ID,VERSION_ID,VER_APL_ID,OTRO_ID,ITEM,VALOR) values (to_date('23/06/12','DD/MM/RR'),'11','70','10',null,'150','0');
Insert into DESCARGA (FECHA,USO_ID,VERSION_ID,VER_APL_ID,OTRO_ID,ITEM,VALOR) values (to_date('25/12/13','DD/MM/RR'),'14','184','26',null,'151','4');
Insert into DESCARGA (FECHA,USO_ID,VERSION_ID,VER_APL_ID,OTRO_ID,ITEM,VALOR) values (to_date('30/05/13','DD/MM/RR'),'6','96','13',null,'152','2');
Insert into DESCARGA (FECHA,USO_ID,VERSION_ID,VER_APL_ID,OTRO_ID,ITEM,VALOR) values (to_date('26/07/14','DD/MM/RR'),'31','48','7',null,'153','0');
Insert into DESCARGA (FECHA,USO_ID,VERSION_ID,VER_APL_ID,OTRO_ID,ITEM,VALOR) values (to_date('21/02/14','DD/MM/RR'),'33','160','22',null,'154','0');
Insert into DESCARGA (FECHA,USO_ID,VERSION_ID,VER_APL_ID,OTRO_ID,ITEM,VALOR) values (to_date('19/06/14','DD/MM/RR'),'34','191','27',null,'155','1');
Insert into DESCARGA (FECHA,USO_ID,VERSION_ID,VER_APL_ID,OTRO_ID,ITEM,VALOR) values (to_date('15/02/14','DD/MM/RR'),'19','103','15',null,'156','4');
Insert into DESCARGA (FECHA,USO_ID,VERSION_ID,VER_APL_ID,OTRO_ID,ITEM,VALOR) values (to_date('07/06/14','DD/MM/RR'),'33','216','30',null,'157','5');
Insert into DESCARGA (FECHA,USO_ID,VERSION_ID,VER_APL_ID,OTRO_ID,ITEM,VALOR) values (to_date('17/07/14','DD/MM/RR'),'2','156','22',null,'158','4');
Insert into DESCARGA (FECHA,USO_ID,VERSION_ID,VER_APL_ID,OTRO_ID,ITEM,VALOR) values (to_date('23/06/12','DD/MM/RR'),'8','95','13',null,'159','4');
Insert into DESCARGA (FECHA,USO_ID,VERSION_ID,VER_APL_ID,OTRO_ID,ITEM,VALOR) values (to_date('08/11/12','DD/MM/RR'),'11','24','4',null,'160','0');
Insert into DESCARGA (FECHA,USO_ID,VERSION_ID,VER_APL_ID,OTRO_ID,ITEM,VALOR) values (to_date('16/02/15','DD/MM/RR'),'4','111','16',null,'161','4');
Insert into DESCARGA (FECHA,USO_ID,VERSION_ID,VER_APL_ID,OTRO_ID,ITEM,VALOR) values (to_date('19/08/13','DD/MM/RR'),'3','88','13',null,'162','3');
Insert into DESCARGA (FECHA,USO_ID,VERSION_ID,VER_APL_ID,OTRO_ID,ITEM,VALOR) values (to_date('29/08/13','DD/MM/RR'),'4','28','5',null,'163','2');
Insert into DESCARGA (FECHA,USO_ID,VERSION_ID,VER_APL_ID,OTRO_ID,ITEM,VALOR) values (to_date('09/04/14','DD/MM/RR'),'37','156','22',null,'164','1');
Insert into DESCARGA (FECHA,USO_ID,VERSION_ID,VER_APL_ID,OTRO_ID,ITEM,VALOR) values (to_date('08/05/14','DD/MM/RR'),'17','161','22',null,'165','0');
Insert into DESCARGA (FECHA,USO_ID,VERSION_ID,VER_APL_ID,OTRO_ID,ITEM,VALOR) values (to_date('16/02/14','DD/MM/RR'),'33','101','15',null,'166','3');
Insert into DESCARGA (FECHA,USO_ID,VERSION_ID,VER_APL_ID,OTRO_ID,ITEM,VALOR) values (to_date('10/09/12','DD/MM/RR'),'23','83','12',null,'167','1');
Insert into DESCARGA (FECHA,USO_ID,VERSION_ID,VER_APL_ID,OTRO_ID,ITEM,VALOR) values (to_date('25/05/14','DD/MM/RR'),'1','110','16',null,'168','1');
Insert into DESCARGA (FECHA,USO_ID,VERSION_ID,VER_APL_ID,OTRO_ID,ITEM,VALOR) values (to_date('17/02/13','DD/MM/RR'),'37','122','17',null,'169','2');
Insert into DESCARGA (FECHA,USO_ID,VERSION_ID,VER_APL_ID,OTRO_ID,ITEM,VALOR) values (to_date('12/03/14','DD/MM/RR'),'31','148','21',null,'170','5');
Insert into DESCARGA (FECHA,USO_ID,VERSION_ID,VER_APL_ID,OTRO_ID,ITEM,VALOR) values (to_date('23/09/12','DD/MM/RR'),'28','167','24',null,'171','2');
Insert into DESCARGA (FECHA,USO_ID,VERSION_ID,VER_APL_ID,OTRO_ID,ITEM,VALOR) values (to_date('18/02/13','DD/MM/RR'),'9','9','2',null,'172','4');
Insert into DESCARGA (FECHA,USO_ID,VERSION_ID,VER_APL_ID,OTRO_ID,ITEM,VALOR) values (to_date('14/06/12','DD/MM/RR'),'6','17','3',null,'173','1');
Insert into DESCARGA (FECHA,USO_ID,VERSION_ID,VER_APL_ID,OTRO_ID,ITEM,VALOR) values (to_date('11/09/14','DD/MM/RR'),'8','217','30',null,'174','1');
Insert into DESCARGA (FECHA,USO_ID,VERSION_ID,VER_APL_ID,OTRO_ID,ITEM,VALOR) values (to_date('11/05/13','DD/MM/RR'),'26','99','14',null,'175','0');
Insert into DESCARGA (FECHA,USO_ID,VERSION_ID,VER_APL_ID,OTRO_ID,ITEM,VALOR) values (to_date('10/12/14','DD/MM/RR'),'37','144','20',null,'176','2');
Insert into DESCARGA (FECHA,USO_ID,VERSION_ID,VER_APL_ID,OTRO_ID,ITEM,VALOR) values (to_date('02/12/13','DD/MM/RR'),'29','194','28',null,'177','3');
Insert into DESCARGA (FECHA,USO_ID,VERSION_ID,VER_APL_ID,OTRO_ID,ITEM,VALOR) values (to_date('27/01/15','DD/MM/RR'),'16','160','22',null,'178','3');
Insert into DESCARGA (FECHA,USO_ID,VERSION_ID,VER_APL_ID,OTRO_ID,ITEM,VALOR) values (to_date('26/11/13','DD/MM/RR'),'27','138','19',null,'179','4');
Insert into DESCARGA (FECHA,USO_ID,VERSION_ID,VER_APL_ID,OTRO_ID,ITEM,VALOR) values (to_date('29/12/14','DD/MM/RR'),'32','190','27',null,'180','3');
Insert into DESCARGA (FECHA,USO_ID,VERSION_ID,VER_APL_ID,OTRO_ID,ITEM,VALOR) values (to_date('20/06/13','DD/MM/RR'),'22','209','29',null,'181','5');
Insert into DESCARGA (FECHA,USO_ID,VERSION_ID,VER_APL_ID,OTRO_ID,ITEM,VALOR) values (to_date('14/06/12','DD/MM/RR'),'15','141','19',null,'182','3');
Insert into DESCARGA (FECHA,USO_ID,VERSION_ID,VER_APL_ID,OTRO_ID,ITEM,VALOR) values (to_date('30/11/13','DD/MM/RR'),'13','79','11',null,'183','2');
Insert into DESCARGA (FECHA,USO_ID,VERSION_ID,VER_APL_ID,OTRO_ID,ITEM,VALOR) values (to_date('19/10/12','DD/MM/RR'),'37','18','3',null,'184','3');
Insert into DESCARGA (FECHA,USO_ID,VERSION_ID,VER_APL_ID,OTRO_ID,ITEM,VALOR) values (to_date('08/11/12','DD/MM/RR'),'33','73','10',null,'185','5');
Insert into DESCARGA (FECHA,USO_ID,VERSION_ID,VER_APL_ID,OTRO_ID,ITEM,VALOR) values (to_date('07/10/12','DD/MM/RR'),'31','73','10',null,'186','4');
Insert into DESCARGA (FECHA,USO_ID,VERSION_ID,VER_APL_ID,OTRO_ID,ITEM,VALOR) values (to_date('14/02/15','DD/MM/RR'),'33','72','10',null,'187','3');
Insert into DESCARGA (FECHA,USO_ID,VERSION_ID,VER_APL_ID,OTRO_ID,ITEM,VALOR) values (to_date('20/09/14','DD/MM/RR'),'24','63','9',null,'188','3');
Insert into DESCARGA (FECHA,USO_ID,VERSION_ID,VER_APL_ID,OTRO_ID,ITEM,VALOR) values (to_date('27/08/13','DD/MM/RR'),'38','31','5',null,'189','4');
Insert into DESCARGA (FECHA,USO_ID,VERSION_ID,VER_APL_ID,OTRO_ID,ITEM,VALOR) values (to_date('01/11/12','DD/MM/RR'),'5','164','23',null,'190','5');
Insert into DESCARGA (FECHA,USO_ID,VERSION_ID,VER_APL_ID,OTRO_ID,ITEM,VALOR) values (to_date('09/12/14','DD/MM/RR'),'16','85','12',null,'191','3');
Insert into DESCARGA (FECHA,USO_ID,VERSION_ID,VER_APL_ID,OTRO_ID,ITEM,VALOR) values (to_date('18/11/12','DD/MM/RR'),'4','121','17',null,'192','1');
Insert into DESCARGA (FECHA,USO_ID,VERSION_ID,VER_APL_ID,OTRO_ID,ITEM,VALOR) values (to_date('09/06/14','DD/MM/RR'),'13','113','16',null,'193','1');
Insert into DESCARGA (FECHA,USO_ID,VERSION_ID,VER_APL_ID,OTRO_ID,ITEM,VALOR) values (to_date('06/02/14','DD/MM/RR'),'23','63','9',null,'194','0');
Insert into DESCARGA (FECHA,USO_ID,VERSION_ID,VER_APL_ID,OTRO_ID,ITEM,VALOR) values (to_date('15/03/14','DD/MM/RR'),'16','65','9',null,'195','1');
Insert into DESCARGA (FECHA,USO_ID,VERSION_ID,VER_APL_ID,OTRO_ID,ITEM,VALOR) values (to_date('05/06/13','DD/MM/RR'),'30','127','18',null,'196','0');
Insert into DESCARGA (FECHA,USO_ID,VERSION_ID,VER_APL_ID,OTRO_ID,ITEM,VALOR) values (to_date('12/06/12','DD/MM/RR'),'27','52','7',null,'197','2');
Insert into DESCARGA (FECHA,USO_ID,VERSION_ID,VER_APL_ID,OTRO_ID,ITEM,VALOR) values (to_date('09/02/15','DD/MM/RR'),'11','110','16',null,'198','1');
Insert into DESCARGA (FECHA,USO_ID,VERSION_ID,VER_APL_ID,OTRO_ID,ITEM,VALOR) values (to_date('30/11/14','DD/MM/RR'),'3','180','25',null,'199','1');
Insert into DESCARGA (FECHA,USO_ID,VERSION_ID,VER_APL_ID,OTRO_ID,ITEM,VALOR) values (to_date('25/09/13','DD/MM/RR'),'33','148','21',null,'200','4');
Insert into DESCARGA (FECHA,USO_ID,VERSION_ID,VER_APL_ID,OTRO_ID,ITEM,VALOR) values (to_date('14/07/12','DD/MM/RR'),'25','84','12',null,'201','0');
Insert into DESCARGA (FECHA,USO_ID,VERSION_ID,VER_APL_ID,OTRO_ID,ITEM,VALOR) values (to_date('11/02/15','DD/MM/RR'),'3','3','1',null,'202','1');
Insert into DESCARGA (FECHA,USO_ID,VERSION_ID,VER_APL_ID,OTRO_ID,ITEM,VALOR) values (to_date('05/12/13','DD/MM/RR'),'17','46','7',null,'203','3');
Insert into DESCARGA (FECHA,USO_ID,VERSION_ID,VER_APL_ID,OTRO_ID,ITEM,VALOR) values (to_date('17/01/15','DD/MM/RR'),'6','56','8',null,'204','3');
Insert into DESCARGA (FECHA,USO_ID,VERSION_ID,VER_APL_ID,OTRO_ID,ITEM,VALOR) values (to_date('17/03/13','DD/MM/RR'),'13','156','22',null,'205','3');
Insert into DESCARGA (FECHA,USO_ID,VERSION_ID,VER_APL_ID,OTRO_ID,ITEM,VALOR) values (to_date('10/04/14','DD/MM/RR'),'26','111','16',null,'206','2');
Insert into DESCARGA (FECHA,USO_ID,VERSION_ID,VER_APL_ID,OTRO_ID,ITEM,VALOR) values (to_date('25/09/14','DD/MM/RR'),'28','191','27',null,'207','0');
Insert into DESCARGA (FECHA,USO_ID,VERSION_ID,VER_APL_ID,OTRO_ID,ITEM,VALOR) values (to_date('16/12/13','DD/MM/RR'),'37','215','30',null,'208','3');
Insert into DESCARGA (FECHA,USO_ID,VERSION_ID,VER_APL_ID,OTRO_ID,ITEM,VALOR) values (to_date('11/11/13','DD/MM/RR'),'18','188','26',null,'209','0');
Insert into DESCARGA (FECHA,USO_ID,VERSION_ID,VER_APL_ID,OTRO_ID,ITEM,VALOR) values (to_date('14/12/12','DD/MM/RR'),'14','173','25',null,'210','4');
Insert into DESCARGA (FECHA,USO_ID,VERSION_ID,VER_APL_ID,OTRO_ID,ITEM,VALOR) values (to_date('01/10/12','DD/MM/RR'),'25','178','25',null,'211','1');
Insert into DESCARGA (FECHA,USO_ID,VERSION_ID,VER_APL_ID,OTRO_ID,ITEM,VALOR) values (to_date('07/11/12','DD/MM/RR'),'13','89','13',null,'212','2');
Insert into DESCARGA (FECHA,USO_ID,VERSION_ID,VER_APL_ID,OTRO_ID,ITEM,VALOR) values (to_date('16/05/13','DD/MM/RR'),'8','179','25',null,'213','2');
Insert into DESCARGA (FECHA,USO_ID,VERSION_ID,VER_APL_ID,OTRO_ID,ITEM,VALOR) values (to_date('15/02/14','DD/MM/RR'),'23','170','24',null,'214','3');
Insert into DESCARGA (FECHA,USO_ID,VERSION_ID,VER_APL_ID,OTRO_ID,ITEM,VALOR) values (to_date('14/06/12','DD/MM/RR'),'23','42','6',null,'215','1');
Insert into DESCARGA (FECHA,USO_ID,VERSION_ID,VER_APL_ID,OTRO_ID,ITEM,VALOR) values (to_date('21/08/12','DD/MM/RR'),'39','47','7',null,'216','4');
Insert into DESCARGA (FECHA,USO_ID,VERSION_ID,VER_APL_ID,OTRO_ID,ITEM,VALOR) values (to_date('05/03/13','DD/MM/RR'),'18','38','5',null,'217','3');
Insert into DESCARGA (FECHA,USO_ID,VERSION_ID,VER_APL_ID,OTRO_ID,ITEM,VALOR) values (to_date('06/01/14','DD/MM/RR'),'28','39','6',null,'218','4');
Insert into DESCARGA (FECHA,USO_ID,VERSION_ID,VER_APL_ID,OTRO_ID,ITEM,VALOR) values (to_date('19/03/14','DD/MM/RR'),'5','29','5',null,'219','1');
Insert into DESCARGA (FECHA,USO_ID,VERSION_ID,VER_APL_ID,OTRO_ID,ITEM,VALOR) values (to_date('12/06/13','DD/MM/RR'),'28','111','16',null,'220','2');
Insert into DESCARGA (FECHA,USO_ID,VERSION_ID,VER_APL_ID,OTRO_ID,ITEM,VALOR) values (to_date('24/12/12','DD/MM/RR'),'12','2','1',null,'221','0');
Insert into DESCARGA (FECHA,USO_ID,VERSION_ID,VER_APL_ID,OTRO_ID,ITEM,VALOR) values (to_date('22/01/15','DD/MM/RR'),'28','216','30',null,'222','0');
Insert into DESCARGA (FECHA,USO_ID,VERSION_ID,VER_APL_ID,OTRO_ID,ITEM,VALOR) values (to_date('20/03/14','DD/MM/RR'),'36','211','29',null,'223','4');
Insert into DESCARGA (FECHA,USO_ID,VERSION_ID,VER_APL_ID,OTRO_ID,ITEM,VALOR) values (to_date('12/10/13','DD/MM/RR'),'37','47','7',null,'224','4');
Insert into DESCARGA (FECHA,USO_ID,VERSION_ID,VER_APL_ID,OTRO_ID,ITEM,VALOR) values (to_date('06/07/13','DD/MM/RR'),'9','213','29',null,'225','4');
Insert into DESCARGA (FECHA,USO_ID,VERSION_ID,VER_APL_ID,OTRO_ID,ITEM,VALOR) values (to_date('13/05/13','DD/MM/RR'),'18','62','8',null,'226','2');
Insert into DESCARGA (FECHA,USO_ID,VERSION_ID,VER_APL_ID,OTRO_ID,ITEM,VALOR) values (to_date('21/11/14','DD/MM/RR'),'13','74','10',null,'227','4');
Insert into DESCARGA (FECHA,USO_ID,VERSION_ID,VER_APL_ID,OTRO_ID,ITEM,VALOR) values (to_date('26/05/14','DD/MM/RR'),'18','100','15',null,'228','1');
Insert into DESCARGA (FECHA,USO_ID,VERSION_ID,VER_APL_ID,OTRO_ID,ITEM,VALOR) values (to_date('27/01/14','DD/MM/RR'),'33','184','26',null,'229','2');
Insert into DESCARGA (FECHA,USO_ID,VERSION_ID,VER_APL_ID,OTRO_ID,ITEM,VALOR) values (to_date('28/12/14','DD/MM/RR'),'21','53','8',null,'230','2');
Insert into DESCARGA (FECHA,USO_ID,VERSION_ID,VER_APL_ID,OTRO_ID,ITEM,VALOR) values (to_date('02/08/13','DD/MM/RR'),'16','66','9',null,'231','1');
Insert into DESCARGA (FECHA,USO_ID,VERSION_ID,VER_APL_ID,OTRO_ID,ITEM,VALOR) values (to_date('18/01/15','DD/MM/RR'),'12','7','2',null,'232','1');
Insert into DESCARGA (FECHA,USO_ID,VERSION_ID,VER_APL_ID,OTRO_ID,ITEM,VALOR) values (to_date('25/09/13','DD/MM/RR'),'6','190','27',null,'233','4');
Insert into DESCARGA (FECHA,USO_ID,VERSION_ID,VER_APL_ID,OTRO_ID,ITEM,VALOR) values (to_date('21/04/13','DD/MM/RR'),'5','202','28',null,'234','2');
Insert into DESCARGA (FECHA,USO_ID,VERSION_ID,VER_APL_ID,OTRO_ID,ITEM,VALOR) values (to_date('14/02/13','DD/MM/RR'),'1','104','15',null,'235','1');
Insert into DESCARGA (FECHA,USO_ID,VERSION_ID,VER_APL_ID,OTRO_ID,ITEM,VALOR) values (to_date('21/06/14','DD/MM/RR'),'32','217','30',null,'236','2');
Insert into DESCARGA (FECHA,USO_ID,VERSION_ID,VER_APL_ID,OTRO_ID,ITEM,VALOR) values (to_date('06/01/14','DD/MM/RR'),'29','121','17',null,'237','3');
Insert into DESCARGA (FECHA,USO_ID,VERSION_ID,VER_APL_ID,OTRO_ID,ITEM,VALOR) values (to_date('23/03/14','DD/MM/RR'),'26','78','11',null,'238','2');
Insert into DESCARGA (FECHA,USO_ID,VERSION_ID,VER_APL_ID,OTRO_ID,ITEM,VALOR) values (to_date('16/06/14','DD/MM/RR'),'25','44','7',null,'239','4');
Insert into DESCARGA (FECHA,USO_ID,VERSION_ID,VER_APL_ID,OTRO_ID,ITEM,VALOR) values (to_date('02/11/12','DD/MM/RR'),'19','217','30',null,'240','1');
Insert into DESCARGA (FECHA,USO_ID,VERSION_ID,VER_APL_ID,OTRO_ID,ITEM,VALOR) values (to_date('15/01/13','DD/MM/RR'),'11','164','23',null,'241','3');
Insert into DESCARGA (FECHA,USO_ID,VERSION_ID,VER_APL_ID,OTRO_ID,ITEM,VALOR) values (to_date('16/04/13','DD/MM/RR'),'35','97','14',null,'242','4');
Insert into DESCARGA (FECHA,USO_ID,VERSION_ID,VER_APL_ID,OTRO_ID,ITEM,VALOR) values (to_date('25/10/13','DD/MM/RR'),'12','38','5',null,'243','1');
Insert into DESCARGA (FECHA,USO_ID,VERSION_ID,VER_APL_ID,OTRO_ID,ITEM,VALOR) values (to_date('04/06/14','DD/MM/RR'),'19','126','18',null,'244','3');
Insert into DESCARGA (FECHA,USO_ID,VERSION_ID,VER_APL_ID,OTRO_ID,ITEM,VALOR) values (to_date('31/05/13','DD/MM/RR'),'26','73','10',null,'245','2');
Insert into DESCARGA (FECHA,USO_ID,VERSION_ID,VER_APL_ID,OTRO_ID,ITEM,VALOR) values (to_date('13/07/12','DD/MM/RR'),'15','90','13',null,'246','4');
Insert into DESCARGA (FECHA,USO_ID,VERSION_ID,VER_APL_ID,OTRO_ID,ITEM,VALOR) values (to_date('02/07/12','DD/MM/RR'),'10','154','21',null,'247','2');
Insert into DESCARGA (FECHA,USO_ID,VERSION_ID,VER_APL_ID,OTRO_ID,ITEM,VALOR) values (to_date('23/09/13','DD/MM/RR'),'25','211','29',null,'248','4');
Insert into DESCARGA (FECHA,USO_ID,VERSION_ID,VER_APL_ID,OTRO_ID,ITEM,VALOR) values (to_date('08/07/13','DD/MM/RR'),'3','21','4',null,'249','5');
Insert into DESCARGA (FECHA,USO_ID,VERSION_ID,VER_APL_ID,OTRO_ID,ITEM,VALOR) values (to_date('11/03/13','DD/MM/RR'),'18','177','25',null,'250','2');
Insert into DESCARGA (FECHA,USO_ID,VERSION_ID,VER_APL_ID,OTRO_ID,ITEM,VALOR) values (to_date('19/09/13','DD/MM/RR'),'38','42','6',null,'251','3');
Insert into DESCARGA (FECHA,USO_ID,VERSION_ID,VER_APL_ID,OTRO_ID,ITEM,VALOR) values (to_date('14/05/13','DD/MM/RR'),'5','205','29',null,'252','0');
Insert into DESCARGA (FECHA,USO_ID,VERSION_ID,VER_APL_ID,OTRO_ID,ITEM,VALOR) values (to_date('14/07/14','DD/MM/RR'),'7','104','15',null,'253','4');
Insert into DESCARGA (FECHA,USO_ID,VERSION_ID,VER_APL_ID,OTRO_ID,ITEM,VALOR) values (to_date('23/06/13','DD/MM/RR'),'9','180','25',null,'254','1');
Insert into DESCARGA (FECHA,USO_ID,VERSION_ID,VER_APL_ID,OTRO_ID,ITEM,VALOR) values (to_date('08/10/14','DD/MM/RR'),'29','61','8',null,'255','1');
Insert into DESCARGA (FECHA,USO_ID,VERSION_ID,VER_APL_ID,OTRO_ID,ITEM,VALOR) values (to_date('31/05/14','DD/MM/RR'),'18','68','9',null,'256','1');
Insert into DESCARGA (FECHA,USO_ID,VERSION_ID,VER_APL_ID,OTRO_ID,ITEM,VALOR) values (to_date('30/05/12','DD/MM/RR'),'19','96','13',null,'257','1');
Insert into DESCARGA (FECHA,USO_ID,VERSION_ID,VER_APL_ID,OTRO_ID,ITEM,VALOR) values (to_date('18/05/14','DD/MM/RR'),'12','75','11',null,'258','0');
Insert into DESCARGA (FECHA,USO_ID,VERSION_ID,VER_APL_ID,OTRO_ID,ITEM,VALOR) values (to_date('07/08/14','DD/MM/RR'),'38','193','27',null,'259','2');
Insert into DESCARGA (FECHA,USO_ID,VERSION_ID,VER_APL_ID,OTRO_ID,ITEM,VALOR) values (to_date('18/12/14','DD/MM/RR'),'33','213','29',null,'260','2');
Insert into DESCARGA (FECHA,USO_ID,VERSION_ID,VER_APL_ID,OTRO_ID,ITEM,VALOR) values (to_date('21/10/13','DD/MM/RR'),'4','169','24',null,'261','4');
Insert into DESCARGA (FECHA,USO_ID,VERSION_ID,VER_APL_ID,OTRO_ID,ITEM,VALOR) values (to_date('16/04/14','DD/MM/RR'),'4','215','30',null,'262','2');
Insert into DESCARGA (FECHA,USO_ID,VERSION_ID,VER_APL_ID,OTRO_ID,ITEM,VALOR) values (to_date('15/01/14','DD/MM/RR'),'35','101','15',null,'263','4');
Insert into DESCARGA (FECHA,USO_ID,VERSION_ID,VER_APL_ID,OTRO_ID,ITEM,VALOR) values (to_date('07/06/12','DD/MM/RR'),'34','202','28',null,'264','3');
Insert into DESCARGA (FECHA,USO_ID,VERSION_ID,VER_APL_ID,OTRO_ID,ITEM,VALOR) values (to_date('27/09/14','DD/MM/RR'),'18','71','10',null,'265','4');
Insert into DESCARGA (FECHA,USO_ID,VERSION_ID,VER_APL_ID,OTRO_ID,ITEM,VALOR) values (to_date('21/04/13','DD/MM/RR'),'12','26','4',null,'266','3');
Insert into DESCARGA (FECHA,USO_ID,VERSION_ID,VER_APL_ID,OTRO_ID,ITEM,VALOR) values (to_date('24/10/13','DD/MM/RR'),'19','111','16',null,'267','3');
Insert into DESCARGA (FECHA,USO_ID,VERSION_ID,VER_APL_ID,OTRO_ID,ITEM,VALOR) values (to_date('27/09/13','DD/MM/RR'),'33','88','13',null,'268','3');
Insert into DESCARGA (FECHA,USO_ID,VERSION_ID,VER_APL_ID,OTRO_ID,ITEM,VALOR) values (to_date('06/03/13','DD/MM/RR'),'25','147','20',null,'269','4');
Insert into DESCARGA (FECHA,USO_ID,VERSION_ID,VER_APL_ID,OTRO_ID,ITEM,VALOR) values (to_date('06/11/14','DD/MM/RR'),'22','148','21',null,'270','1');
Insert into DESCARGA (FECHA,USO_ID,VERSION_ID,VER_APL_ID,OTRO_ID,ITEM,VALOR) values (to_date('28/10/13','DD/MM/RR'),'32','161','22',null,'271','5');
Insert into DESCARGA (FECHA,USO_ID,VERSION_ID,VER_APL_ID,OTRO_ID,ITEM,VALOR) values (to_date('18/07/13','DD/MM/RR'),'37','112','16',null,'272','4');
Insert into DESCARGA (FECHA,USO_ID,VERSION_ID,VER_APL_ID,OTRO_ID,ITEM,VALOR) values (to_date('09/09/13','DD/MM/RR'),'31','52','7',null,'273','4');
Insert into DESCARGA (FECHA,USO_ID,VERSION_ID,VER_APL_ID,OTRO_ID,ITEM,VALOR) values (to_date('15/12/13','DD/MM/RR'),'13','78','11',null,'274','3');
Insert into DESCARGA (FECHA,USO_ID,VERSION_ID,VER_APL_ID,OTRO_ID,ITEM,VALOR) values (to_date('19/02/14','DD/MM/RR'),'37','197','28',null,'275','3');
Insert into DESCARGA (FECHA,USO_ID,VERSION_ID,VER_APL_ID,OTRO_ID,ITEM,VALOR) values (to_date('07/02/13','DD/MM/RR'),'19','197','28',null,'276','0');
Insert into DESCARGA (FECHA,USO_ID,VERSION_ID,VER_APL_ID,OTRO_ID,ITEM,VALOR) values (to_date('03/08/14','DD/MM/RR'),'39','92','13',null,'277','1');
Insert into DESCARGA (FECHA,USO_ID,VERSION_ID,VER_APL_ID,OTRO_ID,ITEM,VALOR) values (to_date('26/08/14','DD/MM/RR'),'17','44','7',null,'278','4');
Insert into DESCARGA (FECHA,USO_ID,VERSION_ID,VER_APL_ID,OTRO_ID,ITEM,VALOR) values (to_date('24/10/13','DD/MM/RR'),'10','151','21',null,'279','2');
Insert into DESCARGA (FECHA,USO_ID,VERSION_ID,VER_APL_ID,OTRO_ID,ITEM,VALOR) values (to_date('12/06/14','DD/MM/RR'),'8','186','26',null,'280','1');
Insert into DESCARGA (FECHA,USO_ID,VERSION_ID,VER_APL_ID,OTRO_ID,ITEM,VALOR) values (to_date('17/04/14','DD/MM/RR'),'4','157','22',null,'281','0');
Insert into DESCARGA (FECHA,USO_ID,VERSION_ID,VER_APL_ID,OTRO_ID,ITEM,VALOR) values (to_date('27/07/13','DD/MM/RR'),'32','140','19',null,'282','1');
Insert into DESCARGA (FECHA,USO_ID,VERSION_ID,VER_APL_ID,OTRO_ID,ITEM,VALOR) values (to_date('20/11/12','DD/MM/RR'),'15','83','12',null,'283','1');
Insert into DESCARGA (FECHA,USO_ID,VERSION_ID,VER_APL_ID,OTRO_ID,ITEM,VALOR) values (to_date('22/07/12','DD/MM/RR'),'22','37','5',null,'284','2');
Insert into DESCARGA (FECHA,USO_ID,VERSION_ID,VER_APL_ID,OTRO_ID,ITEM,VALOR) values (to_date('15/03/13','DD/MM/RR'),'11','64','9',null,'285','4');
Insert into DESCARGA (FECHA,USO_ID,VERSION_ID,VER_APL_ID,OTRO_ID,ITEM,VALOR) values (to_date('30/09/13','DD/MM/RR'),'1','207','29',null,'286','5');
Insert into DESCARGA (FECHA,USO_ID,VERSION_ID,VER_APL_ID,OTRO_ID,ITEM,VALOR) values (to_date('24/01/13','DD/MM/RR'),'14','202','28',null,'287','0');
Insert into DESCARGA (FECHA,USO_ID,VERSION_ID,VER_APL_ID,OTRO_ID,ITEM,VALOR) values (to_date('09/01/14','DD/MM/RR'),'33','117','17',null,'288','3');
Insert into DESCARGA (FECHA,USO_ID,VERSION_ID,VER_APL_ID,OTRO_ID,ITEM,VALOR) values (to_date('08/07/12','DD/MM/RR'),'28','60','8',null,'289','1');
Insert into DESCARGA (FECHA,USO_ID,VERSION_ID,VER_APL_ID,OTRO_ID,ITEM,VALOR) values (to_date('09/02/13','DD/MM/RR'),'35','49','7',null,'290','1');
Insert into DESCARGA (FECHA,USO_ID,VERSION_ID,VER_APL_ID,OTRO_ID,ITEM,VALOR) values (to_date('24/10/12','DD/MM/RR'),'29','40','6',null,'291','4');
Insert into DESCARGA (FECHA,USO_ID,VERSION_ID,VER_APL_ID,OTRO_ID,ITEM,VALOR) values (to_date('16/05/14','DD/MM/RR'),'31','196','28',null,'292','0');
Insert into DESCARGA (FECHA,USO_ID,VERSION_ID,VER_APL_ID,OTRO_ID,ITEM,VALOR) values (to_date('07/10/12','DD/MM/RR'),'20','154','21',null,'293','3');
Insert into DESCARGA (FECHA,USO_ID,VERSION_ID,VER_APL_ID,OTRO_ID,ITEM,VALOR) values (to_date('12/03/13','DD/MM/RR'),'21','10','2',null,'294','3');
Insert into DESCARGA (FECHA,USO_ID,VERSION_ID,VER_APL_ID,OTRO_ID,ITEM,VALOR) values (to_date('20/03/13','DD/MM/RR'),'35','143','19',null,'295','1');
Insert into DESCARGA (FECHA,USO_ID,VERSION_ID,VER_APL_ID,OTRO_ID,ITEM,VALOR) values (to_date('28/12/13','DD/MM/RR'),'36','45','7',null,'296','4');
Insert into DESCARGA (FECHA,USO_ID,VERSION_ID,VER_APL_ID,OTRO_ID,ITEM,VALOR) values (to_date('09/07/13','DD/MM/RR'),'27','204','28',null,'297','1');
Insert into DESCARGA (FECHA,USO_ID,VERSION_ID,VER_APL_ID,OTRO_ID,ITEM,VALOR) values (to_date('21/03/13','DD/MM/RR'),'22','23','4',null,'298','2');
Insert into DESCARGA (FECHA,USO_ID,VERSION_ID,VER_APL_ID,OTRO_ID,ITEM,VALOR) values (to_date('15/12/12','DD/MM/RR'),'36','135','18',null,'299','0');
Insert into DESCARGA (FECHA,USO_ID,VERSION_ID,VER_APL_ID,OTRO_ID,ITEM,VALOR) values (to_date('02/01/15','DD/MM/RR'),'25','124','17',null,'300','0');
Insert into DESCARGA (FECHA,USO_ID,VERSION_ID,VER_APL_ID,OTRO_ID,ITEM,VALOR) values (to_date('20/02/13','DD/MM/RR'),'5','22','4',null,'301','5');
Insert into DESCARGA (FECHA,USO_ID,VERSION_ID,VER_APL_ID,OTRO_ID,ITEM,VALOR) values (to_date('08/07/12','DD/MM/RR'),'29','139','19',null,'302','4');
Insert into DESCARGA (FECHA,USO_ID,VERSION_ID,VER_APL_ID,OTRO_ID,ITEM,VALOR) values (to_date('12/11/12','DD/MM/RR'),'23','204','28',null,'303','1');
Insert into DESCARGA (FECHA,USO_ID,VERSION_ID,VER_APL_ID,OTRO_ID,ITEM,VALOR) values (to_date('30/10/12','DD/MM/RR'),'14','124','17',null,'304','0');
Insert into DESCARGA (FECHA,USO_ID,VERSION_ID,VER_APL_ID,OTRO_ID,ITEM,VALOR) values (to_date('25/11/13','DD/MM/RR'),'39','20','3',null,'305','2');
Insert into DESCARGA (FECHA,USO_ID,VERSION_ID,VER_APL_ID,OTRO_ID,ITEM,VALOR) values (to_date('05/10/14','DD/MM/RR'),'34','29','5',null,'306','1');
Insert into DESCARGA (FECHA,USO_ID,VERSION_ID,VER_APL_ID,OTRO_ID,ITEM,VALOR) values (to_date('02/09/12','DD/MM/RR'),'37','1','1',null,'307','2');
Insert into DESCARGA (FECHA,USO_ID,VERSION_ID,VER_APL_ID,OTRO_ID,ITEM,VALOR) values (to_date('25/07/13','DD/MM/RR'),'8','11','2',null,'308','0');
Insert into DESCARGA (FECHA,USO_ID,VERSION_ID,VER_APL_ID,OTRO_ID,ITEM,VALOR) values (to_date('01/05/13','DD/MM/RR'),'32','51','7',null,'309','2');
Insert into DESCARGA (FECHA,USO_ID,VERSION_ID,VER_APL_ID,OTRO_ID,ITEM,VALOR) values (to_date('27/10/12','DD/MM/RR'),'22','75','11',null,'310','3');
Insert into DESCARGA (FECHA,USO_ID,VERSION_ID,VER_APL_ID,OTRO_ID,ITEM,VALOR) values (to_date('24/07/12','DD/MM/RR'),'35','134','18',null,'311','3');
Insert into DESCARGA (FECHA,USO_ID,VERSION_ID,VER_APL_ID,OTRO_ID,ITEM,VALOR) values (to_date('12/09/12','DD/MM/RR'),'26','33','5',null,'312','0');
Insert into DESCARGA (FECHA,USO_ID,VERSION_ID,VER_APL_ID,OTRO_ID,ITEM,VALOR) values (to_date('13/02/15','DD/MM/RR'),'35','164','23',null,'313','4');
Insert into DESCARGA (FECHA,USO_ID,VERSION_ID,VER_APL_ID,OTRO_ID,ITEM,VALOR) values (to_date('29/10/12','DD/MM/RR'),'4','206','29',null,'314','3');
Insert into DESCARGA (FECHA,USO_ID,VERSION_ID,VER_APL_ID,OTRO_ID,ITEM,VALOR) values (to_date('23/08/12','DD/MM/RR'),'28','182','25',null,'315','3');
Insert into DESCARGA (FECHA,USO_ID,VERSION_ID,VER_APL_ID,OTRO_ID,ITEM,VALOR) values (to_date('06/12/13','DD/MM/RR'),'33','179','25',null,'316','2');
Insert into DESCARGA (FECHA,USO_ID,VERSION_ID,VER_APL_ID,OTRO_ID,ITEM,VALOR) values (to_date('29/11/13','DD/MM/RR'),'20','61','8',null,'317','5');
Insert into DESCARGA (FECHA,USO_ID,VERSION_ID,VER_APL_ID,OTRO_ID,ITEM,VALOR) values (to_date('08/07/13','DD/MM/RR'),'28','33','5',null,'318','0');
Insert into DESCARGA (FECHA,USO_ID,VERSION_ID,VER_APL_ID,OTRO_ID,ITEM,VALOR) values (to_date('09/03/14','DD/MM/RR'),'17','18','3',null,'319','2');
Insert into DESCARGA (FECHA,USO_ID,VERSION_ID,VER_APL_ID,OTRO_ID,ITEM,VALOR) values (to_date('03/07/12','DD/MM/RR'),'19','142','19',null,'320','4');
Insert into DESCARGA (FECHA,USO_ID,VERSION_ID,VER_APL_ID,OTRO_ID,ITEM,VALOR) values (to_date('09/03/13','DD/MM/RR'),'8','144','20',null,'321','1');
Insert into DESCARGA (FECHA,USO_ID,VERSION_ID,VER_APL_ID,OTRO_ID,ITEM,VALOR) values (to_date('13/07/12','DD/MM/RR'),'25','111','16',null,'322','5');
Insert into DESCARGA (FECHA,USO_ID,VERSION_ID,VER_APL_ID,OTRO_ID,ITEM,VALOR) values (to_date('11/07/13','DD/MM/RR'),'38','62','8',null,'323','5');
Insert into DESCARGA (FECHA,USO_ID,VERSION_ID,VER_APL_ID,OTRO_ID,ITEM,VALOR) values (to_date('29/08/12','DD/MM/RR'),'13','193','27',null,'324','3');
Insert into DESCARGA (FECHA,USO_ID,VERSION_ID,VER_APL_ID,OTRO_ID,ITEM,VALOR) values (to_date('24/05/13','DD/MM/RR'),'23','13','2',null,'325','4');
Insert into DESCARGA (FECHA,USO_ID,VERSION_ID,VER_APL_ID,OTRO_ID,ITEM,VALOR) values (to_date('28/06/12','DD/MM/RR'),'18','215','30',null,'326','5');
Insert into DESCARGA (FECHA,USO_ID,VERSION_ID,VER_APL_ID,OTRO_ID,ITEM,VALOR) values (to_date('03/02/15','DD/MM/RR'),'34','25','4',null,'327','0');
Insert into DESCARGA (FECHA,USO_ID,VERSION_ID,VER_APL_ID,OTRO_ID,ITEM,VALOR) values (to_date('25/01/13','DD/MM/RR'),'10','97','14',null,'328','4');
Insert into DESCARGA (FECHA,USO_ID,VERSION_ID,VER_APL_ID,OTRO_ID,ITEM,VALOR) values (to_date('27/12/14','DD/MM/RR'),'34','194','28',null,'329','0');
Insert into DESCARGA (FECHA,USO_ID,VERSION_ID,VER_APL_ID,OTRO_ID,ITEM,VALOR) values (to_date('08/12/14','DD/MM/RR'),'13','154','21',null,'330','4');
Insert into DESCARGA (FECHA,USO_ID,VERSION_ID,VER_APL_ID,OTRO_ID,ITEM,VALOR) values (to_date('16/09/14','DD/MM/RR'),'9','58','8',null,'331','1');
Insert into DESCARGA (FECHA,USO_ID,VERSION_ID,VER_APL_ID,OTRO_ID,ITEM,VALOR) values (to_date('15/11/13','DD/MM/RR'),'25','18','3',null,'332','3');
Insert into DESCARGA (FECHA,USO_ID,VERSION_ID,VER_APL_ID,OTRO_ID,ITEM,VALOR) values (to_date('04/04/14','DD/MM/RR'),'22','21','4',null,'333','2');
Insert into DESCARGA (FECHA,USO_ID,VERSION_ID,VER_APL_ID,OTRO_ID,ITEM,VALOR) values (to_date('26/07/14','DD/MM/RR'),'27','28','5',null,'334','0');
Insert into DESCARGA (FECHA,USO_ID,VERSION_ID,VER_APL_ID,OTRO_ID,ITEM,VALOR) values (to_date('19/03/13','DD/MM/RR'),'13','163','23',null,'335','4');
Insert into DESCARGA (FECHA,USO_ID,VERSION_ID,VER_APL_ID,OTRO_ID,ITEM,VALOR) values (to_date('21/03/13','DD/MM/RR'),'23','157','22',null,'336','1');
Insert into DESCARGA (FECHA,USO_ID,VERSION_ID,VER_APL_ID,OTRO_ID,ITEM,VALOR) values (to_date('29/10/14','DD/MM/RR'),'24','27','4',null,'337','3');
Insert into DESCARGA (FECHA,USO_ID,VERSION_ID,VER_APL_ID,OTRO_ID,ITEM,VALOR) values (to_date('20/07/12','DD/MM/RR'),'21','214','30',null,'338','5');
Insert into DESCARGA (FECHA,USO_ID,VERSION_ID,VER_APL_ID,OTRO_ID,ITEM,VALOR) values (to_date('12/08/13','DD/MM/RR'),'16','61','8',null,'339','2');
Insert into DESCARGA (FECHA,USO_ID,VERSION_ID,VER_APL_ID,OTRO_ID,ITEM,VALOR) values (to_date('04/03/13','DD/MM/RR'),'13','66','9',null,'340','3');
Insert into DESCARGA (FECHA,USO_ID,VERSION_ID,VER_APL_ID,OTRO_ID,ITEM,VALOR) values (to_date('07/10/12','DD/MM/RR'),'16','109','16',null,'341','3');
Insert into DESCARGA (FECHA,USO_ID,VERSION_ID,VER_APL_ID,OTRO_ID,ITEM,VALOR) values (to_date('27/10/14','DD/MM/RR'),'30','3','1',null,'342','4');
Insert into DESCARGA (FECHA,USO_ID,VERSION_ID,VER_APL_ID,OTRO_ID,ITEM,VALOR) values (to_date('16/11/14','DD/MM/RR'),'22','178','25',null,'343','0');
Insert into DESCARGA (FECHA,USO_ID,VERSION_ID,VER_APL_ID,OTRO_ID,ITEM,VALOR) values (to_date('15/09/12','DD/MM/RR'),'9','181','25',null,'344','4');
Insert into DESCARGA (FECHA,USO_ID,VERSION_ID,VER_APL_ID,OTRO_ID,ITEM,VALOR) values (to_date('01/11/12','DD/MM/RR'),'16','131','18',null,'345','4');
Insert into DESCARGA (FECHA,USO_ID,VERSION_ID,VER_APL_ID,OTRO_ID,ITEM,VALOR) values (to_date('21/01/14','DD/MM/RR'),'32','159','22',null,'346','5');
Insert into DESCARGA (FECHA,USO_ID,VERSION_ID,VER_APL_ID,OTRO_ID,ITEM,VALOR) values (to_date('02/08/14','DD/MM/RR'),'2','130','18',null,'347','4');
Insert into DESCARGA (FECHA,USO_ID,VERSION_ID,VER_APL_ID,OTRO_ID,ITEM,VALOR) values (to_date('30/08/14','DD/MM/RR'),'5','54','8',null,'348','4');
Insert into DESCARGA (FECHA,USO_ID,VERSION_ID,VER_APL_ID,OTRO_ID,ITEM,VALOR) values (to_date('19/02/14','DD/MM/RR'),'11','203','28',null,'349','4');
Insert into DESCARGA (FECHA,USO_ID,VERSION_ID,VER_APL_ID,OTRO_ID,ITEM,VALOR) values (to_date('08/03/14','DD/MM/RR'),'6','7','2',null,'350','1');
Insert into DESCARGA (FECHA,USO_ID,VERSION_ID,VER_APL_ID,OTRO_ID,ITEM,VALOR) values (to_date('15/03/13','DD/MM/RR'),'33','85','12',null,'351','5');
Insert into DESCARGA (FECHA,USO_ID,VERSION_ID,VER_APL_ID,OTRO_ID,ITEM,VALOR) values (to_date('16/07/14','DD/MM/RR'),'3','214','30',null,'352','0');
Insert into DESCARGA (FECHA,USO_ID,VERSION_ID,VER_APL_ID,OTRO_ID,ITEM,VALOR) values (to_date('09/12/14','DD/MM/RR'),'12','87','13',null,'353','3');
Insert into DESCARGA (FECHA,USO_ID,VERSION_ID,VER_APL_ID,OTRO_ID,ITEM,VALOR) values (to_date('19/12/12','DD/MM/RR'),'26','203','28',null,'354','2');
Insert into DESCARGA (FECHA,USO_ID,VERSION_ID,VER_APL_ID,OTRO_ID,ITEM,VALOR) values (to_date('24/09/13','DD/MM/RR'),'31','114','17',null,'355','2');
Insert into DESCARGA (FECHA,USO_ID,VERSION_ID,VER_APL_ID,OTRO_ID,ITEM,VALOR) values (to_date('28/09/14','DD/MM/RR'),'18','131','18',null,'356','4');
Insert into DESCARGA (FECHA,USO_ID,VERSION_ID,VER_APL_ID,OTRO_ID,ITEM,VALOR) values (to_date('18/12/14','DD/MM/RR'),'38','165','24',null,'357','3');
Insert into DESCARGA (FECHA,USO_ID,VERSION_ID,VER_APL_ID,OTRO_ID,ITEM,VALOR) values (to_date('01/02/14','DD/MM/RR'),'29','116','17',null,'358','1');
Insert into DESCARGA (FECHA,USO_ID,VERSION_ID,VER_APL_ID,OTRO_ID,ITEM,VALOR) values (to_date('11/11/13','DD/MM/RR'),'7','210','29',null,'359','4');
Insert into DESCARGA (FECHA,USO_ID,VERSION_ID,VER_APL_ID,OTRO_ID,ITEM,VALOR) values (to_date('15/01/13','DD/MM/RR'),'3','156','22',null,'360','2');
Insert into DESCARGA (FECHA,USO_ID,VERSION_ID,VER_APL_ID,OTRO_ID,ITEM,VALOR) values (to_date('21/08/12','DD/MM/RR'),'9','35','5',null,'361','1');
Insert into DESCARGA (FECHA,USO_ID,VERSION_ID,VER_APL_ID,OTRO_ID,ITEM,VALOR) values (to_date('30/10/12','DD/MM/RR'),'38','167','24',null,'362','1');
Insert into DESCARGA (FECHA,USO_ID,VERSION_ID,VER_APL_ID,OTRO_ID,ITEM,VALOR) values (to_date('09/02/14','DD/MM/RR'),'29','130','18',null,'363','1');
Insert into DESCARGA (FECHA,USO_ID,VERSION_ID,VER_APL_ID,OTRO_ID,ITEM,VALOR) values (to_date('25/07/13','DD/MM/RR'),'19','155','21',null,'364','3');
Insert into DESCARGA (FECHA,USO_ID,VERSION_ID,VER_APL_ID,OTRO_ID,ITEM,VALOR) values (to_date('18/08/13','DD/MM/RR'),'9','164','23',null,'365','3');
Insert into DESCARGA (FECHA,USO_ID,VERSION_ID,VER_APL_ID,OTRO_ID,ITEM,VALOR) values (to_date('10/05/13','DD/MM/RR'),'17','10','2',null,'366','4');
Insert into DESCARGA (FECHA,USO_ID,VERSION_ID,VER_APL_ID,OTRO_ID,ITEM,VALOR) values (to_date('24/02/14','DD/MM/RR'),'11','17','3',null,'367','1');
Insert into DESCARGA (FECHA,USO_ID,VERSION_ID,VER_APL_ID,OTRO_ID,ITEM,VALOR) values (to_date('17/04/14','DD/MM/RR'),'3','15','2',null,'368','1');
Insert into DESCARGA (FECHA,USO_ID,VERSION_ID,VER_APL_ID,OTRO_ID,ITEM,VALOR) values (to_date('02/05/13','DD/MM/RR'),'14','82','11',null,'369','5');
Insert into DESCARGA (FECHA,USO_ID,VERSION_ID,VER_APL_ID,OTRO_ID,ITEM,VALOR) values (to_date('05/12/12','DD/MM/RR'),'9','66','9',null,'370','3');
Insert into DESCARGA (FECHA,USO_ID,VERSION_ID,VER_APL_ID,OTRO_ID,ITEM,VALOR) values (to_date('01/07/14','DD/MM/RR'),'9','79','11',null,'371','1');
Insert into DESCARGA (FECHA,USO_ID,VERSION_ID,VER_APL_ID,OTRO_ID,ITEM,VALOR) values (to_date('30/11/12','DD/MM/RR'),'19','129','18',null,'372','2');
Insert into DESCARGA (FECHA,USO_ID,VERSION_ID,VER_APL_ID,OTRO_ID,ITEM,VALOR) values (to_date('16/01/13','DD/MM/RR'),'9','166','24',null,'373','2');
Insert into DESCARGA (FECHA,USO_ID,VERSION_ID,VER_APL_ID,OTRO_ID,ITEM,VALOR) values (to_date('05/11/14','DD/MM/RR'),'7','65','9',null,'374','3');
Insert into DESCARGA (FECHA,USO_ID,VERSION_ID,VER_APL_ID,OTRO_ID,ITEM,VALOR) values (to_date('30/11/13','DD/MM/RR'),'19','51','7',null,'375','4');
Insert into DESCARGA (FECHA,USO_ID,VERSION_ID,VER_APL_ID,OTRO_ID,ITEM,VALOR) values (to_date('26/08/13','DD/MM/RR'),'33','77','11',null,'376','2');
Insert into DESCARGA (FECHA,USO_ID,VERSION_ID,VER_APL_ID,OTRO_ID,ITEM,VALOR) values (to_date('04/06/14','DD/MM/RR'),'8','28','5',null,'377','1');
Insert into DESCARGA (FECHA,USO_ID,VERSION_ID,VER_APL_ID,OTRO_ID,ITEM,VALOR) values (to_date('20/10/14','DD/MM/RR'),'16','96','13',null,'378','2');
Insert into DESCARGA (FECHA,USO_ID,VERSION_ID,VER_APL_ID,OTRO_ID,ITEM,VALOR) values (to_date('17/03/14','DD/MM/RR'),'33','194','28',null,'379','2');
Insert into DESCARGA (FECHA,USO_ID,VERSION_ID,VER_APL_ID,OTRO_ID,ITEM,VALOR) values (to_date('09/08/14','DD/MM/RR'),'28','173','25',null,'380','3');
Insert into DESCARGA (FECHA,USO_ID,VERSION_ID,VER_APL_ID,OTRO_ID,ITEM,VALOR) values (to_date('05/02/15','DD/MM/RR'),'20','183','26',null,'381','3');
Insert into DESCARGA (FECHA,USO_ID,VERSION_ID,VER_APL_ID,OTRO_ID,ITEM,VALOR) values (to_date('28/07/13','DD/MM/RR'),'21','172','25',null,'382','5');
Insert into DESCARGA (FECHA,USO_ID,VERSION_ID,VER_APL_ID,OTRO_ID,ITEM,VALOR) values (to_date('19/01/15','DD/MM/RR'),'38','82','11',null,'383','2');
Insert into DESCARGA (FECHA,USO_ID,VERSION_ID,VER_APL_ID,OTRO_ID,ITEM,VALOR) values (to_date('03/07/14','DD/MM/RR'),'10','130','18',null,'384','4');
Insert into DESCARGA (FECHA,USO_ID,VERSION_ID,VER_APL_ID,OTRO_ID,ITEM,VALOR) values (to_date('23/06/12','DD/MM/RR'),'37','140','19',null,'385','1');
Insert into DESCARGA (FECHA,USO_ID,VERSION_ID,VER_APL_ID,OTRO_ID,ITEM,VALOR) values (to_date('27/06/13','DD/MM/RR'),'24','79','11',null,'386','2');
Insert into DESCARGA (FECHA,USO_ID,VERSION_ID,VER_APL_ID,OTRO_ID,ITEM,VALOR) values (to_date('11/12/14','DD/MM/RR'),'12','211','29',null,'387','2');
Insert into DESCARGA (FECHA,USO_ID,VERSION_ID,VER_APL_ID,OTRO_ID,ITEM,VALOR) values (to_date('20/03/14','DD/MM/RR'),'30','149','21',null,'388','2');
Insert into DESCARGA (FECHA,USO_ID,VERSION_ID,VER_APL_ID,OTRO_ID,ITEM,VALOR) values (to_date('30/11/13','DD/MM/RR'),'39','41','6',null,'389','2');
Insert into DESCARGA (FECHA,USO_ID,VERSION_ID,VER_APL_ID,OTRO_ID,ITEM,VALOR) values (to_date('23/09/13','DD/MM/RR'),'23','202','28',null,'390','1');
Insert into DESCARGA (FECHA,USO_ID,VERSION_ID,VER_APL_ID,OTRO_ID,ITEM,VALOR) values (to_date('15/02/14','DD/MM/RR'),'39','195','28',null,'391','2');
Insert into DESCARGA (FECHA,USO_ID,VERSION_ID,VER_APL_ID,OTRO_ID,ITEM,VALOR) values (to_date('04/01/13','DD/MM/RR'),'12','141','19',null,'392','3');
Insert into DESCARGA (FECHA,USO_ID,VERSION_ID,VER_APL_ID,OTRO_ID,ITEM,VALOR) values (to_date('27/04/13','DD/MM/RR'),'8','139','19',null,'393','5');
Insert into DESCARGA (FECHA,USO_ID,VERSION_ID,VER_APL_ID,OTRO_ID,ITEM,VALOR) values (to_date('06/05/14','DD/MM/RR'),'3','100','15',null,'394','4');
Insert into DESCARGA (FECHA,USO_ID,VERSION_ID,VER_APL_ID,OTRO_ID,ITEM,VALOR) values (to_date('04/03/14','DD/MM/RR'),'30','4','2',null,'395','5');
Insert into DESCARGA (FECHA,USO_ID,VERSION_ID,VER_APL_ID,OTRO_ID,ITEM,VALOR) values (to_date('05/09/13','DD/MM/RR'),'7','205','29',null,'396','4');
Insert into DESCARGA (FECHA,USO_ID,VERSION_ID,VER_APL_ID,OTRO_ID,ITEM,VALOR) values (to_date('07/01/15','DD/MM/RR'),'32','85','12',null,'397','5');
Insert into DESCARGA (FECHA,USO_ID,VERSION_ID,VER_APL_ID,OTRO_ID,ITEM,VALOR) values (to_date('20/03/14','DD/MM/RR'),'18','54','8',null,'398','3');
Insert into DESCARGA (FECHA,USO_ID,VERSION_ID,VER_APL_ID,OTRO_ID,ITEM,VALOR) values (to_date('15/07/12','DD/MM/RR'),'38','210','29',null,'399','1');
Insert into DESCARGA (FECHA,USO_ID,VERSION_ID,VER_APL_ID,OTRO_ID,ITEM,VALOR) values (to_date('14/01/14','DD/MM/RR'),'38','177','25',null,'400','0');
Insert into DESCARGA (FECHA,USO_ID,VERSION_ID,VER_APL_ID,OTRO_ID,ITEM,VALOR) values (to_date('26/10/13','DD/MM/RR'),'24','21','4',null,'401','3');
Insert into DESCARGA (FECHA,USO_ID,VERSION_ID,VER_APL_ID,OTRO_ID,ITEM,VALOR) values (to_date('20/04/13','DD/MM/RR'),'32','104','15',null,'402','0');
Insert into DESCARGA (FECHA,USO_ID,VERSION_ID,VER_APL_ID,OTRO_ID,ITEM,VALOR) values (to_date('25/09/13','DD/MM/RR'),'22','58','8',null,'403','4');
Insert into DESCARGA (FECHA,USO_ID,VERSION_ID,VER_APL_ID,OTRO_ID,ITEM,VALOR) values (to_date('07/12/13','DD/MM/RR'),'38','179','25',null,'404','0');
Insert into DESCARGA (FECHA,USO_ID,VERSION_ID,VER_APL_ID,OTRO_ID,ITEM,VALOR) values (to_date('13/02/15','DD/MM/RR'),'1','132','18',null,'405','1');
Insert into DESCARGA (FECHA,USO_ID,VERSION_ID,VER_APL_ID,OTRO_ID,ITEM,VALOR) values (to_date('08/12/13','DD/MM/RR'),'6','202','28',null,'406','2');
Insert into DESCARGA (FECHA,USO_ID,VERSION_ID,VER_APL_ID,OTRO_ID,ITEM,VALOR) values (to_date('14/01/15','DD/MM/RR'),'36','127','18',null,'407','4');
Insert into DESCARGA (FECHA,USO_ID,VERSION_ID,VER_APL_ID,OTRO_ID,ITEM,VALOR) values (to_date('25/07/13','DD/MM/RR'),'20','124','17',null,'408','3');
Insert into DESCARGA (FECHA,USO_ID,VERSION_ID,VER_APL_ID,OTRO_ID,ITEM,VALOR) values (to_date('22/04/13','DD/MM/RR'),'19','215','30',null,'409','1');
Insert into DESCARGA (FECHA,USO_ID,VERSION_ID,VER_APL_ID,OTRO_ID,ITEM,VALOR) values (to_date('01/03/14','DD/MM/RR'),'32','202','28',null,'410','1');
Insert into DESCARGA (FECHA,USO_ID,VERSION_ID,VER_APL_ID,OTRO_ID,ITEM,VALOR) values (to_date('19/09/14','DD/MM/RR'),'30','12','2',null,'411','4');
Insert into DESCARGA (FECHA,USO_ID,VERSION_ID,VER_APL_ID,OTRO_ID,ITEM,VALOR) values (to_date('02/04/13','DD/MM/RR'),'19','48','7',null,'412','1');
Insert into DESCARGA (FECHA,USO_ID,VERSION_ID,VER_APL_ID,OTRO_ID,ITEM,VALOR) values (to_date('25/10/14','DD/MM/RR'),'12','82','11',null,'413','1');
Insert into DESCARGA (FECHA,USO_ID,VERSION_ID,VER_APL_ID,OTRO_ID,ITEM,VALOR) values (to_date('20/11/14','DD/MM/RR'),'39','194','28',null,'414','1');
Insert into DESCARGA (FECHA,USO_ID,VERSION_ID,VER_APL_ID,OTRO_ID,ITEM,VALOR) values (to_date('30/10/12','DD/MM/RR'),'19','118','17',null,'415','4');
Insert into DESCARGA (FECHA,USO_ID,VERSION_ID,VER_APL_ID,OTRO_ID,ITEM,VALOR) values (to_date('22/05/14','DD/MM/RR'),'2','8','2',null,'416','3');
Insert into DESCARGA (FECHA,USO_ID,VERSION_ID,VER_APL_ID,OTRO_ID,ITEM,VALOR) values (to_date('26/04/14','DD/MM/RR'),'8','72','10',null,'417','1');
Insert into DESCARGA (FECHA,USO_ID,VERSION_ID,VER_APL_ID,OTRO_ID,ITEM,VALOR) values (to_date('20/10/13','DD/MM/RR'),'32','208','29',null,'418','3');
Insert into DESCARGA (FECHA,USO_ID,VERSION_ID,VER_APL_ID,OTRO_ID,ITEM,VALOR) values (to_date('17/05/14','DD/MM/RR'),'35','31','5',null,'419','5');
Insert into DESCARGA (FECHA,USO_ID,VERSION_ID,VER_APL_ID,OTRO_ID,ITEM,VALOR) values (to_date('29/08/13','DD/MM/RR'),'16','68','9',null,'420','1');
Insert into DESCARGA (FECHA,USO_ID,VERSION_ID,VER_APL_ID,OTRO_ID,ITEM,VALOR) values (to_date('12/03/13','DD/MM/RR'),'27','43','7',null,'421','5');
Insert into DESCARGA (FECHA,USO_ID,VERSION_ID,VER_APL_ID,OTRO_ID,ITEM,VALOR) values (to_date('07/09/13','DD/MM/RR'),'12','23','4',null,'422','0');
Insert into DESCARGA (FECHA,USO_ID,VERSION_ID,VER_APL_ID,OTRO_ID,ITEM,VALOR) values (to_date('18/11/14','DD/MM/RR'),'3','48','7',null,'423','2');
Insert into DESCARGA (FECHA,USO_ID,VERSION_ID,VER_APL_ID,OTRO_ID,ITEM,VALOR) values (to_date('21/08/12','DD/MM/RR'),'9','81','11',null,'424','2');
Insert into DESCARGA (FECHA,USO_ID,VERSION_ID,VER_APL_ID,OTRO_ID,ITEM,VALOR) values (to_date('27/07/14','DD/MM/RR'),'27','54','8',null,'425','3');
Insert into DESCARGA (FECHA,USO_ID,VERSION_ID,VER_APL_ID,OTRO_ID,ITEM,VALOR) values (to_date('22/11/12','DD/MM/RR'),'28','97','14',null,'426','4');
Insert into DESCARGA (FECHA,USO_ID,VERSION_ID,VER_APL_ID,OTRO_ID,ITEM,VALOR) values (to_date('22/11/13','DD/MM/RR'),'11','43','7',null,'427','1');
Insert into DESCARGA (FECHA,USO_ID,VERSION_ID,VER_APL_ID,OTRO_ID,ITEM,VALOR) values (to_date('16/06/13','DD/MM/RR'),'38','155','21',null,'428','5');
Insert into DESCARGA (FECHA,USO_ID,VERSION_ID,VER_APL_ID,OTRO_ID,ITEM,VALOR) values (to_date('05/05/14','DD/MM/RR'),'38','160','22',null,'429','0');
Insert into DESCARGA (FECHA,USO_ID,VERSION_ID,VER_APL_ID,OTRO_ID,ITEM,VALOR) values (to_date('23/04/13','DD/MM/RR'),'25','198','28',null,'430','3');
Insert into DESCARGA (FECHA,USO_ID,VERSION_ID,VER_APL_ID,OTRO_ID,ITEM,VALOR) values (to_date('30/03/14','DD/MM/RR'),'17','12','2',null,'431','3');
Insert into DESCARGA (FECHA,USO_ID,VERSION_ID,VER_APL_ID,OTRO_ID,ITEM,VALOR) values (to_date('01/04/13','DD/MM/RR'),'25','24','4',null,'432','2');
Insert into DESCARGA (FECHA,USO_ID,VERSION_ID,VER_APL_ID,OTRO_ID,ITEM,VALOR) values (to_date('05/07/14','DD/MM/RR'),'25','106','15',null,'433','0');
Insert into DESCARGA (FECHA,USO_ID,VERSION_ID,VER_APL_ID,OTRO_ID,ITEM,VALOR) values (to_date('09/03/14','DD/MM/RR'),'20','214','30',null,'434','5');
Insert into DESCARGA (FECHA,USO_ID,VERSION_ID,VER_APL_ID,OTRO_ID,ITEM,VALOR) values (to_date('18/01/13','DD/MM/RR'),'14','125','18',null,'435','1');
Insert into DESCARGA (FECHA,USO_ID,VERSION_ID,VER_APL_ID,OTRO_ID,ITEM,VALOR) values (to_date('02/12/13','DD/MM/RR'),'19','123','17',null,'436','4');
Insert into DESCARGA (FECHA,USO_ID,VERSION_ID,VER_APL_ID,OTRO_ID,ITEM,VALOR) values (to_date('11/06/13','DD/MM/RR'),'7','24','4',null,'437','2');
Insert into DESCARGA (FECHA,USO_ID,VERSION_ID,VER_APL_ID,OTRO_ID,ITEM,VALOR) values (to_date('04/02/15','DD/MM/RR'),'9','153','21',null,'438','4');
Insert into DESCARGA (FECHA,USO_ID,VERSION_ID,VER_APL_ID,OTRO_ID,ITEM,VALOR) values (to_date('07/05/13','DD/MM/RR'),'24','195','28',null,'439','0');
Insert into DESCARGA (FECHA,USO_ID,VERSION_ID,VER_APL_ID,OTRO_ID,ITEM,VALOR) values (to_date('27/09/14','DD/MM/RR'),'37','92','13',null,'440','4');
Insert into DESCARGA (FECHA,USO_ID,VERSION_ID,VER_APL_ID,OTRO_ID,ITEM,VALOR) values (to_date('24/07/12','DD/MM/RR'),'2','37','5',null,'441','1');
Insert into DESCARGA (FECHA,USO_ID,VERSION_ID,VER_APL_ID,OTRO_ID,ITEM,VALOR) values (to_date('11/10/13','DD/MM/RR'),'34','55','8',null,'442','0');
Insert into DESCARGA (FECHA,USO_ID,VERSION_ID,VER_APL_ID,OTRO_ID,ITEM,VALOR) values (to_date('10/01/14','DD/MM/RR'),'37','82','11',null,'443','2');
Insert into DESCARGA (FECHA,USO_ID,VERSION_ID,VER_APL_ID,OTRO_ID,ITEM,VALOR) values (to_date('18/12/14','DD/MM/RR'),'25','169','24',null,'444','0');
Insert into DESCARGA (FECHA,USO_ID,VERSION_ID,VER_APL_ID,OTRO_ID,ITEM,VALOR) values (to_date('31/12/13','DD/MM/RR'),'34','42','6',null,'445','3');
Insert into DESCARGA (FECHA,USO_ID,VERSION_ID,VER_APL_ID,OTRO_ID,ITEM,VALOR) values (to_date('18/01/14','DD/MM/RR'),'11','14','2',null,'446','2');
Insert into DESCARGA (FECHA,USO_ID,VERSION_ID,VER_APL_ID,OTRO_ID,ITEM,VALOR) values (to_date('06/05/13','DD/MM/RR'),'3','194','28',null,'447','1');
Insert into DESCARGA (FECHA,USO_ID,VERSION_ID,VER_APL_ID,OTRO_ID,ITEM,VALOR) values (to_date('23/09/13','DD/MM/RR'),'31','142','19',null,'448','0');
Insert into DESCARGA (FECHA,USO_ID,VERSION_ID,VER_APL_ID,OTRO_ID,ITEM,VALOR) values (to_date('18/10/12','DD/MM/RR'),'4','11','2',null,'449','2');
Insert into DESCARGA (FECHA,USO_ID,VERSION_ID,VER_APL_ID,OTRO_ID,ITEM,VALOR) values (to_date('03/09/12','DD/MM/RR'),'32','57','8',null,'450','0');
Insert into DESCARGA (FECHA,USO_ID,VERSION_ID,VER_APL_ID,OTRO_ID,ITEM,VALOR) values (to_date('28/02/13','DD/MM/RR'),'31','158','22',null,'451','3');
Insert into DESCARGA (FECHA,USO_ID,VERSION_ID,VER_APL_ID,OTRO_ID,ITEM,VALOR) values (to_date('12/06/14','DD/MM/RR'),'11','72','10',null,'452','2');
Insert into DESCARGA (FECHA,USO_ID,VERSION_ID,VER_APL_ID,OTRO_ID,ITEM,VALOR) values (to_date('21/11/12','DD/MM/RR'),'34','132','18',null,'453','2');
Insert into DESCARGA (FECHA,USO_ID,VERSION_ID,VER_APL_ID,OTRO_ID,ITEM,VALOR) values (to_date('18/01/13','DD/MM/RR'),'1','121','17',null,'454','4');
Insert into DESCARGA (FECHA,USO_ID,VERSION_ID,VER_APL_ID,OTRO_ID,ITEM,VALOR) values (to_date('19/03/13','DD/MM/RR'),'9','197','28',null,'455','4');
Insert into DESCARGA (FECHA,USO_ID,VERSION_ID,VER_APL_ID,OTRO_ID,ITEM,VALOR) values (to_date('04/06/13','DD/MM/RR'),'15','206','29',null,'456','3');
Insert into DESCARGA (FECHA,USO_ID,VERSION_ID,VER_APL_ID,OTRO_ID,ITEM,VALOR) values (to_date('16/10/12','DD/MM/RR'),'6','69','10',null,'457','1');
Insert into DESCARGA (FECHA,USO_ID,VERSION_ID,VER_APL_ID,OTRO_ID,ITEM,VALOR) values (to_date('18/01/15','DD/MM/RR'),'27','160','22',null,'458','1');
Insert into DESCARGA (FECHA,USO_ID,VERSION_ID,VER_APL_ID,OTRO_ID,ITEM,VALOR) values (to_date('28/02/14','DD/MM/RR'),'20','128','18',null,'459','2');
Insert into DESCARGA (FECHA,USO_ID,VERSION_ID,VER_APL_ID,OTRO_ID,ITEM,VALOR) values (to_date('16/10/12','DD/MM/RR'),'34','96','13',null,'460','4');
Insert into DESCARGA (FECHA,USO_ID,VERSION_ID,VER_APL_ID,OTRO_ID,ITEM,VALOR) values (to_date('03/06/13','DD/MM/RR'),'13','151','21',null,'461','4');
Insert into DESCARGA (FECHA,USO_ID,VERSION_ID,VER_APL_ID,OTRO_ID,ITEM,VALOR) values (to_date('20/11/12','DD/MM/RR'),'11','128','18',null,'462','2');
Insert into DESCARGA (FECHA,USO_ID,VERSION_ID,VER_APL_ID,OTRO_ID,ITEM,VALOR) values (to_date('18/06/14','DD/MM/RR'),'6','2','1',null,'463','3');
Insert into DESCARGA (FECHA,USO_ID,VERSION_ID,VER_APL_ID,OTRO_ID,ITEM,VALOR) values (to_date('02/02/15','DD/MM/RR'),'14','104','15',null,'464','0');
Insert into DESCARGA (FECHA,USO_ID,VERSION_ID,VER_APL_ID,OTRO_ID,ITEM,VALOR) values (to_date('03/08/13','DD/MM/RR'),'33','161','22',null,'465','3');
Insert into DESCARGA (FECHA,USO_ID,VERSION_ID,VER_APL_ID,OTRO_ID,ITEM,VALOR) values (to_date('03/04/13','DD/MM/RR'),'29','127','18',null,'466','3');
Insert into DESCARGA (FECHA,USO_ID,VERSION_ID,VER_APL_ID,OTRO_ID,ITEM,VALOR) values (to_date('03/02/14','DD/MM/RR'),'12','205','29',null,'467','4');
Insert into DESCARGA (FECHA,USO_ID,VERSION_ID,VER_APL_ID,OTRO_ID,ITEM,VALOR) values (to_date('12/09/14','DD/MM/RR'),'9','206','29',null,'468','5');
Insert into DESCARGA (FECHA,USO_ID,VERSION_ID,VER_APL_ID,OTRO_ID,ITEM,VALOR) values (to_date('25/04/14','DD/MM/RR'),'14','111','16',null,'469','4');
Insert into DESCARGA (FECHA,USO_ID,VERSION_ID,VER_APL_ID,OTRO_ID,ITEM,VALOR) values (to_date('11/05/14','DD/MM/RR'),'30','93','13',null,'470','1');
Insert into DESCARGA (FECHA,USO_ID,VERSION_ID,VER_APL_ID,OTRO_ID,ITEM,VALOR) values (to_date('08/06/12','DD/MM/RR'),'22','116','17',null,'471','1');
Insert into DESCARGA (FECHA,USO_ID,VERSION_ID,VER_APL_ID,OTRO_ID,ITEM,VALOR) values (to_date('27/08/14','DD/MM/RR'),'14','211','29',null,'472','4');
Insert into DESCARGA (FECHA,USO_ID,VERSION_ID,VER_APL_ID,OTRO_ID,ITEM,VALOR) values (to_date('01/07/12','DD/MM/RR'),'36','94','13',null,'473','2');
Insert into DESCARGA (FECHA,USO_ID,VERSION_ID,VER_APL_ID,OTRO_ID,ITEM,VALOR) values (to_date('29/11/14','DD/MM/RR'),'5','106','15',null,'474','2');
Insert into DESCARGA (FECHA,USO_ID,VERSION_ID,VER_APL_ID,OTRO_ID,ITEM,VALOR) values (to_date('15/11/14','DD/MM/RR'),'18','136','18',null,'475','4');
Insert into DESCARGA (FECHA,USO_ID,VERSION_ID,VER_APL_ID,OTRO_ID,ITEM,VALOR) values (to_date('06/05/14','DD/MM/RR'),'35','67','9',null,'476','1');
Insert into DESCARGA (FECHA,USO_ID,VERSION_ID,VER_APL_ID,OTRO_ID,ITEM,VALOR) values (to_date('20/05/14','DD/MM/RR'),'21','126','18',null,'477','0');
Insert into DESCARGA (FECHA,USO_ID,VERSION_ID,VER_APL_ID,OTRO_ID,ITEM,VALOR) values (to_date('15/03/13','DD/MM/RR'),'4','214','30',null,'478','2');
Insert into DESCARGA (FECHA,USO_ID,VERSION_ID,VER_APL_ID,OTRO_ID,ITEM,VALOR) values (to_date('24/04/13','DD/MM/RR'),'7','120','17',null,'479','5');
Insert into DESCARGA (FECHA,USO_ID,VERSION_ID,VER_APL_ID,OTRO_ID,ITEM,VALOR) values (to_date('04/10/14','DD/MM/RR'),'11','52','7',null,'480','1');
Insert into DESCARGA (FECHA,USO_ID,VERSION_ID,VER_APL_ID,OTRO_ID,ITEM,VALOR) values (to_date('04/11/14','DD/MM/RR'),'10','61','8',null,'481','2');
Insert into DESCARGA (FECHA,USO_ID,VERSION_ID,VER_APL_ID,OTRO_ID,ITEM,VALOR) values (to_date('02/12/12','DD/MM/RR'),'3','118','17',null,'482','3');
Insert into DESCARGA (FECHA,USO_ID,VERSION_ID,VER_APL_ID,OTRO_ID,ITEM,VALOR) values (to_date('22/06/12','DD/MM/RR'),'29','15','2',null,'483','3');
Insert into DESCARGA (FECHA,USO_ID,VERSION_ID,VER_APL_ID,OTRO_ID,ITEM,VALOR) values (to_date('23/02/13','DD/MM/RR'),'18','173','25',null,'484','2');
Insert into DESCARGA (FECHA,USO_ID,VERSION_ID,VER_APL_ID,OTRO_ID,ITEM,VALOR) values (to_date('22/05/13','DD/MM/RR'),'17','5','2',null,'485','1');
Insert into DESCARGA (FECHA,USO_ID,VERSION_ID,VER_APL_ID,OTRO_ID,ITEM,VALOR) values (to_date('21/09/14','DD/MM/RR'),'23','33','5',null,'486','5');
Insert into DESCARGA (FECHA,USO_ID,VERSION_ID,VER_APL_ID,OTRO_ID,ITEM,VALOR) values (to_date('14/10/14','DD/MM/RR'),'38','166','24',null,'487','3');
Insert into DESCARGA (FECHA,USO_ID,VERSION_ID,VER_APL_ID,OTRO_ID,ITEM,VALOR) values (to_date('14/08/13','DD/MM/RR'),'18','214','30',null,'488','4');
Insert into DESCARGA (FECHA,USO_ID,VERSION_ID,VER_APL_ID,OTRO_ID,ITEM,VALOR) values (to_date('17/01/14','DD/MM/RR'),'29','177','25',null,'489','1');
Insert into DESCARGA (FECHA,USO_ID,VERSION_ID,VER_APL_ID,OTRO_ID,ITEM,VALOR) values (to_date('07/01/13','DD/MM/RR'),'38','102','15',null,'490','4');
Insert into DESCARGA (FECHA,USO_ID,VERSION_ID,VER_APL_ID,OTRO_ID,ITEM,VALOR) values (to_date('22/09/14','DD/MM/RR'),'35','204','28',null,'491','4');
Insert into DESCARGA (FECHA,USO_ID,VERSION_ID,VER_APL_ID,OTRO_ID,ITEM,VALOR) values (to_date('17/03/13','DD/MM/RR'),'31','105','15',null,'492','0');
Insert into DESCARGA (FECHA,USO_ID,VERSION_ID,VER_APL_ID,OTRO_ID,ITEM,VALOR) values (to_date('21/06/13','DD/MM/RR'),'19','179','25',null,'493','2');
Insert into DESCARGA (FECHA,USO_ID,VERSION_ID,VER_APL_ID,OTRO_ID,ITEM,VALOR) values (to_date('16/04/13','DD/MM/RR'),'39','32','5',null,'494','1');
Insert into DESCARGA (FECHA,USO_ID,VERSION_ID,VER_APL_ID,OTRO_ID,ITEM,VALOR) values (to_date('12/12/14','DD/MM/RR'),'16','44','7',null,'495','0');
Insert into DESCARGA (FECHA,USO_ID,VERSION_ID,VER_APL_ID,OTRO_ID,ITEM,VALOR) values (to_date('17/09/12','DD/MM/RR'),'17','109','16',null,'496','3');
Insert into DESCARGA (FECHA,USO_ID,VERSION_ID,VER_APL_ID,OTRO_ID,ITEM,VALOR) values (to_date('22/01/13','DD/MM/RR'),'37','203','28',null,'497','0');
Insert into DESCARGA (FECHA,USO_ID,VERSION_ID,VER_APL_ID,OTRO_ID,ITEM,VALOR) values (to_date('15/09/13','DD/MM/RR'),'3','44','7',null,'498','1');
Insert into DESCARGA (FECHA,USO_ID,VERSION_ID,VER_APL_ID,OTRO_ID,ITEM,VALOR) values (to_date('07/07/12','DD/MM/RR'),'19','169','24',null,'499','4');
Insert into DESCARGA (FECHA,USO_ID,VERSION_ID,VER_APL_ID,OTRO_ID,ITEM,VALOR) values (to_date('30/12/14','DD/MM/RR'),'9','33','5',null,'500','5');
Insert into DESCARGA (FECHA,USO_ID,VERSION_ID,VER_APL_ID,OTRO_ID,ITEM,VALOR) values (to_date('03/01/15','DD/MM/RR'),'4','49','7',null,'501','3');
Insert into DESCARGA (FECHA,USO_ID,VERSION_ID,VER_APL_ID,OTRO_ID,ITEM,VALOR) values (to_date('09/03/14','DD/MM/RR'),'36','36','5',null,'502','1');
Insert into DESCARGA (FECHA,USO_ID,VERSION_ID,VER_APL_ID,OTRO_ID,ITEM,VALOR) values (to_date('17/08/12','DD/MM/RR'),'25','52','7',null,'503','4');
Insert into DESCARGA (FECHA,USO_ID,VERSION_ID,VER_APL_ID,OTRO_ID,ITEM,VALOR) values (to_date('27/04/13','DD/MM/RR'),'19','109','16',null,'504','4');
Insert into DESCARGA (FECHA,USO_ID,VERSION_ID,VER_APL_ID,OTRO_ID,ITEM,VALOR) values (to_date('23/09/13','DD/MM/RR'),'13','199','28',null,'505','2');
Insert into DESCARGA (FECHA,USO_ID,VERSION_ID,VER_APL_ID,OTRO_ID,ITEM,VALOR) values (to_date('07/11/14','DD/MM/RR'),'1','94','13',null,'506','4');
Insert into DESCARGA (FECHA,USO_ID,VERSION_ID,VER_APL_ID,OTRO_ID,ITEM,VALOR) values (to_date('12/06/13','DD/MM/RR'),'33','116','17',null,'507','3');
Insert into DESCARGA (FECHA,USO_ID,VERSION_ID,VER_APL_ID,OTRO_ID,ITEM,VALOR) values (to_date('09/07/14','DD/MM/RR'),'14','155','21',null,'508','1');
Insert into DESCARGA (FECHA,USO_ID,VERSION_ID,VER_APL_ID,OTRO_ID,ITEM,VALOR) values (to_date('16/12/12','DD/MM/RR'),'23','51','7',null,'509','2');
Insert into DESCARGA (FECHA,USO_ID,VERSION_ID,VER_APL_ID,OTRO_ID,ITEM,VALOR) values (to_date('07/06/12','DD/MM/RR'),'34','88','13',null,'510','2');
Insert into DESCARGA (FECHA,USO_ID,VERSION_ID,VER_APL_ID,OTRO_ID,ITEM,VALOR) values (to_date('19/08/13','DD/MM/RR'),'21','4','2',null,'511','3');
Insert into DESCARGA (FECHA,USO_ID,VERSION_ID,VER_APL_ID,OTRO_ID,ITEM,VALOR) values (to_date('13/11/12','DD/MM/RR'),'13','127','18',null,'512','4');
Insert into DESCARGA (FECHA,USO_ID,VERSION_ID,VER_APL_ID,OTRO_ID,ITEM,VALOR) values (to_date('21/07/12','DD/MM/RR'),'33','41','6',null,'513','1');
Insert into DESCARGA (FECHA,USO_ID,VERSION_ID,VER_APL_ID,OTRO_ID,ITEM,VALOR) values (to_date('07/06/14','DD/MM/RR'),'36','29','5',null,'514','3');
Insert into DESCARGA (FECHA,USO_ID,VERSION_ID,VER_APL_ID,OTRO_ID,ITEM,VALOR) values (to_date('06/08/12','DD/MM/RR'),'39','207','29',null,'515','4');
Insert into DESCARGA (FECHA,USO_ID,VERSION_ID,VER_APL_ID,OTRO_ID,ITEM,VALOR) values (to_date('11/07/14','DD/MM/RR'),'10','42','6',null,'516','0');
Insert into DESCARGA (FECHA,USO_ID,VERSION_ID,VER_APL_ID,OTRO_ID,ITEM,VALOR) values (to_date('12/03/14','DD/MM/RR'),'7','168','24',null,'517','3');
Insert into DESCARGA (FECHA,USO_ID,VERSION_ID,VER_APL_ID,OTRO_ID,ITEM,VALOR) values (to_date('17/10/13','DD/MM/RR'),'37','115','17',null,'518','4');
Insert into DESCARGA (FECHA,USO_ID,VERSION_ID,VER_APL_ID,OTRO_ID,ITEM,VALOR) values (to_date('24/10/13','DD/MM/RR'),'1','24','4',null,'519','1');
Insert into DESCARGA (FECHA,USO_ID,VERSION_ID,VER_APL_ID,OTRO_ID,ITEM,VALOR) values (to_date('10/06/12','DD/MM/RR'),'28','202','28',null,'520','1');
Insert into DESCARGA (FECHA,USO_ID,VERSION_ID,VER_APL_ID,OTRO_ID,ITEM,VALOR) values (to_date('24/11/13','DD/MM/RR'),'14','3','1',null,'521','2');
Insert into DESCARGA (FECHA,USO_ID,VERSION_ID,VER_APL_ID,OTRO_ID,ITEM,VALOR) values (to_date('30/10/14','DD/MM/RR'),'8','18','3',null,'522','1');
Insert into DESCARGA (FECHA,USO_ID,VERSION_ID,VER_APL_ID,OTRO_ID,ITEM,VALOR) values (to_date('17/12/13','DD/MM/RR'),'12','97','14',null,'523','1');
Insert into DESCARGA (FECHA,USO_ID,VERSION_ID,VER_APL_ID,OTRO_ID,ITEM,VALOR) values (to_date('18/08/12','DD/MM/RR'),'34','184','26',null,'524','1');
Insert into DESCARGA (FECHA,USO_ID,VERSION_ID,VER_APL_ID,OTRO_ID,ITEM,VALOR) values (to_date('08/06/13','DD/MM/RR'),'21','147','20',null,'525','5');
Insert into DESCARGA (FECHA,USO_ID,VERSION_ID,VER_APL_ID,OTRO_ID,ITEM,VALOR) values (to_date('03/09/14','DD/MM/RR'),'31','124','17',null,'526','1');
Insert into DESCARGA (FECHA,USO_ID,VERSION_ID,VER_APL_ID,OTRO_ID,ITEM,VALOR) values (to_date('28/10/14','DD/MM/RR'),'9','152','21',null,'527','2');
Insert into DESCARGA (FECHA,USO_ID,VERSION_ID,VER_APL_ID,OTRO_ID,ITEM,VALOR) values (to_date('18/12/14','DD/MM/RR'),'22','118','17',null,'528','3');
Insert into DESCARGA (FECHA,USO_ID,VERSION_ID,VER_APL_ID,OTRO_ID,ITEM,VALOR) values (to_date('01/01/15','DD/MM/RR'),'33','39','6',null,'529','3');
Insert into DESCARGA (FECHA,USO_ID,VERSION_ID,VER_APL_ID,OTRO_ID,ITEM,VALOR) values (to_date('25/07/14','DD/MM/RR'),'33','162','22',null,'530','3');
Insert into DESCARGA (FECHA,USO_ID,VERSION_ID,VER_APL_ID,OTRO_ID,ITEM,VALOR) values (to_date('10/09/12','DD/MM/RR'),'22','165','24',null,'531','3');
Insert into DESCARGA (FECHA,USO_ID,VERSION_ID,VER_APL_ID,OTRO_ID,ITEM,VALOR) values (to_date('06/06/13','DD/MM/RR'),'8','145','20',null,'532','4');
Insert into DESCARGA (FECHA,USO_ID,VERSION_ID,VER_APL_ID,OTRO_ID,ITEM,VALOR) values (to_date('02/08/13','DD/MM/RR'),'39','57','8',null,'533','0');
Insert into DESCARGA (FECHA,USO_ID,VERSION_ID,VER_APL_ID,OTRO_ID,ITEM,VALOR) values (to_date('29/08/13','DD/MM/RR'),'4','184','26',null,'534','1');
Insert into DESCARGA (FECHA,USO_ID,VERSION_ID,VER_APL_ID,OTRO_ID,ITEM,VALOR) values (to_date('19/03/14','DD/MM/RR'),'6','33','5',null,'535','0');
Insert into DESCARGA (FECHA,USO_ID,VERSION_ID,VER_APL_ID,OTRO_ID,ITEM,VALOR) values (to_date('22/05/14','DD/MM/RR'),'26','20','3',null,'536','3');
Insert into DESCARGA (FECHA,USO_ID,VERSION_ID,VER_APL_ID,OTRO_ID,ITEM,VALOR) values (to_date('21/07/13','DD/MM/RR'),'18','169','24',null,'537','4');
Insert into DESCARGA (FECHA,USO_ID,VERSION_ID,VER_APL_ID,OTRO_ID,ITEM,VALOR) values (to_date('27/10/12','DD/MM/RR'),'27','158','22',null,'538','1');
Insert into DESCARGA (FECHA,USO_ID,VERSION_ID,VER_APL_ID,OTRO_ID,ITEM,VALOR) values (to_date('25/09/13','DD/MM/RR'),'26','202','28',null,'539','4');
Insert into DESCARGA (FECHA,USO_ID,VERSION_ID,VER_APL_ID,OTRO_ID,ITEM,VALOR) values (to_date('04/10/14','DD/MM/RR'),'33','91','13',null,'540','5');
Insert into DESCARGA (FECHA,USO_ID,VERSION_ID,VER_APL_ID,OTRO_ID,ITEM,VALOR) values (to_date('20/08/14','DD/MM/RR'),'16','76','11',null,'541','1');
Insert into DESCARGA (FECHA,USO_ID,VERSION_ID,VER_APL_ID,OTRO_ID,ITEM,VALOR) values (to_date('03/11/13','DD/MM/RR'),'21','83','12',null,'542','4');
Insert into DESCARGA (FECHA,USO_ID,VERSION_ID,VER_APL_ID,OTRO_ID,ITEM,VALOR) values (to_date('30/05/12','DD/MM/RR'),'25','146','20',null,'543','3');
Insert into DESCARGA (FECHA,USO_ID,VERSION_ID,VER_APL_ID,OTRO_ID,ITEM,VALOR) values (to_date('04/03/14','DD/MM/RR'),'26','128','18',null,'544','1');
Insert into DESCARGA (FECHA,USO_ID,VERSION_ID,VER_APL_ID,OTRO_ID,ITEM,VALOR) values (to_date('04/08/13','DD/MM/RR'),'27','212','29',null,'545','3');
Insert into DESCARGA (FECHA,USO_ID,VERSION_ID,VER_APL_ID,OTRO_ID,ITEM,VALOR) values (to_date('10/12/14','DD/MM/RR'),'35','16','2',null,'546','1');
Insert into DESCARGA (FECHA,USO_ID,VERSION_ID,VER_APL_ID,OTRO_ID,ITEM,VALOR) values (to_date('15/11/13','DD/MM/RR'),'1','128','18',null,'547','1');
Insert into DESCARGA (FECHA,USO_ID,VERSION_ID,VER_APL_ID,OTRO_ID,ITEM,VALOR) values (to_date('28/09/12','DD/MM/RR'),'1','18','3',null,'548','3');
Insert into DESCARGA (FECHA,USO_ID,VERSION_ID,VER_APL_ID,OTRO_ID,ITEM,VALOR) values (to_date('09/09/13','DD/MM/RR'),'26','106','15',null,'549','3');
Insert into DESCARGA (FECHA,USO_ID,VERSION_ID,VER_APL_ID,OTRO_ID,ITEM,VALOR) values (to_date('10/07/12','DD/MM/RR'),'39','70','10',null,'550','5');
Insert into DESCARGA (FECHA,USO_ID,VERSION_ID,VER_APL_ID,OTRO_ID,ITEM,VALOR) values (to_date('27/09/12','DD/MM/RR'),'9','105','15',null,'551','3');
Insert into DESCARGA (FECHA,USO_ID,VERSION_ID,VER_APL_ID,OTRO_ID,ITEM,VALOR) values (to_date('20/04/14','DD/MM/RR'),'6','89','13',null,'552','1');
Insert into DESCARGA (FECHA,USO_ID,VERSION_ID,VER_APL_ID,OTRO_ID,ITEM,VALOR) values (to_date('04/01/15','DD/MM/RR'),'19','84','12',null,'553','4');
Insert into DESCARGA (FECHA,USO_ID,VERSION_ID,VER_APL_ID,OTRO_ID,ITEM,VALOR) values (to_date('20/04/13','DD/MM/RR'),'19','164','23',null,'554','0');
Insert into DESCARGA (FECHA,USO_ID,VERSION_ID,VER_APL_ID,OTRO_ID,ITEM,VALOR) values (to_date('28/10/14','DD/MM/RR'),'8','75','11',null,'555','2');
Insert into DESCARGA (FECHA,USO_ID,VERSION_ID,VER_APL_ID,OTRO_ID,ITEM,VALOR) values (to_date('22/02/14','DD/MM/RR'),'38','131','18',null,'556','1');
Insert into DESCARGA (FECHA,USO_ID,VERSION_ID,VER_APL_ID,OTRO_ID,ITEM,VALOR) values (to_date('28/05/13','DD/MM/RR'),'22','79','11',null,'557','1');
Insert into DESCARGA (FECHA,USO_ID,VERSION_ID,VER_APL_ID,OTRO_ID,ITEM,VALOR) values (to_date('31/05/12','DD/MM/RR'),'28','17','3',null,'558','1');
Insert into DESCARGA (FECHA,USO_ID,VERSION_ID,VER_APL_ID,OTRO_ID,ITEM,VALOR) values (to_date('10/09/14','DD/MM/RR'),'2','14','2',null,'559','2');
Insert into DESCARGA (FECHA,USO_ID,VERSION_ID,VER_APL_ID,OTRO_ID,ITEM,VALOR) values (to_date('05/05/13','DD/MM/RR'),'26','169','24',null,'560','1');
Insert into DESCARGA (FECHA,USO_ID,VERSION_ID,VER_APL_ID,OTRO_ID,ITEM,VALOR) values (to_date('12/02/13','DD/MM/RR'),'34','98','14',null,'561','1');
Insert into DESCARGA (FECHA,USO_ID,VERSION_ID,VER_APL_ID,OTRO_ID,ITEM,VALOR) values (to_date('28/04/14','DD/MM/RR'),'25','213','29',null,'562','1');
Insert into DESCARGA (FECHA,USO_ID,VERSION_ID,VER_APL_ID,OTRO_ID,ITEM,VALOR) values (to_date('27/08/12','DD/MM/RR'),'3','16','2',null,'563','4');
Insert into DESCARGA (FECHA,USO_ID,VERSION_ID,VER_APL_ID,OTRO_ID,ITEM,VALOR) values (to_date('21/07/13','DD/MM/RR'),'14','97','14',null,'564','4');
Insert into DESCARGA (FECHA,USO_ID,VERSION_ID,VER_APL_ID,OTRO_ID,ITEM,VALOR) values (to_date('05/06/13','DD/MM/RR'),'17','172','25',null,'565','1');
Insert into DESCARGA (FECHA,USO_ID,VERSION_ID,VER_APL_ID,OTRO_ID,ITEM,VALOR) values (to_date('31/10/12','DD/MM/RR'),'16','215','30',null,'566','1');
Insert into DESCARGA (FECHA,USO_ID,VERSION_ID,VER_APL_ID,OTRO_ID,ITEM,VALOR) values (to_date('30/11/12','DD/MM/RR'),'16','188','26',null,'567','1');
Insert into DESCARGA (FECHA,USO_ID,VERSION_ID,VER_APL_ID,OTRO_ID,ITEM,VALOR) values (to_date('26/02/13','DD/MM/RR'),'34','167','24',null,'568','1');
Insert into DESCARGA (FECHA,USO_ID,VERSION_ID,VER_APL_ID,OTRO_ID,ITEM,VALOR) values (to_date('07/06/13','DD/MM/RR'),'14','168','24',null,'569','5');
Insert into DESCARGA (FECHA,USO_ID,VERSION_ID,VER_APL_ID,OTRO_ID,ITEM,VALOR) values (to_date('03/01/15','DD/MM/RR'),'18','102','15',null,'570','1');
Insert into DESCARGA (FECHA,USO_ID,VERSION_ID,VER_APL_ID,OTRO_ID,ITEM,VALOR) values (to_date('25/11/12','DD/MM/RR'),'21','97','14',null,'571','4');
Insert into DESCARGA (FECHA,USO_ID,VERSION_ID,VER_APL_ID,OTRO_ID,ITEM,VALOR) values (to_date('29/09/13','DD/MM/RR'),'5','170','24',null,'572','4');
Insert into DESCARGA (FECHA,USO_ID,VERSION_ID,VER_APL_ID,OTRO_ID,ITEM,VALOR) values (to_date('14/03/14','DD/MM/RR'),'21','114','17',null,'573','1');
Insert into DESCARGA (FECHA,USO_ID,VERSION_ID,VER_APL_ID,OTRO_ID,ITEM,VALOR) values (to_date('10/08/13','DD/MM/RR'),'5','84','12',null,'574','3');
Insert into DESCARGA (FECHA,USO_ID,VERSION_ID,VER_APL_ID,OTRO_ID,ITEM,VALOR) values (to_date('08/01/13','DD/MM/RR'),'15','81','11',null,'575','4');
Insert into DESCARGA (FECHA,USO_ID,VERSION_ID,VER_APL_ID,OTRO_ID,ITEM,VALOR) values (to_date('12/12/13','DD/MM/RR'),'32','20','3',null,'576','4');
Insert into DESCARGA (FECHA,USO_ID,VERSION_ID,VER_APL_ID,OTRO_ID,ITEM,VALOR) values (to_date('22/11/13','DD/MM/RR'),'13','108','15',null,'577','3');
Insert into DESCARGA (FECHA,USO_ID,VERSION_ID,VER_APL_ID,OTRO_ID,ITEM,VALOR) values (to_date('27/08/13','DD/MM/RR'),'27','216','30',null,'578','2');
Insert into DESCARGA (FECHA,USO_ID,VERSION_ID,VER_APL_ID,OTRO_ID,ITEM,VALOR) values (to_date('15/12/14','DD/MM/RR'),'32','83','12',null,'579','2');
Insert into DESCARGA (FECHA,USO_ID,VERSION_ID,VER_APL_ID,OTRO_ID,ITEM,VALOR) values (to_date('30/05/12','DD/MM/RR'),'31','120','17',null,'580','2');
Insert into DESCARGA (FECHA,USO_ID,VERSION_ID,VER_APL_ID,OTRO_ID,ITEM,VALOR) values (to_date('22/06/14','DD/MM/RR'),'20','74','10',null,'581','0');
Insert into DESCARGA (FECHA,USO_ID,VERSION_ID,VER_APL_ID,OTRO_ID,ITEM,VALOR) values (to_date('03/04/13','DD/MM/RR'),'31','144','20',null,'582','1');
Insert into DESCARGA (FECHA,USO_ID,VERSION_ID,VER_APL_ID,OTRO_ID,ITEM,VALOR) values (to_date('03/01/14','DD/MM/RR'),'22','45','7',null,'583','1');
Insert into DESCARGA (FECHA,USO_ID,VERSION_ID,VER_APL_ID,OTRO_ID,ITEM,VALOR) values (to_date('21/01/14','DD/MM/RR'),'18','143','19',null,'584','2');
Insert into DESCARGA (FECHA,USO_ID,VERSION_ID,VER_APL_ID,OTRO_ID,ITEM,VALOR) values (to_date('22/04/14','DD/MM/RR'),'1','133','18',null,'585','1');
Insert into DESCARGA (FECHA,USO_ID,VERSION_ID,VER_APL_ID,OTRO_ID,ITEM,VALOR) values (to_date('08/07/13','DD/MM/RR'),'25','191','27',null,'586','3');
Insert into DESCARGA (FECHA,USO_ID,VERSION_ID,VER_APL_ID,OTRO_ID,ITEM,VALOR) values (to_date('08/09/12','DD/MM/RR'),'34','106','15',null,'587','1');
Insert into DESCARGA (FECHA,USO_ID,VERSION_ID,VER_APL_ID,OTRO_ID,ITEM,VALOR) values (to_date('21/12/14','DD/MM/RR'),'11','4','2',null,'588','4');
Insert into DESCARGA (FECHA,USO_ID,VERSION_ID,VER_APL_ID,OTRO_ID,ITEM,VALOR) values (to_date('19/04/13','DD/MM/RR'),'4','84','12',null,'589','5');
Insert into DESCARGA (FECHA,USO_ID,VERSION_ID,VER_APL_ID,OTRO_ID,ITEM,VALOR) values (to_date('07/09/14','DD/MM/RR'),'22','169','24',null,'590','2');
Insert into DESCARGA (FECHA,USO_ID,VERSION_ID,VER_APL_ID,OTRO_ID,ITEM,VALOR) values (to_date('25/05/14','DD/MM/RR'),'27','129','18',null,'591','4');
Insert into DESCARGA (FECHA,USO_ID,VERSION_ID,VER_APL_ID,OTRO_ID,ITEM,VALOR) values (to_date('27/04/13','DD/MM/RR'),'33','22','4',null,'592','1');
Insert into DESCARGA (FECHA,USO_ID,VERSION_ID,VER_APL_ID,OTRO_ID,ITEM,VALOR) values (to_date('11/06/14','DD/MM/RR'),'20','55','8',null,'593','2');
Insert into DESCARGA (FECHA,USO_ID,VERSION_ID,VER_APL_ID,OTRO_ID,ITEM,VALOR) values (to_date('20/06/14','DD/MM/RR'),'17','119','17',null,'594','3');
Insert into DESCARGA (FECHA,USO_ID,VERSION_ID,VER_APL_ID,OTRO_ID,ITEM,VALOR) values (to_date('10/11/14','DD/MM/RR'),'37','209','29',null,'595','5');
Insert into DESCARGA (FECHA,USO_ID,VERSION_ID,VER_APL_ID,OTRO_ID,ITEM,VALOR) values (to_date('14/06/13','DD/MM/RR'),'39','45','7',null,'596','4');
Insert into DESCARGA (FECHA,USO_ID,VERSION_ID,VER_APL_ID,OTRO_ID,ITEM,VALOR) values (to_date('05/07/12','DD/MM/RR'),'14','100','15',null,'597','1');
Insert into DESCARGA (FECHA,USO_ID,VERSION_ID,VER_APL_ID,OTRO_ID,ITEM,VALOR) values (to_date('30/08/13','DD/MM/RR'),'23','133','18',null,'598','1');
Insert into DESCARGA (FECHA,USO_ID,VERSION_ID,VER_APL_ID,OTRO_ID,ITEM,VALOR) values (to_date('02/08/12','DD/MM/RR'),'28','80','11',null,'599','3');
Insert into DESCARGA (FECHA,USO_ID,VERSION_ID,VER_APL_ID,OTRO_ID,ITEM,VALOR) values (to_date('19/10/14','DD/MM/RR'),'15','88','13',null,'600','4');
Insert into DESCARGA (FECHA,USO_ID,VERSION_ID,VER_APL_ID,OTRO_ID,ITEM,VALOR) values (to_date('31/05/12','DD/MM/RR'),'7','151','21',null,'601','4');
Insert into DESCARGA (FECHA,USO_ID,VERSION_ID,VER_APL_ID,OTRO_ID,ITEM,VALOR) values (to_date('22/04/14','DD/MM/RR'),'21','157','22',null,'602','2');
Insert into DESCARGA (FECHA,USO_ID,VERSION_ID,VER_APL_ID,OTRO_ID,ITEM,VALOR) values (to_date('29/01/15','DD/MM/RR'),'13','14','2',null,'603','1');
Insert into DESCARGA (FECHA,USO_ID,VERSION_ID,VER_APL_ID,OTRO_ID,ITEM,VALOR) values (to_date('23/09/12','DD/MM/RR'),'1','26','4',null,'604','2');
Insert into DESCARGA (FECHA,USO_ID,VERSION_ID,VER_APL_ID,OTRO_ID,ITEM,VALOR) values (to_date('08/06/12','DD/MM/RR'),'16','40','6',null,'605','4');
Insert into DESCARGA (FECHA,USO_ID,VERSION_ID,VER_APL_ID,OTRO_ID,ITEM,VALOR) values (to_date('16/10/13','DD/MM/RR'),'18','154','21',null,'606','4');
Insert into DESCARGA (FECHA,USO_ID,VERSION_ID,VER_APL_ID,OTRO_ID,ITEM,VALOR) values (to_date('30/01/15','DD/MM/RR'),'2','203','28',null,'607','4');
Insert into DESCARGA (FECHA,USO_ID,VERSION_ID,VER_APL_ID,OTRO_ID,ITEM,VALOR) values (to_date('23/01/14','DD/MM/RR'),'16','42','6',null,'608','3');
Insert into DESCARGA (FECHA,USO_ID,VERSION_ID,VER_APL_ID,OTRO_ID,ITEM,VALOR) values (to_date('27/11/14','DD/MM/RR'),'2','171','24',null,'609','3');
Insert into DESCARGA (FECHA,USO_ID,VERSION_ID,VER_APL_ID,OTRO_ID,ITEM,VALOR) values (to_date('05/08/13','DD/MM/RR'),'11','182','25',null,'610','5');
Insert into DESCARGA (FECHA,USO_ID,VERSION_ID,VER_APL_ID,OTRO_ID,ITEM,VALOR) values (to_date('01/08/13','DD/MM/RR'),'15','150','21',null,'611','2');
Insert into DESCARGA (FECHA,USO_ID,VERSION_ID,VER_APL_ID,OTRO_ID,ITEM,VALOR) values (to_date('30/06/13','DD/MM/RR'),'15','131','18',null,'612','5');
Insert into DESCARGA (FECHA,USO_ID,VERSION_ID,VER_APL_ID,OTRO_ID,ITEM,VALOR) values (to_date('24/11/14','DD/MM/RR'),'27','99','14',null,'613','1');
Insert into DESCARGA (FECHA,USO_ID,VERSION_ID,VER_APL_ID,OTRO_ID,ITEM,VALOR) values (to_date('02/08/14','DD/MM/RR'),'24','41','6',null,'614','2');
Insert into DESCARGA (FECHA,USO_ID,VERSION_ID,VER_APL_ID,OTRO_ID,ITEM,VALOR) values (to_date('21/03/13','DD/MM/RR'),'12','77','11',null,'615','3');
Insert into DESCARGA (FECHA,USO_ID,VERSION_ID,VER_APL_ID,OTRO_ID,ITEM,VALOR) values (to_date('05/02/15','DD/MM/RR'),'16','138','19',null,'616','3');
Insert into DESCARGA (FECHA,USO_ID,VERSION_ID,VER_APL_ID,OTRO_ID,ITEM,VALOR) values (to_date('29/06/14','DD/MM/RR'),'3','68','9',null,'617','2');
Insert into DESCARGA (FECHA,USO_ID,VERSION_ID,VER_APL_ID,OTRO_ID,ITEM,VALOR) values (to_date('20/10/13','DD/MM/RR'),'33','59','8',null,'618','5');
Insert into DESCARGA (FECHA,USO_ID,VERSION_ID,VER_APL_ID,OTRO_ID,ITEM,VALOR) values (to_date('01/05/13','DD/MM/RR'),'33','43','7',null,'619','4');
Insert into DESCARGA (FECHA,USO_ID,VERSION_ID,VER_APL_ID,OTRO_ID,ITEM,VALOR) values (to_date('14/08/14','DD/MM/RR'),'11','75','11',null,'620','1');
Insert into DESCARGA (FECHA,USO_ID,VERSION_ID,VER_APL_ID,OTRO_ID,ITEM,VALOR) values (to_date('18/12/14','DD/MM/RR'),'38','138','19',null,'621','3');
Insert into DESCARGA (FECHA,USO_ID,VERSION_ID,VER_APL_ID,OTRO_ID,ITEM,VALOR) values (to_date('06/07/14','DD/MM/RR'),'2','31','5',null,'622','1');
Insert into DESCARGA (FECHA,USO_ID,VERSION_ID,VER_APL_ID,OTRO_ID,ITEM,VALOR) values (to_date('25/08/13','DD/MM/RR'),'16','54','8',null,'623','3');
Insert into DESCARGA (FECHA,USO_ID,VERSION_ID,VER_APL_ID,OTRO_ID,ITEM,VALOR) values (to_date('13/11/12','DD/MM/RR'),'35','78','11',null,'624','1');
Insert into DESCARGA (FECHA,USO_ID,VERSION_ID,VER_APL_ID,OTRO_ID,ITEM,VALOR) values (to_date('04/01/14','DD/MM/RR'),'27','162','22',null,'625','1');
Insert into DESCARGA (FECHA,USO_ID,VERSION_ID,VER_APL_ID,OTRO_ID,ITEM,VALOR) values (to_date('28/02/13','DD/MM/RR'),'32','64','9',null,'626','5');
Insert into DESCARGA (FECHA,USO_ID,VERSION_ID,VER_APL_ID,OTRO_ID,ITEM,VALOR) values (to_date('01/01/14','DD/MM/RR'),'18','10','2',null,'627','4');
Insert into DESCARGA (FECHA,USO_ID,VERSION_ID,VER_APL_ID,OTRO_ID,ITEM,VALOR) values (to_date('07/03/13','DD/MM/RR'),'35','177','25',null,'628','4');
Insert into DESCARGA (FECHA,USO_ID,VERSION_ID,VER_APL_ID,OTRO_ID,ITEM,VALOR) values (to_date('17/02/15','DD/MM/RR'),'11','44','7',null,'629','2');
Insert into DESCARGA (FECHA,USO_ID,VERSION_ID,VER_APL_ID,OTRO_ID,ITEM,VALOR) values (to_date('25/06/12','DD/MM/RR'),'3','207','29',null,'630','1');
Insert into DESCARGA (FECHA,USO_ID,VERSION_ID,VER_APL_ID,OTRO_ID,ITEM,VALOR) values (to_date('31/07/14','DD/MM/RR'),'10','114','17',null,'631','3');
Insert into DESCARGA (FECHA,USO_ID,VERSION_ID,VER_APL_ID,OTRO_ID,ITEM,VALOR) values (to_date('25/07/12','DD/MM/RR'),'35','146','20',null,'632','2');
Insert into DESCARGA (FECHA,USO_ID,VERSION_ID,VER_APL_ID,OTRO_ID,ITEM,VALOR) values (to_date('31/08/13','DD/MM/RR'),'17','184','26',null,'633','3');
Insert into DESCARGA (FECHA,USO_ID,VERSION_ID,VER_APL_ID,OTRO_ID,ITEM,VALOR) values (to_date('22/01/13','DD/MM/RR'),'22','132','18',null,'634','5');
Insert into DESCARGA (FECHA,USO_ID,VERSION_ID,VER_APL_ID,OTRO_ID,ITEM,VALOR) values (to_date('04/05/14','DD/MM/RR'),'38','133','18',null,'635','3');
Insert into DESCARGA (FECHA,USO_ID,VERSION_ID,VER_APL_ID,OTRO_ID,ITEM,VALOR) values (to_date('20/08/12','DD/MM/RR'),'28','86','12',null,'636','1');
Insert into DESCARGA (FECHA,USO_ID,VERSION_ID,VER_APL_ID,OTRO_ID,ITEM,VALOR) values (to_date('11/11/14','DD/MM/RR'),'15','9','2',null,'637','3');
Insert into DESCARGA (FECHA,USO_ID,VERSION_ID,VER_APL_ID,OTRO_ID,ITEM,VALOR) values (to_date('27/06/14','DD/MM/RR'),'13','216','30',null,'638','5');
Insert into DESCARGA (FECHA,USO_ID,VERSION_ID,VER_APL_ID,OTRO_ID,ITEM,VALOR) values (to_date('02/08/12','DD/MM/RR'),'24','211','29',null,'639','1');
Insert into DESCARGA (FECHA,USO_ID,VERSION_ID,VER_APL_ID,OTRO_ID,ITEM,VALOR) values (to_date('25/08/13','DD/MM/RR'),'13','38','5',null,'640','0');
Insert into DESCARGA (FECHA,USO_ID,VERSION_ID,VER_APL_ID,OTRO_ID,ITEM,VALOR) values (to_date('13/09/12','DD/MM/RR'),'32','154','21',null,'641','5');
Insert into DESCARGA (FECHA,USO_ID,VERSION_ID,VER_APL_ID,OTRO_ID,ITEM,VALOR) values (to_date('09/01/15','DD/MM/RR'),'39','59','8',null,'642','1');
Insert into DESCARGA (FECHA,USO_ID,VERSION_ID,VER_APL_ID,OTRO_ID,ITEM,VALOR) values (to_date('21/05/13','DD/MM/RR'),'11','56','8',null,'643','2');
Insert into DESCARGA (FECHA,USO_ID,VERSION_ID,VER_APL_ID,OTRO_ID,ITEM,VALOR) values (to_date('01/05/13','DD/MM/RR'),'22','103','15',null,'644','4');
Insert into DESCARGA (FECHA,USO_ID,VERSION_ID,VER_APL_ID,OTRO_ID,ITEM,VALOR) values (to_date('29/08/12','DD/MM/RR'),'25','186','26',null,'645','4');
Insert into DESCARGA (FECHA,USO_ID,VERSION_ID,VER_APL_ID,OTRO_ID,ITEM,VALOR) values (to_date('19/06/12','DD/MM/RR'),'36','198','28',null,'646','3');
Insert into DESCARGA (FECHA,USO_ID,VERSION_ID,VER_APL_ID,OTRO_ID,ITEM,VALOR) values (to_date('28/11/14','DD/MM/RR'),'34','174','25',null,'647','3');
Insert into DESCARGA (FECHA,USO_ID,VERSION_ID,VER_APL_ID,OTRO_ID,ITEM,VALOR) values (to_date('20/06/14','DD/MM/RR'),'36','125','18',null,'648','2');
Insert into DESCARGA (FECHA,USO_ID,VERSION_ID,VER_APL_ID,OTRO_ID,ITEM,VALOR) values (to_date('05/02/15','DD/MM/RR'),'24','117','17',null,'649','1');
Insert into DESCARGA (FECHA,USO_ID,VERSION_ID,VER_APL_ID,OTRO_ID,ITEM,VALOR) values (to_date('08/12/14','DD/MM/RR'),'17','141','19',null,'650','2');
Insert into DESCARGA (FECHA,USO_ID,VERSION_ID,VER_APL_ID,OTRO_ID,ITEM,VALOR) values (to_date('22/05/13','DD/MM/RR'),'8','40','6',null,'651','2');
Insert into DESCARGA (FECHA,USO_ID,VERSION_ID,VER_APL_ID,OTRO_ID,ITEM,VALOR) values (to_date('05/07/14','DD/MM/RR'),'25','131','18',null,'652','5');
Insert into DESCARGA (FECHA,USO_ID,VERSION_ID,VER_APL_ID,OTRO_ID,ITEM,VALOR) values (to_date('09/09/12','DD/MM/RR'),'20','42','6',null,'653','3');
Insert into DESCARGA (FECHA,USO_ID,VERSION_ID,VER_APL_ID,OTRO_ID,ITEM,VALOR) values (to_date('27/09/12','DD/MM/RR'),'11','208','29',null,'654','4');
Insert into DESCARGA (FECHA,USO_ID,VERSION_ID,VER_APL_ID,OTRO_ID,ITEM,VALOR) values (to_date('20/03/13','DD/MM/RR'),'18','99','14',null,'655','2');
Insert into DESCARGA (FECHA,USO_ID,VERSION_ID,VER_APL_ID,OTRO_ID,ITEM,VALOR) values (to_date('11/08/12','DD/MM/RR'),'19','32','5',null,'656','2');
Insert into DESCARGA (FECHA,USO_ID,VERSION_ID,VER_APL_ID,OTRO_ID,ITEM,VALOR) values (to_date('10/12/12','DD/MM/RR'),'11','39','6',null,'657','0');
Insert into DESCARGA (FECHA,USO_ID,VERSION_ID,VER_APL_ID,OTRO_ID,ITEM,VALOR) values (to_date('02/03/14','DD/MM/RR'),'7','88','13',null,'658','2');
Insert into DESCARGA (FECHA,USO_ID,VERSION_ID,VER_APL_ID,OTRO_ID,ITEM,VALOR) values (to_date('02/06/14','DD/MM/RR'),'30','154','21',null,'659','1');
Insert into DESCARGA (FECHA,USO_ID,VERSION_ID,VER_APL_ID,OTRO_ID,ITEM,VALOR) values (to_date('26/04/13','DD/MM/RR'),'39','74','10',null,'660','3');
Insert into DESCARGA (FECHA,USO_ID,VERSION_ID,VER_APL_ID,OTRO_ID,ITEM,VALOR) values (to_date('15/10/14','DD/MM/RR'),'28','68','9',null,'661','1');
Insert into DESCARGA (FECHA,USO_ID,VERSION_ID,VER_APL_ID,OTRO_ID,ITEM,VALOR) values (to_date('11/11/12','DD/MM/RR'),'29','136','18',null,'662','1');
Insert into DESCARGA (FECHA,USO_ID,VERSION_ID,VER_APL_ID,OTRO_ID,ITEM,VALOR) values (to_date('12/10/13','DD/MM/RR'),'11','125','18',null,'663','3');
Insert into DESCARGA (FECHA,USO_ID,VERSION_ID,VER_APL_ID,OTRO_ID,ITEM,VALOR) values (to_date('11/06/13','DD/MM/RR'),'33','52','7',null,'664','1');
Insert into DESCARGA (FECHA,USO_ID,VERSION_ID,VER_APL_ID,OTRO_ID,ITEM,VALOR) values (to_date('26/01/13','DD/MM/RR'),'31','184','26',null,'665','4');
Insert into DESCARGA (FECHA,USO_ID,VERSION_ID,VER_APL_ID,OTRO_ID,ITEM,VALOR) values (to_date('10/04/14','DD/MM/RR'),'7','165','24',null,'666','4');
Insert into DESCARGA (FECHA,USO_ID,VERSION_ID,VER_APL_ID,OTRO_ID,ITEM,VALOR) values (to_date('03/12/14','DD/MM/RR'),'3','215','30',null,'667','1');
Insert into DESCARGA (FECHA,USO_ID,VERSION_ID,VER_APL_ID,OTRO_ID,ITEM,VALOR) values (to_date('24/05/12','DD/MM/RR'),'17','30','5',null,'668','4');
Insert into DESCARGA (FECHA,USO_ID,VERSION_ID,VER_APL_ID,OTRO_ID,ITEM,VALOR) values (to_date('13/12/12','DD/MM/RR'),'7','9','2',null,'669','4');
Insert into DESCARGA (FECHA,USO_ID,VERSION_ID,VER_APL_ID,OTRO_ID,ITEM,VALOR) values (to_date('10/11/14','DD/MM/RR'),'4','102','15',null,'670','3');
Insert into DESCARGA (FECHA,USO_ID,VERSION_ID,VER_APL_ID,OTRO_ID,ITEM,VALOR) values (to_date('29/04/14','DD/MM/RR'),'30','59','8',null,'671','1');
Insert into DESCARGA (FECHA,USO_ID,VERSION_ID,VER_APL_ID,OTRO_ID,ITEM,VALOR) values (to_date('18/02/14','DD/MM/RR'),'15','171','24',null,'672','2');
Insert into DESCARGA (FECHA,USO_ID,VERSION_ID,VER_APL_ID,OTRO_ID,ITEM,VALOR) values (to_date('07/11/14','DD/MM/RR'),'20','126','18',null,'673','5');
Insert into DESCARGA (FECHA,USO_ID,VERSION_ID,VER_APL_ID,OTRO_ID,ITEM,VALOR) values (to_date('08/01/14','DD/MM/RR'),'24','4','2',null,'674','4');
Insert into DESCARGA (FECHA,USO_ID,VERSION_ID,VER_APL_ID,OTRO_ID,ITEM,VALOR) values (to_date('21/09/13','DD/MM/RR'),'37','66','9',null,'675','2');
Insert into DESCARGA (FECHA,USO_ID,VERSION_ID,VER_APL_ID,OTRO_ID,ITEM,VALOR) values (to_date('25/07/13','DD/MM/RR'),'2','182','25',null,'676','3');
Insert into DESCARGA (FECHA,USO_ID,VERSION_ID,VER_APL_ID,OTRO_ID,ITEM,VALOR) values (to_date('25/12/14','DD/MM/RR'),'8','127','18',null,'677','4');
Insert into DESCARGA (FECHA,USO_ID,VERSION_ID,VER_APL_ID,OTRO_ID,ITEM,VALOR) values (to_date('14/11/12','DD/MM/RR'),'16','145','20',null,'678','2');
Insert into DESCARGA (FECHA,USO_ID,VERSION_ID,VER_APL_ID,OTRO_ID,ITEM,VALOR) values (to_date('26/09/13','DD/MM/RR'),'29','7','2',null,'679','3');
Insert into DESCARGA (FECHA,USO_ID,VERSION_ID,VER_APL_ID,OTRO_ID,ITEM,VALOR) values (to_date('31/01/14','DD/MM/RR'),'7','116','17',null,'680','1');
Insert into DESCARGA (FECHA,USO_ID,VERSION_ID,VER_APL_ID,OTRO_ID,ITEM,VALOR) values (to_date('31/10/14','DD/MM/RR'),'22','102','15',null,'681','0');
Insert into DESCARGA (FECHA,USO_ID,VERSION_ID,VER_APL_ID,OTRO_ID,ITEM,VALOR) values (to_date('13/01/14','DD/MM/RR'),'26','66','9',null,'682','1');
Insert into DESCARGA (FECHA,USO_ID,VERSION_ID,VER_APL_ID,OTRO_ID,ITEM,VALOR) values (to_date('27/06/13','DD/MM/RR'),'37','114','17',null,'683','4');
Insert into DESCARGA (FECHA,USO_ID,VERSION_ID,VER_APL_ID,OTRO_ID,ITEM,VALOR) values (to_date('29/09/12','DD/MM/RR'),'39','99','14',null,'684','1');
Insert into DESCARGA (FECHA,USO_ID,VERSION_ID,VER_APL_ID,OTRO_ID,ITEM,VALOR) values (to_date('22/01/13','DD/MM/RR'),'14','146','20',null,'685','4');
Insert into DESCARGA (FECHA,USO_ID,VERSION_ID,VER_APL_ID,OTRO_ID,ITEM,VALOR) values (to_date('09/02/13','DD/MM/RR'),'1','187','26',null,'686','3');
Insert into DESCARGA (FECHA,USO_ID,VERSION_ID,VER_APL_ID,OTRO_ID,ITEM,VALOR) values (to_date('30/05/13','DD/MM/RR'),'31','13','2',null,'687','4');
Insert into DESCARGA (FECHA,USO_ID,VERSION_ID,VER_APL_ID,OTRO_ID,ITEM,VALOR) values (to_date('02/02/13','DD/MM/RR'),'39','138','19',null,'688','5');
Insert into DESCARGA (FECHA,USO_ID,VERSION_ID,VER_APL_ID,OTRO_ID,ITEM,VALOR) values (to_date('28/06/14','DD/MM/RR'),'26','179','25',null,'689','2');
Insert into DESCARGA (FECHA,USO_ID,VERSION_ID,VER_APL_ID,OTRO_ID,ITEM,VALOR) values (to_date('16/02/15','DD/MM/RR'),'30','32','5',null,'690','2');
Insert into DESCARGA (FECHA,USO_ID,VERSION_ID,VER_APL_ID,OTRO_ID,ITEM,VALOR) values (to_date('26/09/12','DD/MM/RR'),'34','129','18',null,'691','0');
Insert into DESCARGA (FECHA,USO_ID,VERSION_ID,VER_APL_ID,OTRO_ID,ITEM,VALOR) values (to_date('30/01/13','DD/MM/RR'),'20','38','5',null,'692','2');
Insert into DESCARGA (FECHA,USO_ID,VERSION_ID,VER_APL_ID,OTRO_ID,ITEM,VALOR) values (to_date('28/01/15','DD/MM/RR'),'4','54','8',null,'693','2');
Insert into DESCARGA (FECHA,USO_ID,VERSION_ID,VER_APL_ID,OTRO_ID,ITEM,VALOR) values (to_date('18/01/13','DD/MM/RR'),'29','167','24',null,'694','2');
Insert into DESCARGA (FECHA,USO_ID,VERSION_ID,VER_APL_ID,OTRO_ID,ITEM,VALOR) values (to_date('06/01/14','DD/MM/RR'),'38','182','25',null,'695','2');
Insert into DESCARGA (FECHA,USO_ID,VERSION_ID,VER_APL_ID,OTRO_ID,ITEM,VALOR) values (to_date('30/06/12','DD/MM/RR'),'12','101','15',null,'696','2');
Insert into DESCARGA (FECHA,USO_ID,VERSION_ID,VER_APL_ID,OTRO_ID,ITEM,VALOR) values (to_date('21/06/14','DD/MM/RR'),'36','216','30',null,'697','2');
Insert into DESCARGA (FECHA,USO_ID,VERSION_ID,VER_APL_ID,OTRO_ID,ITEM,VALOR) values (to_date('20/01/14','DD/MM/RR'),'26','89','13',null,'698','0');
Insert into DESCARGA (FECHA,USO_ID,VERSION_ID,VER_APL_ID,OTRO_ID,ITEM,VALOR) values (to_date('05/12/14','DD/MM/RR'),'30','116','17',null,'699','5');
Insert into DESCARGA (FECHA,USO_ID,VERSION_ID,VER_APL_ID,OTRO_ID,ITEM,VALOR) values (to_date('21/12/13','DD/MM/RR'),'39','140','19',null,'700','4');
Insert into DESCARGA (FECHA,USO_ID,VERSION_ID,VER_APL_ID,OTRO_ID,ITEM,VALOR) values (to_date('13/11/12','DD/MM/RR'),'33','56','8',null,'701','5');
Insert into DESCARGA (FECHA,USO_ID,VERSION_ID,VER_APL_ID,OTRO_ID,ITEM,VALOR) values (to_date('27/12/14','DD/MM/RR'),'7','156','22',null,'702','3');
Insert into DESCARGA (FECHA,USO_ID,VERSION_ID,VER_APL_ID,OTRO_ID,ITEM,VALOR) values (to_date('12/08/13','DD/MM/RR'),'35','81','11',null,'703','1');
Insert into DESCARGA (FECHA,USO_ID,VERSION_ID,VER_APL_ID,OTRO_ID,ITEM,VALOR) values (to_date('09/02/14','DD/MM/RR'),'9','46','7',null,'704','2');
Insert into DESCARGA (FECHA,USO_ID,VERSION_ID,VER_APL_ID,OTRO_ID,ITEM,VALOR) values (to_date('10/06/12','DD/MM/RR'),'30','56','8',null,'705','3');
Insert into DESCARGA (FECHA,USO_ID,VERSION_ID,VER_APL_ID,OTRO_ID,ITEM,VALOR) values (to_date('26/07/14','DD/MM/RR'),'8','189','26',null,'706','5');
Insert into DESCARGA (FECHA,USO_ID,VERSION_ID,VER_APL_ID,OTRO_ID,ITEM,VALOR) values (to_date('13/09/13','DD/MM/RR'),'14','47','7',null,'707','0');
Insert into DESCARGA (FECHA,USO_ID,VERSION_ID,VER_APL_ID,OTRO_ID,ITEM,VALOR) values (to_date('18/06/13','DD/MM/RR'),'35','46','7',null,'708','1');
Insert into DESCARGA (FECHA,USO_ID,VERSION_ID,VER_APL_ID,OTRO_ID,ITEM,VALOR) values (to_date('17/11/14','DD/MM/RR'),'17','9','2',null,'709','2');
Insert into DESCARGA (FECHA,USO_ID,VERSION_ID,VER_APL_ID,OTRO_ID,ITEM,VALOR) values (to_date('23/08/14','DD/MM/RR'),'37','87','13',null,'710','2');
Insert into DESCARGA (FECHA,USO_ID,VERSION_ID,VER_APL_ID,OTRO_ID,ITEM,VALOR) values (to_date('05/06/13','DD/MM/RR'),'3','61','8',null,'711','3');
Insert into DESCARGA (FECHA,USO_ID,VERSION_ID,VER_APL_ID,OTRO_ID,ITEM,VALOR) values (to_date('02/04/14','DD/MM/RR'),'33','61','8',null,'712','2');
Insert into DESCARGA (FECHA,USO_ID,VERSION_ID,VER_APL_ID,OTRO_ID,ITEM,VALOR) values (to_date('20/07/14','DD/MM/RR'),'25','113','16',null,'713','0');
Insert into DESCARGA (FECHA,USO_ID,VERSION_ID,VER_APL_ID,OTRO_ID,ITEM,VALOR) values (to_date('31/10/12','DD/MM/RR'),'37','134','18',null,'714','4');
Insert into DESCARGA (FECHA,USO_ID,VERSION_ID,VER_APL_ID,OTRO_ID,ITEM,VALOR) values (to_date('13/12/12','DD/MM/RR'),'9','138','19',null,'715','4');
Insert into DESCARGA (FECHA,USO_ID,VERSION_ID,VER_APL_ID,OTRO_ID,ITEM,VALOR) values (to_date('02/01/13','DD/MM/RR'),'37','20','3',null,'716','3');
Insert into DESCARGA (FECHA,USO_ID,VERSION_ID,VER_APL_ID,OTRO_ID,ITEM,VALOR) values (to_date('28/09/12','DD/MM/RR'),'6','42','6',null,'717','0');
Insert into DESCARGA (FECHA,USO_ID,VERSION_ID,VER_APL_ID,OTRO_ID,ITEM,VALOR) values (to_date('16/12/14','DD/MM/RR'),'38',null,null,'47','1236','2');
Insert into DESCARGA (FECHA,USO_ID,VERSION_ID,VER_APL_ID,OTRO_ID,ITEM,VALOR) values (to_date('02/10/13','DD/MM/RR'),'23',null,null,'38','1237','2');
Insert into DESCARGA (FECHA,USO_ID,VERSION_ID,VER_APL_ID,OTRO_ID,ITEM,VALOR) values (to_date('07/06/13','DD/MM/RR'),'17',null,null,'18','1238','4');
Insert into DESCARGA (FECHA,USO_ID,VERSION_ID,VER_APL_ID,OTRO_ID,ITEM,VALOR) values (to_date('29/09/14','DD/MM/RR'),'26',null,null,'23','1239','3');
Insert into DESCARGA (FECHA,USO_ID,VERSION_ID,VER_APL_ID,OTRO_ID,ITEM,VALOR) values (to_date('25/12/13','DD/MM/RR'),'29',null,null,'26','1240','0');
Insert into DESCARGA (FECHA,USO_ID,VERSION_ID,VER_APL_ID,OTRO_ID,ITEM,VALOR) values (to_date('28/06/13','DD/MM/RR'),'8',null,null,'47','1241','0');
Insert into DESCARGA (FECHA,USO_ID,VERSION_ID,VER_APL_ID,OTRO_ID,ITEM,VALOR) values (to_date('14/02/13','DD/MM/RR'),'11',null,null,'7','1242','2');
Insert into DESCARGA (FECHA,USO_ID,VERSION_ID,VER_APL_ID,OTRO_ID,ITEM,VALOR) values (to_date('09/10/12','DD/MM/RR'),'39',null,null,'19','1243','2');
Insert into DESCARGA (FECHA,USO_ID,VERSION_ID,VER_APL_ID,OTRO_ID,ITEM,VALOR) values (to_date('18/04/13','DD/MM/RR'),'28',null,null,'49','1244','4');
Insert into DESCARGA (FECHA,USO_ID,VERSION_ID,VER_APL_ID,OTRO_ID,ITEM,VALOR) values (to_date('24/11/14','DD/MM/RR'),'9',null,null,'33','1245','4');
Insert into DESCARGA (FECHA,USO_ID,VERSION_ID,VER_APL_ID,OTRO_ID,ITEM,VALOR) values (to_date('21/12/12','DD/MM/RR'),'36',null,null,'40','1246','2');
Insert into DESCARGA (FECHA,USO_ID,VERSION_ID,VER_APL_ID,OTRO_ID,ITEM,VALOR) values (to_date('27/09/14','DD/MM/RR'),'38',null,null,'16','1247','2');
Insert into DESCARGA (FECHA,USO_ID,VERSION_ID,VER_APL_ID,OTRO_ID,ITEM,VALOR) values (to_date('10/04/14','DD/MM/RR'),'32',null,null,'35','1248','1');
Insert into DESCARGA (FECHA,USO_ID,VERSION_ID,VER_APL_ID,OTRO_ID,ITEM,VALOR) values (to_date('18/07/13','DD/MM/RR'),'19',null,null,'47','1249','3');
Insert into DESCARGA (FECHA,USO_ID,VERSION_ID,VER_APL_ID,OTRO_ID,ITEM,VALOR) values (to_date('02/09/14','DD/MM/RR'),'9',null,null,'8','1250','4');
Insert into DESCARGA (FECHA,USO_ID,VERSION_ID,VER_APL_ID,OTRO_ID,ITEM,VALOR) values (to_date('30/12/12','DD/MM/RR'),'28',null,null,'21','1251','3');
Insert into DESCARGA (FECHA,USO_ID,VERSION_ID,VER_APL_ID,OTRO_ID,ITEM,VALOR) values (to_date('25/03/14','DD/MM/RR'),'39',null,null,'33','1252','1');
Insert into DESCARGA (FECHA,USO_ID,VERSION_ID,VER_APL_ID,OTRO_ID,ITEM,VALOR) values (to_date('07/11/12','DD/MM/RR'),'26',null,null,'11','1253','2');
Insert into DESCARGA (FECHA,USO_ID,VERSION_ID,VER_APL_ID,OTRO_ID,ITEM,VALOR) values (to_date('13/07/13','DD/MM/RR'),'13',null,null,'27','1254','2');
Insert into DESCARGA (FECHA,USO_ID,VERSION_ID,VER_APL_ID,OTRO_ID,ITEM,VALOR) values (to_date('19/07/12','DD/MM/RR'),'23',null,null,'3','1255','2');
Insert into DESCARGA (FECHA,USO_ID,VERSION_ID,VER_APL_ID,OTRO_ID,ITEM,VALOR) values (to_date('13/08/14','DD/MM/RR'),'25',null,null,'2','1256','2');
Insert into DESCARGA (FECHA,USO_ID,VERSION_ID,VER_APL_ID,OTRO_ID,ITEM,VALOR) values (to_date('13/09/12','DD/MM/RR'),'28',null,null,'24','1257','4');
Insert into DESCARGA (FECHA,USO_ID,VERSION_ID,VER_APL_ID,OTRO_ID,ITEM,VALOR) values (to_date('31/10/14','DD/MM/RR'),'6',null,null,'10','1258','4');
Insert into DESCARGA (FECHA,USO_ID,VERSION_ID,VER_APL_ID,OTRO_ID,ITEM,VALOR) values (to_date('22/11/13','DD/MM/RR'),'27',null,null,'47','1259','0');
Insert into DESCARGA (FECHA,USO_ID,VERSION_ID,VER_APL_ID,OTRO_ID,ITEM,VALOR) values (to_date('02/05/13','DD/MM/RR'),'29',null,null,'24','1260','2');
Insert into DESCARGA (FECHA,USO_ID,VERSION_ID,VER_APL_ID,OTRO_ID,ITEM,VALOR) values (to_date('05/09/14','DD/MM/RR'),'13',null,null,'4','1261','4');
Insert into DESCARGA (FECHA,USO_ID,VERSION_ID,VER_APL_ID,OTRO_ID,ITEM,VALOR) values (to_date('21/02/13','DD/MM/RR'),'12',null,null,'3','1262','3');
Insert into DESCARGA (FECHA,USO_ID,VERSION_ID,VER_APL_ID,OTRO_ID,ITEM,VALOR) values (to_date('06/12/12','DD/MM/RR'),'21',null,null,'38','1263','3');
Insert into DESCARGA (FECHA,USO_ID,VERSION_ID,VER_APL_ID,OTRO_ID,ITEM,VALOR) values (to_date('14/08/14','DD/MM/RR'),'31',null,null,'40','1264','2');
Insert into DESCARGA (FECHA,USO_ID,VERSION_ID,VER_APL_ID,OTRO_ID,ITEM,VALOR) values (to_date('03/12/14','DD/MM/RR'),'10',null,null,'47','1265','1');
Insert into DESCARGA (FECHA,USO_ID,VERSION_ID,VER_APL_ID,OTRO_ID,ITEM,VALOR) values (to_date('01/11/14','DD/MM/RR'),'8',null,null,'21','1266','5');
Insert into DESCARGA (FECHA,USO_ID,VERSION_ID,VER_APL_ID,OTRO_ID,ITEM,VALOR) values (to_date('24/08/13','DD/MM/RR'),'24',null,null,'31','1267','1');
Insert into DESCARGA (FECHA,USO_ID,VERSION_ID,VER_APL_ID,OTRO_ID,ITEM,VALOR) values (to_date('14/01/14','DD/MM/RR'),'20',null,null,'12','1268','1');
Insert into DESCARGA (FECHA,USO_ID,VERSION_ID,VER_APL_ID,OTRO_ID,ITEM,VALOR) values (to_date('10/09/14','DD/MM/RR'),'39',null,null,'47','1269','0');
Insert into DESCARGA (FECHA,USO_ID,VERSION_ID,VER_APL_ID,OTRO_ID,ITEM,VALOR) values (to_date('19/11/13','DD/MM/RR'),'30',null,null,'38','1270','4');
Insert into DESCARGA (FECHA,USO_ID,VERSION_ID,VER_APL_ID,OTRO_ID,ITEM,VALOR) values (to_date('02/09/12','DD/MM/RR'),'5',null,null,'26','1271','0');
Insert into DESCARGA (FECHA,USO_ID,VERSION_ID,VER_APL_ID,OTRO_ID,ITEM,VALOR) values (to_date('19/04/13','DD/MM/RR'),'16',null,null,'30','1272','4');
Insert into DESCARGA (FECHA,USO_ID,VERSION_ID,VER_APL_ID,OTRO_ID,ITEM,VALOR) values (to_date('25/02/14','DD/MM/RR'),'22',null,null,'3','1273','4');
Insert into DESCARGA (FECHA,USO_ID,VERSION_ID,VER_APL_ID,OTRO_ID,ITEM,VALOR) values (to_date('01/10/13','DD/MM/RR'),'32',null,null,'43','1274','5');
Insert into DESCARGA (FECHA,USO_ID,VERSION_ID,VER_APL_ID,OTRO_ID,ITEM,VALOR) values (to_date('02/07/14','DD/MM/RR'),'18',null,null,'8','1275','1');
Insert into DESCARGA (FECHA,USO_ID,VERSION_ID,VER_APL_ID,OTRO_ID,ITEM,VALOR) values (to_date('22/05/14','DD/MM/RR'),'35',null,null,'31','1276','4');
Insert into DESCARGA (FECHA,USO_ID,VERSION_ID,VER_APL_ID,OTRO_ID,ITEM,VALOR) values (to_date('11/01/13','DD/MM/RR'),'4',null,null,'21','1277','3');
Insert into DESCARGA (FECHA,USO_ID,VERSION_ID,VER_APL_ID,OTRO_ID,ITEM,VALOR) values (to_date('22/10/14','DD/MM/RR'),'1',null,null,'21','1278','4');
Insert into DESCARGA (FECHA,USO_ID,VERSION_ID,VER_APL_ID,OTRO_ID,ITEM,VALOR) values (to_date('21/03/13','DD/MM/RR'),'33',null,null,'45','1279','2');
Insert into DESCARGA (FECHA,USO_ID,VERSION_ID,VER_APL_ID,OTRO_ID,ITEM,VALOR) values (to_date('08/06/13','DD/MM/RR'),'25',null,null,'13','1280','4');
Insert into DESCARGA (FECHA,USO_ID,VERSION_ID,VER_APL_ID,OTRO_ID,ITEM,VALOR) values (to_date('14/10/13','DD/MM/RR'),'35',null,null,'9','1281','3');
Insert into DESCARGA (FECHA,USO_ID,VERSION_ID,VER_APL_ID,OTRO_ID,ITEM,VALOR) values (to_date('13/03/14','DD/MM/RR'),'5',null,null,'31','1282','0');
Insert into DESCARGA (FECHA,USO_ID,VERSION_ID,VER_APL_ID,OTRO_ID,ITEM,VALOR) values (to_date('04/04/13','DD/MM/RR'),'1',null,null,'40','1283','2');
Insert into DESCARGA (FECHA,USO_ID,VERSION_ID,VER_APL_ID,OTRO_ID,ITEM,VALOR) values (to_date('07/07/14','DD/MM/RR'),'14',null,null,'5','1284','3');
Insert into DESCARGA (FECHA,USO_ID,VERSION_ID,VER_APL_ID,OTRO_ID,ITEM,VALOR) values (to_date('10/06/14','DD/MM/RR'),'12',null,null,'14','1285','3');
Insert into DESCARGA (FECHA,USO_ID,VERSION_ID,VER_APL_ID,OTRO_ID,ITEM,VALOR) values (to_date('30/01/15','DD/MM/RR'),'1',null,null,'11','1286','4');
Insert into DESCARGA (FECHA,USO_ID,VERSION_ID,VER_APL_ID,OTRO_ID,ITEM,VALOR) values (to_date('13/11/13','DD/MM/RR'),'33',null,null,'19','1287','3');
Insert into DESCARGA (FECHA,USO_ID,VERSION_ID,VER_APL_ID,OTRO_ID,ITEM,VALOR) values (to_date('27/02/14','DD/MM/RR'),'29',null,null,'1','1288','1');
Insert into DESCARGA (FECHA,USO_ID,VERSION_ID,VER_APL_ID,OTRO_ID,ITEM,VALOR) values (to_date('28/05/13','DD/MM/RR'),'17',null,null,'49','1289','3');
Insert into DESCARGA (FECHA,USO_ID,VERSION_ID,VER_APL_ID,OTRO_ID,ITEM,VALOR) values (to_date('18/02/14','DD/MM/RR'),'14',null,null,'11','1290','4');
Insert into DESCARGA (FECHA,USO_ID,VERSION_ID,VER_APL_ID,OTRO_ID,ITEM,VALOR) values (to_date('11/04/13','DD/MM/RR'),'26',null,null,'7','1291','1');
Insert into DESCARGA (FECHA,USO_ID,VERSION_ID,VER_APL_ID,OTRO_ID,ITEM,VALOR) values (to_date('20/06/13','DD/MM/RR'),'11',null,null,'23','1292','1');
Insert into DESCARGA (FECHA,USO_ID,VERSION_ID,VER_APL_ID,OTRO_ID,ITEM,VALOR) values (to_date('09/03/14','DD/MM/RR'),'11',null,null,'17','1293','1');
Insert into DESCARGA (FECHA,USO_ID,VERSION_ID,VER_APL_ID,OTRO_ID,ITEM,VALOR) values (to_date('27/09/12','DD/MM/RR'),'24',null,null,'10','1294','1');
Insert into DESCARGA (FECHA,USO_ID,VERSION_ID,VER_APL_ID,OTRO_ID,ITEM,VALOR) values (to_date('05/02/15','DD/MM/RR'),'19',null,null,'15','1295','0');
Insert into DESCARGA (FECHA,USO_ID,VERSION_ID,VER_APL_ID,OTRO_ID,ITEM,VALOR) values (to_date('12/11/13','DD/MM/RR'),'32',null,null,'30','1296','1');
Insert into DESCARGA (FECHA,USO_ID,VERSION_ID,VER_APL_ID,OTRO_ID,ITEM,VALOR) values (to_date('13/07/13','DD/MM/RR'),'5',null,null,'9','1297','4');
Insert into DESCARGA (FECHA,USO_ID,VERSION_ID,VER_APL_ID,OTRO_ID,ITEM,VALOR) values (to_date('03/10/13','DD/MM/RR'),'4',null,null,'19','1298','1');
Insert into DESCARGA (FECHA,USO_ID,VERSION_ID,VER_APL_ID,OTRO_ID,ITEM,VALOR) values (to_date('06/07/14','DD/MM/RR'),'38',null,null,'25','1299','2');
Insert into DESCARGA (FECHA,USO_ID,VERSION_ID,VER_APL_ID,OTRO_ID,ITEM,VALOR) values (to_date('26/08/14','DD/MM/RR'),'37',null,null,'29','1300','5');
Insert into DESCARGA (FECHA,USO_ID,VERSION_ID,VER_APL_ID,OTRO_ID,ITEM,VALOR) values (to_date('20/07/12','DD/MM/RR'),'32',null,null,'17','1301','2');
Insert into DESCARGA (FECHA,USO_ID,VERSION_ID,VER_APL_ID,OTRO_ID,ITEM,VALOR) values (to_date('29/08/13','DD/MM/RR'),'10',null,null,'14','1302','4');
Insert into DESCARGA (FECHA,USO_ID,VERSION_ID,VER_APL_ID,OTRO_ID,ITEM,VALOR) values (to_date('30/06/12','DD/MM/RR'),'7',null,null,'24','1303','1');
Insert into DESCARGA (FECHA,USO_ID,VERSION_ID,VER_APL_ID,OTRO_ID,ITEM,VALOR) values (to_date('16/08/12','DD/MM/RR'),'4',null,null,'3','1304','2');
Insert into DESCARGA (FECHA,USO_ID,VERSION_ID,VER_APL_ID,OTRO_ID,ITEM,VALOR) values (to_date('24/10/14','DD/MM/RR'),'21',null,null,'2','1305','2');
Insert into DESCARGA (FECHA,USO_ID,VERSION_ID,VER_APL_ID,OTRO_ID,ITEM,VALOR) values (to_date('21/05/13','DD/MM/RR'),'39',null,null,'9','1306','3');
Insert into DESCARGA (FECHA,USO_ID,VERSION_ID,VER_APL_ID,OTRO_ID,ITEM,VALOR) values (to_date('20/02/13','DD/MM/RR'),'27',null,null,'10','1307','2');
Insert into DESCARGA (FECHA,USO_ID,VERSION_ID,VER_APL_ID,OTRO_ID,ITEM,VALOR) values (to_date('08/06/13','DD/MM/RR'),'25',null,null,'3','1308','1');
Insert into DESCARGA (FECHA,USO_ID,VERSION_ID,VER_APL_ID,OTRO_ID,ITEM,VALOR) values (to_date('09/10/12','DD/MM/RR'),'34',null,null,'43','1309','2');
Insert into DESCARGA (FECHA,USO_ID,VERSION_ID,VER_APL_ID,OTRO_ID,ITEM,VALOR) values (to_date('18/10/14','DD/MM/RR'),'2',null,null,'2','1310','4');
Insert into DESCARGA (FECHA,USO_ID,VERSION_ID,VER_APL_ID,OTRO_ID,ITEM,VALOR) values (to_date('22/09/12','DD/MM/RR'),'31',null,null,'14','1311','4');
Insert into DESCARGA (FECHA,USO_ID,VERSION_ID,VER_APL_ID,OTRO_ID,ITEM,VALOR) values (to_date('30/08/14','DD/MM/RR'),'13',null,null,'33','1312','2');
Insert into DESCARGA (FECHA,USO_ID,VERSION_ID,VER_APL_ID,OTRO_ID,ITEM,VALOR) values (to_date('30/09/14','DD/MM/RR'),'6',null,null,'6','1313','3');
Insert into DESCARGA (FECHA,USO_ID,VERSION_ID,VER_APL_ID,OTRO_ID,ITEM,VALOR) values (to_date('21/07/14','DD/MM/RR'),'27',null,null,'13','1314','1');
Insert into DESCARGA (FECHA,USO_ID,VERSION_ID,VER_APL_ID,OTRO_ID,ITEM,VALOR) values (to_date('03/09/12','DD/MM/RR'),'2',null,null,'15','1315','4');
Insert into DESCARGA (FECHA,USO_ID,VERSION_ID,VER_APL_ID,OTRO_ID,ITEM,VALOR) values (to_date('24/07/14','DD/MM/RR'),'35',null,null,'30','1316','2');
Insert into DESCARGA (FECHA,USO_ID,VERSION_ID,VER_APL_ID,OTRO_ID,ITEM,VALOR) values (to_date('08/05/13','DD/MM/RR'),'34',null,null,'49','1317','1');
Insert into DESCARGA (FECHA,USO_ID,VERSION_ID,VER_APL_ID,OTRO_ID,ITEM,VALOR) values (to_date('21/01/13','DD/MM/RR'),'11',null,null,'45','1318','1');
Insert into DESCARGA (FECHA,USO_ID,VERSION_ID,VER_APL_ID,OTRO_ID,ITEM,VALOR) values (to_date('25/07/13','DD/MM/RR'),'7',null,null,'10','1319','4');
Insert into DESCARGA (FECHA,USO_ID,VERSION_ID,VER_APL_ID,OTRO_ID,ITEM,VALOR) values (to_date('28/01/13','DD/MM/RR'),'15',null,null,'35','1320','3');
Insert into DESCARGA (FECHA,USO_ID,VERSION_ID,VER_APL_ID,OTRO_ID,ITEM,VALOR) values (to_date('17/08/13','DD/MM/RR'),'31',null,null,'6','1321','4');
Insert into DESCARGA (FECHA,USO_ID,VERSION_ID,VER_APL_ID,OTRO_ID,ITEM,VALOR) values (to_date('17/02/14','DD/MM/RR'),'1',null,null,'7','1322','3');
Insert into DESCARGA (FECHA,USO_ID,VERSION_ID,VER_APL_ID,OTRO_ID,ITEM,VALOR) values (to_date('17/04/13','DD/MM/RR'),'1',null,null,'6','1323','2');
Insert into DESCARGA (FECHA,USO_ID,VERSION_ID,VER_APL_ID,OTRO_ID,ITEM,VALOR) values (to_date('30/12/14','DD/MM/RR'),'18',null,null,'5','1324','2');
Insert into DESCARGA (FECHA,USO_ID,VERSION_ID,VER_APL_ID,OTRO_ID,ITEM,VALOR) values (to_date('25/08/12','DD/MM/RR'),'13',null,null,'21','1325','1');
Insert into DESCARGA (FECHA,USO_ID,VERSION_ID,VER_APL_ID,OTRO_ID,ITEM,VALOR) values (to_date('22/10/13','DD/MM/RR'),'14',null,null,'13','1326','3');
Insert into DESCARGA (FECHA,USO_ID,VERSION_ID,VER_APL_ID,OTRO_ID,ITEM,VALOR) values (to_date('16/02/13','DD/MM/RR'),'24',null,null,'15','1327','2');
Insert into DESCARGA (FECHA,USO_ID,VERSION_ID,VER_APL_ID,OTRO_ID,ITEM,VALOR) values (to_date('08/06/12','DD/MM/RR'),'24',null,null,'29','1328','3');
Insert into DESCARGA (FECHA,USO_ID,VERSION_ID,VER_APL_ID,OTRO_ID,ITEM,VALOR) values (to_date('18/05/13','DD/MM/RR'),'23',null,null,'11','1329','1');
Insert into DESCARGA (FECHA,USO_ID,VERSION_ID,VER_APL_ID,OTRO_ID,ITEM,VALOR) values (to_date('08/10/13','DD/MM/RR'),'39',null,null,'29','1330','2');
Insert into DESCARGA (FECHA,USO_ID,VERSION_ID,VER_APL_ID,OTRO_ID,ITEM,VALOR) values (to_date('21/11/13','DD/MM/RR'),'15',null,null,'12','1331','1');
Insert into DESCARGA (FECHA,USO_ID,VERSION_ID,VER_APL_ID,OTRO_ID,ITEM,VALOR) values (to_date('16/08/12','DD/MM/RR'),'8',null,null,'23','1332','0');
Insert into DESCARGA (FECHA,USO_ID,VERSION_ID,VER_APL_ID,OTRO_ID,ITEM,VALOR) values (to_date('05/12/14','DD/MM/RR'),'38',null,null,'9','1333','1');
Insert into DESCARGA (FECHA,USO_ID,VERSION_ID,VER_APL_ID,OTRO_ID,ITEM,VALOR) values (to_date('14/11/14','DD/MM/RR'),'30',null,null,'20','1334','2');
Insert into DESCARGA (FECHA,USO_ID,VERSION_ID,VER_APL_ID,OTRO_ID,ITEM,VALOR) values (to_date('20/03/13','DD/MM/RR'),'8',null,null,'20','1335','3');
Insert into DESCARGA (FECHA,USO_ID,VERSION_ID,VER_APL_ID,OTRO_ID,ITEM,VALOR) values (to_date('08/12/12','DD/MM/RR'),'33',null,null,'13','1336','3');
Insert into DESCARGA (FECHA,USO_ID,VERSION_ID,VER_APL_ID,OTRO_ID,ITEM,VALOR) values (to_date('17/06/12','DD/MM/RR'),'7',null,null,'8','1337','3');
Insert into DESCARGA (FECHA,USO_ID,VERSION_ID,VER_APL_ID,OTRO_ID,ITEM,VALOR) values (to_date('02/12/12','DD/MM/RR'),'4',null,null,'26','1338','0');
Insert into DESCARGA (FECHA,USO_ID,VERSION_ID,VER_APL_ID,OTRO_ID,ITEM,VALOR) values (to_date('27/03/14','DD/MM/RR'),'30',null,null,'45','1339','4');
Insert into DESCARGA (FECHA,USO_ID,VERSION_ID,VER_APL_ID,OTRO_ID,ITEM,VALOR) values (to_date('15/07/14','DD/MM/RR'),'17',null,null,'45','1340','2');
Insert into DESCARGA (FECHA,USO_ID,VERSION_ID,VER_APL_ID,OTRO_ID,ITEM,VALOR) values (to_date('14/12/12','DD/MM/RR'),'20',null,null,'23','1341','1');
Insert into DESCARGA (FECHA,USO_ID,VERSION_ID,VER_APL_ID,OTRO_ID,ITEM,VALOR) values (to_date('30/10/14','DD/MM/RR'),'33',null,null,'9','1342','5');
Insert into DESCARGA (FECHA,USO_ID,VERSION_ID,VER_APL_ID,OTRO_ID,ITEM,VALOR) values (to_date('15/07/12','DD/MM/RR'),'37',null,null,'9','1343','4');
Insert into DESCARGA (FECHA,USO_ID,VERSION_ID,VER_APL_ID,OTRO_ID,ITEM,VALOR) values (to_date('29/08/13','DD/MM/RR'),'39',null,null,'49','1344','4');
Insert into DESCARGA (FECHA,USO_ID,VERSION_ID,VER_APL_ID,OTRO_ID,ITEM,VALOR) values (to_date('21/12/12','DD/MM/RR'),'26',null,null,'45','1345','2');
Insert into DESCARGA (FECHA,USO_ID,VERSION_ID,VER_APL_ID,OTRO_ID,ITEM,VALOR) values (to_date('15/03/14','DD/MM/RR'),'23',null,null,'31','1346','2');
Insert into DESCARGA (FECHA,USO_ID,VERSION_ID,VER_APL_ID,OTRO_ID,ITEM,VALOR) values (to_date('19/10/14','DD/MM/RR'),'33',null,null,'20','1347','2');
Insert into DESCARGA (FECHA,USO_ID,VERSION_ID,VER_APL_ID,OTRO_ID,ITEM,VALOR) values (to_date('10/12/13','DD/MM/RR'),'14',null,null,'40','1348','3');
Insert into DESCARGA (FECHA,USO_ID,VERSION_ID,VER_APL_ID,OTRO_ID,ITEM,VALOR) values (to_date('26/01/14','DD/MM/RR'),'4',null,null,'4','1349','2');
Insert into DESCARGA (FECHA,USO_ID,VERSION_ID,VER_APL_ID,OTRO_ID,ITEM,VALOR) values (to_date('25/09/14','DD/MM/RR'),'32',null,null,'39','1350','2');
Insert into DESCARGA (FECHA,USO_ID,VERSION_ID,VER_APL_ID,OTRO_ID,ITEM,VALOR) values (to_date('29/05/13','DD/MM/RR'),'22',null,null,'40','1351','3');
Insert into DESCARGA (FECHA,USO_ID,VERSION_ID,VER_APL_ID,OTRO_ID,ITEM,VALOR) values (to_date('03/11/13','DD/MM/RR'),'10',null,null,'31','1352','0');
Insert into DESCARGA (FECHA,USO_ID,VERSION_ID,VER_APL_ID,OTRO_ID,ITEM,VALOR) values (to_date('04/01/15','DD/MM/RR'),'28',null,null,'31','1353','1');
Insert into DESCARGA (FECHA,USO_ID,VERSION_ID,VER_APL_ID,OTRO_ID,ITEM,VALOR) values (to_date('21/03/14','DD/MM/RR'),'21',null,null,'18','1354','4');
Insert into DESCARGA (FECHA,USO_ID,VERSION_ID,VER_APL_ID,OTRO_ID,ITEM,VALOR) values (to_date('29/10/12','DD/MM/RR'),'25',null,null,'22','1355','1');
Insert into DESCARGA (FECHA,USO_ID,VERSION_ID,VER_APL_ID,OTRO_ID,ITEM,VALOR) values (to_date('14/03/14','DD/MM/RR'),'25',null,null,'11','1356','1');
Insert into DESCARGA (FECHA,USO_ID,VERSION_ID,VER_APL_ID,OTRO_ID,ITEM,VALOR) values (to_date('20/10/12','DD/MM/RR'),'38',null,null,'19','1357','5');
Insert into DESCARGA (FECHA,USO_ID,VERSION_ID,VER_APL_ID,OTRO_ID,ITEM,VALOR) values (to_date('22/07/12','DD/MM/RR'),'29',null,null,'6','1358','2');
Insert into DESCARGA (FECHA,USO_ID,VERSION_ID,VER_APL_ID,OTRO_ID,ITEM,VALOR) values (to_date('16/02/13','DD/MM/RR'),'3',null,null,'13','1359','0');
Insert into DESCARGA (FECHA,USO_ID,VERSION_ID,VER_APL_ID,OTRO_ID,ITEM,VALOR) values (to_date('30/03/14','DD/MM/RR'),'25',null,null,'39','1360','1');
Insert into DESCARGA (FECHA,USO_ID,VERSION_ID,VER_APL_ID,OTRO_ID,ITEM,VALOR) values (to_date('28/10/13','DD/MM/RR'),'24',null,null,'9','1361','2');
Insert into DESCARGA (FECHA,USO_ID,VERSION_ID,VER_APL_ID,OTRO_ID,ITEM,VALOR) values (to_date('03/04/14','DD/MM/RR'),'36',null,null,'4','1362','4');
Insert into DESCARGA (FECHA,USO_ID,VERSION_ID,VER_APL_ID,OTRO_ID,ITEM,VALOR) values (to_date('17/10/12','DD/MM/RR'),'18',null,null,'43','1363','4');
Insert into DESCARGA (FECHA,USO_ID,VERSION_ID,VER_APL_ID,OTRO_ID,ITEM,VALOR) values (to_date('20/05/13','DD/MM/RR'),'17',null,null,'2','1364','1');
Insert into DESCARGA (FECHA,USO_ID,VERSION_ID,VER_APL_ID,OTRO_ID,ITEM,VALOR) values (to_date('13/04/14','DD/MM/RR'),'30',null,null,'14','1365','5');
Insert into DESCARGA (FECHA,USO_ID,VERSION_ID,VER_APL_ID,OTRO_ID,ITEM,VALOR) values (to_date('18/08/14','DD/MM/RR'),'4',null,null,'35','1366','0');
Insert into DESCARGA (FECHA,USO_ID,VERSION_ID,VER_APL_ID,OTRO_ID,ITEM,VALOR) values (to_date('05/06/14','DD/MM/RR'),'8',null,null,'2','1367','4');
Insert into DESCARGA (FECHA,USO_ID,VERSION_ID,VER_APL_ID,OTRO_ID,ITEM,VALOR) values (to_date('24/11/13','DD/MM/RR'),'12',null,null,'25','1368','0');
Insert into DESCARGA (FECHA,USO_ID,VERSION_ID,VER_APL_ID,OTRO_ID,ITEM,VALOR) values (to_date('08/07/12','DD/MM/RR'),'16',null,null,'14','1369','2');
Insert into DESCARGA (FECHA,USO_ID,VERSION_ID,VER_APL_ID,OTRO_ID,ITEM,VALOR) values (to_date('09/02/13','DD/MM/RR'),'10',null,null,'20','1370','1');
Insert into DESCARGA (FECHA,USO_ID,VERSION_ID,VER_APL_ID,OTRO_ID,ITEM,VALOR) values (to_date('13/01/14','DD/MM/RR'),'34',null,null,'19','1371','0');
Insert into DESCARGA (FECHA,USO_ID,VERSION_ID,VER_APL_ID,OTRO_ID,ITEM,VALOR) values (to_date('07/11/13','DD/MM/RR'),'20',null,null,'5','1372','5');
Insert into DESCARGA (FECHA,USO_ID,VERSION_ID,VER_APL_ID,OTRO_ID,ITEM,VALOR) values (to_date('24/08/13','DD/MM/RR'),'17',null,null,'13','1373','1');
Insert into DESCARGA (FECHA,USO_ID,VERSION_ID,VER_APL_ID,OTRO_ID,ITEM,VALOR) values (to_date('18/09/13','DD/MM/RR'),'17',null,null,'31','1374','4');
Insert into DESCARGA (FECHA,USO_ID,VERSION_ID,VER_APL_ID,OTRO_ID,ITEM,VALOR) values (to_date('16/02/13','DD/MM/RR'),'13',null,null,'38','1375','1');
Insert into DESCARGA (FECHA,USO_ID,VERSION_ID,VER_APL_ID,OTRO_ID,ITEM,VALOR) values (to_date('24/01/15','DD/MM/RR'),'8',null,null,'35','1376','5');
Insert into DESCARGA (FECHA,USO_ID,VERSION_ID,VER_APL_ID,OTRO_ID,ITEM,VALOR) values (to_date('20/04/13','DD/MM/RR'),'12',null,null,'27','1377','3');
Insert into DESCARGA (FECHA,USO_ID,VERSION_ID,VER_APL_ID,OTRO_ID,ITEM,VALOR) values (to_date('26/03/13','DD/MM/RR'),'4',null,null,'27','1378','4');
Insert into DESCARGA (FECHA,USO_ID,VERSION_ID,VER_APL_ID,OTRO_ID,ITEM,VALOR) values (to_date('16/03/13','DD/MM/RR'),'32',null,null,'19','1379','5');
Insert into DESCARGA (FECHA,USO_ID,VERSION_ID,VER_APL_ID,OTRO_ID,ITEM,VALOR) values (to_date('25/11/13','DD/MM/RR'),'11',null,null,'16','1380','2');
Insert into DESCARGA (FECHA,USO_ID,VERSION_ID,VER_APL_ID,OTRO_ID,ITEM,VALOR) values (to_date('05/11/12','DD/MM/RR'),'16',null,null,'10','1381','5');
Insert into DESCARGA (FECHA,USO_ID,VERSION_ID,VER_APL_ID,OTRO_ID,ITEM,VALOR) values (to_date('19/05/14','DD/MM/RR'),'13',null,null,'26','1382','3');
Insert into DESCARGA (FECHA,USO_ID,VERSION_ID,VER_APL_ID,OTRO_ID,ITEM,VALOR) values (to_date('06/07/13','DD/MM/RR'),'9',null,null,'47','1383','3');
Insert into DESCARGA (FECHA,USO_ID,VERSION_ID,VER_APL_ID,OTRO_ID,ITEM,VALOR) values (to_date('17/02/14','DD/MM/RR'),'12',null,null,'15','1384','1');
Insert into DESCARGA (FECHA,USO_ID,VERSION_ID,VER_APL_ID,OTRO_ID,ITEM,VALOR) values (to_date('23/12/14','DD/MM/RR'),'12',null,null,'28','1385','1');
Insert into DESCARGA (FECHA,USO_ID,VERSION_ID,VER_APL_ID,OTRO_ID,ITEM,VALOR) values (to_date('01/12/12','DD/MM/RR'),'25',null,null,'43','1386','4');
Insert into DESCARGA (FECHA,USO_ID,VERSION_ID,VER_APL_ID,OTRO_ID,ITEM,VALOR) values (to_date('07/09/14','DD/MM/RR'),'24',null,null,'1','1387','5');
Insert into DESCARGA (FECHA,USO_ID,VERSION_ID,VER_APL_ID,OTRO_ID,ITEM,VALOR) values (to_date('20/10/13','DD/MM/RR'),'12',null,null,'43','1388','0');
Insert into DESCARGA (FECHA,USO_ID,VERSION_ID,VER_APL_ID,OTRO_ID,ITEM,VALOR) values (to_date('27/05/12','DD/MM/RR'),'24',null,null,'13','1389','3');
Insert into DESCARGA (FECHA,USO_ID,VERSION_ID,VER_APL_ID,OTRO_ID,ITEM,VALOR) values (to_date('08/03/14','DD/MM/RR'),'13',null,null,'39','1390','4');
Insert into DESCARGA (FECHA,USO_ID,VERSION_ID,VER_APL_ID,OTRO_ID,ITEM,VALOR) values (to_date('25/06/13','DD/MM/RR'),'11',null,null,'12','1391','4');
Insert into DESCARGA (FECHA,USO_ID,VERSION_ID,VER_APL_ID,OTRO_ID,ITEM,VALOR) values (to_date('16/02/15','DD/MM/RR'),'6',null,null,'13','1392','2');
Insert into DESCARGA (FECHA,USO_ID,VERSION_ID,VER_APL_ID,OTRO_ID,ITEM,VALOR) values (to_date('30/04/14','DD/MM/RR'),'9',null,null,'11','1393','1');
Insert into DESCARGA (FECHA,USO_ID,VERSION_ID,VER_APL_ID,OTRO_ID,ITEM,VALOR) values (to_date('02/08/13','DD/MM/RR'),'36',null,null,'13','1394','2');
Insert into DESCARGA (FECHA,USO_ID,VERSION_ID,VER_APL_ID,OTRO_ID,ITEM,VALOR) values (to_date('28/01/13','DD/MM/RR'),'15',null,null,'10','1395','0');
Insert into DESCARGA (FECHA,USO_ID,VERSION_ID,VER_APL_ID,OTRO_ID,ITEM,VALOR) values (to_date('03/01/14','DD/MM/RR'),'19',null,null,'27','1396','0');
Insert into DESCARGA (FECHA,USO_ID,VERSION_ID,VER_APL_ID,OTRO_ID,ITEM,VALOR) values (to_date('01/03/14','DD/MM/RR'),'24',null,null,'20','1397','1');
Insert into DESCARGA (FECHA,USO_ID,VERSION_ID,VER_APL_ID,OTRO_ID,ITEM,VALOR) values (to_date('17/06/14','DD/MM/RR'),'27',null,null,'22','1398','0');
Insert into DESCARGA (FECHA,USO_ID,VERSION_ID,VER_APL_ID,OTRO_ID,ITEM,VALOR) values (to_date('03/09/14','DD/MM/RR'),'34',null,null,'14','1399','2');
Insert into DESCARGA (FECHA,USO_ID,VERSION_ID,VER_APL_ID,OTRO_ID,ITEM,VALOR) values (to_date('03/07/12','DD/MM/RR'),'30',null,null,'25','1400','2');
Insert into DESCARGA (FECHA,USO_ID,VERSION_ID,VER_APL_ID,OTRO_ID,ITEM,VALOR) values (to_date('19/05/14','DD/MM/RR'),'17',null,null,'30','1401','3');
Insert into DESCARGA (FECHA,USO_ID,VERSION_ID,VER_APL_ID,OTRO_ID,ITEM,VALOR) values (to_date('01/05/13','DD/MM/RR'),'26',null,null,'9','1402','2');
Insert into DESCARGA (FECHA,USO_ID,VERSION_ID,VER_APL_ID,OTRO_ID,ITEM,VALOR) values (to_date('06/09/14','DD/MM/RR'),'15',null,null,'25','1403','0');
Insert into DESCARGA (FECHA,USO_ID,VERSION_ID,VER_APL_ID,OTRO_ID,ITEM,VALOR) values (to_date('07/11/12','DD/MM/RR'),'19',null,null,'14','1404','3');
Insert into DESCARGA (FECHA,USO_ID,VERSION_ID,VER_APL_ID,OTRO_ID,ITEM,VALOR) values (to_date('19/03/14','DD/MM/RR'),'34',null,null,'45','1405','4');
Insert into DESCARGA (FECHA,USO_ID,VERSION_ID,VER_APL_ID,OTRO_ID,ITEM,VALOR) values (to_date('23/05/13','DD/MM/RR'),'27',null,null,'40','1406','2');
Insert into DESCARGA (FECHA,USO_ID,VERSION_ID,VER_APL_ID,OTRO_ID,ITEM,VALOR) values (to_date('13/02/14','DD/MM/RR'),'17',null,null,'22','1407','4');
Insert into DESCARGA (FECHA,USO_ID,VERSION_ID,VER_APL_ID,OTRO_ID,ITEM,VALOR) values (to_date('19/01/13','DD/MM/RR'),'12',null,null,'45','1408','5');
Insert into DESCARGA (FECHA,USO_ID,VERSION_ID,VER_APL_ID,OTRO_ID,ITEM,VALOR) values (to_date('02/08/14','DD/MM/RR'),'11',null,null,'11','1409','3');
Insert into DESCARGA (FECHA,USO_ID,VERSION_ID,VER_APL_ID,OTRO_ID,ITEM,VALOR) values (to_date('05/08/13','DD/MM/RR'),'31',null,null,'12','1410','3');
Insert into DESCARGA (FECHA,USO_ID,VERSION_ID,VER_APL_ID,OTRO_ID,ITEM,VALOR) values (to_date('05/09/12','DD/MM/RR'),'3',null,null,'1','1411','1');
Insert into DESCARGA (FECHA,USO_ID,VERSION_ID,VER_APL_ID,OTRO_ID,ITEM,VALOR) values (to_date('20/08/13','DD/MM/RR'),'18',null,null,'11','1412','5');
Insert into DESCARGA (FECHA,USO_ID,VERSION_ID,VER_APL_ID,OTRO_ID,ITEM,VALOR) values (to_date('08/06/13','DD/MM/RR'),'3',null,null,'30','1413','2');
Insert into DESCARGA (FECHA,USO_ID,VERSION_ID,VER_APL_ID,OTRO_ID,ITEM,VALOR) values (to_date('13/11/12','DD/MM/RR'),'26',null,null,'8','1414','2');
Insert into DESCARGA (FECHA,USO_ID,VERSION_ID,VER_APL_ID,OTRO_ID,ITEM,VALOR) values (to_date('17/08/12','DD/MM/RR'),'2',null,null,'30','1415','0');
Insert into DESCARGA (FECHA,USO_ID,VERSION_ID,VER_APL_ID,OTRO_ID,ITEM,VALOR) values (to_date('05/07/13','DD/MM/RR'),'20',null,null,'25','1416','1');
Insert into DESCARGA (FECHA,USO_ID,VERSION_ID,VER_APL_ID,OTRO_ID,ITEM,VALOR) values (to_date('08/01/13','DD/MM/RR'),'30',null,null,'10','1417','1');
Insert into DESCARGA (FECHA,USO_ID,VERSION_ID,VER_APL_ID,OTRO_ID,ITEM,VALOR) values (to_date('27/08/14','DD/MM/RR'),'36',null,null,'16','1418','4');
Insert into DESCARGA (FECHA,USO_ID,VERSION_ID,VER_APL_ID,OTRO_ID,ITEM,VALOR) values (to_date('30/06/12','DD/MM/RR'),'16',null,null,'9','1419','4');
Insert into DESCARGA (FECHA,USO_ID,VERSION_ID,VER_APL_ID,OTRO_ID,ITEM,VALOR) values (to_date('19/03/13','DD/MM/RR'),'26',null,null,'18','1420','1');
Insert into DESCARGA (FECHA,USO_ID,VERSION_ID,VER_APL_ID,OTRO_ID,ITEM,VALOR) values (to_date('25/10/13','DD/MM/RR'),'9',null,null,'2','1421','3');
Insert into DESCARGA (FECHA,USO_ID,VERSION_ID,VER_APL_ID,OTRO_ID,ITEM,VALOR) values (to_date('30/12/13','DD/MM/RR'),'39',null,null,'39','1422','2');
Insert into DESCARGA (FECHA,USO_ID,VERSION_ID,VER_APL_ID,OTRO_ID,ITEM,VALOR) values (to_date('08/02/14','DD/MM/RR'),'6',null,null,'42','1423','1');
Insert into DESCARGA (FECHA,USO_ID,VERSION_ID,VER_APL_ID,OTRO_ID,ITEM,VALOR) values (to_date('15/01/15','DD/MM/RR'),'32',null,null,'27','1424','2');
Insert into DESCARGA (FECHA,USO_ID,VERSION_ID,VER_APL_ID,OTRO_ID,ITEM,VALOR) values (to_date('18/08/13','DD/MM/RR'),'5',null,null,'25','1425','4');
Insert into DESCARGA (FECHA,USO_ID,VERSION_ID,VER_APL_ID,OTRO_ID,ITEM,VALOR) values (to_date('20/08/12','DD/MM/RR'),'35',null,null,'13','1426','2');
Insert into DESCARGA (FECHA,USO_ID,VERSION_ID,VER_APL_ID,OTRO_ID,ITEM,VALOR) values (to_date('11/03/13','DD/MM/RR'),'36',null,null,'39','1427','5');
Insert into DESCARGA (FECHA,USO_ID,VERSION_ID,VER_APL_ID,OTRO_ID,ITEM,VALOR) values (to_date('28/06/13','DD/MM/RR'),'39',null,null,'4','1428','4');
Insert into DESCARGA (FECHA,USO_ID,VERSION_ID,VER_APL_ID,OTRO_ID,ITEM,VALOR) values (to_date('15/05/14','DD/MM/RR'),'10',null,null,'9','1429','2');
Insert into DESCARGA (FECHA,USO_ID,VERSION_ID,VER_APL_ID,OTRO_ID,ITEM,VALOR) values (to_date('09/02/15','DD/MM/RR'),'24',null,null,'7','1430','2');
Insert into DESCARGA (FECHA,USO_ID,VERSION_ID,VER_APL_ID,OTRO_ID,ITEM,VALOR) values (to_date('11/08/13','DD/MM/RR'),'39',null,null,'35','1431','4');
Insert into DESCARGA (FECHA,USO_ID,VERSION_ID,VER_APL_ID,OTRO_ID,ITEM,VALOR) values (to_date('10/12/14','DD/MM/RR'),'31',null,null,'45','1432','1');
Insert into DESCARGA (FECHA,USO_ID,VERSION_ID,VER_APL_ID,OTRO_ID,ITEM,VALOR) values (to_date('29/09/14','DD/MM/RR'),'34',null,null,'2','1433','3');
Insert into DESCARGA (FECHA,USO_ID,VERSION_ID,VER_APL_ID,OTRO_ID,ITEM,VALOR) values (to_date('22/10/12','DD/MM/RR'),'3',null,null,'39','1434','1');
Insert into DESCARGA (FECHA,USO_ID,VERSION_ID,VER_APL_ID,OTRO_ID,ITEM,VALOR) values (to_date('14/08/12','DD/MM/RR'),'10',null,null,'21','1435','2');
Insert into DESCARGA (FECHA,USO_ID,VERSION_ID,VER_APL_ID,OTRO_ID,ITEM,VALOR) values (to_date('17/01/15','DD/MM/RR'),'24',null,null,'5','1436','2');
Insert into DESCARGA (FECHA,USO_ID,VERSION_ID,VER_APL_ID,OTRO_ID,ITEM,VALOR) values (to_date('28/11/14','DD/MM/RR'),'13',null,null,'11','1437','0');
Insert into DESCARGA (FECHA,USO_ID,VERSION_ID,VER_APL_ID,OTRO_ID,ITEM,VALOR) values (to_date('18/03/13','DD/MM/RR'),'34',null,null,'40','1438','2');
Insert into DESCARGA (FECHA,USO_ID,VERSION_ID,VER_APL_ID,OTRO_ID,ITEM,VALOR) values (to_date('18/05/14','DD/MM/RR'),'3',null,null,'24','1439','3');
Insert into DESCARGA (FECHA,USO_ID,VERSION_ID,VER_APL_ID,OTRO_ID,ITEM,VALOR) values (to_date('23/03/13','DD/MM/RR'),'25',null,null,'47','1440','1');
Insert into DESCARGA (FECHA,USO_ID,VERSION_ID,VER_APL_ID,OTRO_ID,ITEM,VALOR) values (to_date('24/02/13','DD/MM/RR'),'2',null,null,'11','1441','0');
Insert into DESCARGA (FECHA,USO_ID,VERSION_ID,VER_APL_ID,OTRO_ID,ITEM,VALOR) values (to_date('04/01/13','DD/MM/RR'),'25',null,null,'45','1442','1');
Insert into DESCARGA (FECHA,USO_ID,VERSION_ID,VER_APL_ID,OTRO_ID,ITEM,VALOR) values (to_date('07/11/12','DD/MM/RR'),'15',null,null,'38','1443','3');
Insert into DESCARGA (FECHA,USO_ID,VERSION_ID,VER_APL_ID,OTRO_ID,ITEM,VALOR) values (to_date('03/06/13','DD/MM/RR'),'20',null,null,'24','1444','0');
Insert into DESCARGA (FECHA,USO_ID,VERSION_ID,VER_APL_ID,OTRO_ID,ITEM,VALOR) values (to_date('10/08/12','DD/MM/RR'),'32',null,null,'28','1445','3');
Insert into DESCARGA (FECHA,USO_ID,VERSION_ID,VER_APL_ID,OTRO_ID,ITEM,VALOR) values (to_date('16/09/13','DD/MM/RR'),'6',null,null,'3','1446','2');
Insert into DESCARGA (FECHA,USO_ID,VERSION_ID,VER_APL_ID,OTRO_ID,ITEM,VALOR) values (to_date('26/11/13','DD/MM/RR'),'10',null,null,'26','1447','2');
Insert into DESCARGA (FECHA,USO_ID,VERSION_ID,VER_APL_ID,OTRO_ID,ITEM,VALOR) values (to_date('17/11/12','DD/MM/RR'),'23',null,null,'28','1448','1');
Insert into DESCARGA (FECHA,USO_ID,VERSION_ID,VER_APL_ID,OTRO_ID,ITEM,VALOR) values (to_date('06/07/13','DD/MM/RR'),'2',null,null,'31','1449','2');
Insert into DESCARGA (FECHA,USO_ID,VERSION_ID,VER_APL_ID,OTRO_ID,ITEM,VALOR) values (to_date('25/08/14','DD/MM/RR'),'33',null,null,'2','1450','0');
Insert into DESCARGA (FECHA,USO_ID,VERSION_ID,VER_APL_ID,OTRO_ID,ITEM,VALOR) values (to_date('23/12/12','DD/MM/RR'),'10',null,null,'17','1451','1');
Insert into DESCARGA (FECHA,USO_ID,VERSION_ID,VER_APL_ID,OTRO_ID,ITEM,VALOR) values (to_date('25/07/13','DD/MM/RR'),'12',null,null,'39','1452','5');
Insert into DESCARGA (FECHA,USO_ID,VERSION_ID,VER_APL_ID,OTRO_ID,ITEM,VALOR) values (to_date('06/01/14','DD/MM/RR'),'24',null,null,'38','1453','4');
Insert into DESCARGA (FECHA,USO_ID,VERSION_ID,VER_APL_ID,OTRO_ID,ITEM,VALOR) values (to_date('13/11/13','DD/MM/RR'),'6',null,null,'47','1454','3');
Insert into DESCARGA (FECHA,USO_ID,VERSION_ID,VER_APL_ID,OTRO_ID,ITEM,VALOR) values (to_date('18/12/12','DD/MM/RR'),'25',null,null,'38','1455','5');
Insert into DESCARGA (FECHA,USO_ID,VERSION_ID,VER_APL_ID,OTRO_ID,ITEM,VALOR) values (to_date('06/07/14','DD/MM/RR'),'22',null,null,'26','1456','1');
Insert into DESCARGA (FECHA,USO_ID,VERSION_ID,VER_APL_ID,OTRO_ID,ITEM,VALOR) values (to_date('29/10/13','DD/MM/RR'),'33',null,null,'10','1457','3');
Insert into DESCARGA (FECHA,USO_ID,VERSION_ID,VER_APL_ID,OTRO_ID,ITEM,VALOR) values (to_date('11/10/13','DD/MM/RR'),'34',null,null,'13','1458','2');
Insert into DESCARGA (FECHA,USO_ID,VERSION_ID,VER_APL_ID,OTRO_ID,ITEM,VALOR) values (to_date('27/06/13','DD/MM/RR'),'5',null,null,'17','1459','4');
Insert into DESCARGA (FECHA,USO_ID,VERSION_ID,VER_APL_ID,OTRO_ID,ITEM,VALOR) values (to_date('05/12/12','DD/MM/RR'),'14',null,null,'35','1460','4');
Insert into DESCARGA (FECHA,USO_ID,VERSION_ID,VER_APL_ID,OTRO_ID,ITEM,VALOR) values (to_date('16/05/13','DD/MM/RR'),'18',null,null,'15','1461','3');
Insert into DESCARGA (FECHA,USO_ID,VERSION_ID,VER_APL_ID,OTRO_ID,ITEM,VALOR) values (to_date('05/08/13','DD/MM/RR'),'20',null,null,'29','1462','5');
Insert into DESCARGA (FECHA,USO_ID,VERSION_ID,VER_APL_ID,OTRO_ID,ITEM,VALOR) values (to_date('20/01/13','DD/MM/RR'),'30',null,null,'43','1463','3');
Insert into DESCARGA (FECHA,USO_ID,VERSION_ID,VER_APL_ID,OTRO_ID,ITEM,VALOR) values (to_date('25/06/14','DD/MM/RR'),'21',null,null,'17','1464','2');
Insert into DESCARGA (FECHA,USO_ID,VERSION_ID,VER_APL_ID,OTRO_ID,ITEM,VALOR) values (to_date('17/09/13','DD/MM/RR'),'20',null,null,'22','1465','3');
Insert into DESCARGA (FECHA,USO_ID,VERSION_ID,VER_APL_ID,OTRO_ID,ITEM,VALOR) values (to_date('15/05/13','DD/MM/RR'),'37',null,null,'26','1466','3');
Insert into DESCARGA (FECHA,USO_ID,VERSION_ID,VER_APL_ID,OTRO_ID,ITEM,VALOR) values (to_date('12/05/13','DD/MM/RR'),'18',null,null,'13','1467','1');
Insert into DESCARGA (FECHA,USO_ID,VERSION_ID,VER_APL_ID,OTRO_ID,ITEM,VALOR) values (to_date('09/01/15','DD/MM/RR'),'22',null,null,'17','1468','4');
Insert into DESCARGA (FECHA,USO_ID,VERSION_ID,VER_APL_ID,OTRO_ID,ITEM,VALOR) values (to_date('19/12/13','DD/MM/RR'),'19',null,null,'28','1469','3');
Insert into DESCARGA (FECHA,USO_ID,VERSION_ID,VER_APL_ID,OTRO_ID,ITEM,VALOR) values (to_date('30/07/13','DD/MM/RR'),'9',null,null,'27','1470','3');
Insert into DESCARGA (FECHA,USO_ID,VERSION_ID,VER_APL_ID,OTRO_ID,ITEM,VALOR) values (to_date('06/03/14','DD/MM/RR'),'11',null,null,'9','1471','2');
Insert into DESCARGA (FECHA,USO_ID,VERSION_ID,VER_APL_ID,OTRO_ID,ITEM,VALOR) values (to_date('11/04/14','DD/MM/RR'),'36',null,null,'9','1472','1');
Insert into DESCARGA (FECHA,USO_ID,VERSION_ID,VER_APL_ID,OTRO_ID,ITEM,VALOR) values (to_date('19/12/13','DD/MM/RR'),'39',null,null,'28','1473','4');
Insert into DESCARGA (FECHA,USO_ID,VERSION_ID,VER_APL_ID,OTRO_ID,ITEM,VALOR) values (to_date('16/10/13','DD/MM/RR'),'2',null,null,'9','1474','5');
Insert into DESCARGA (FECHA,USO_ID,VERSION_ID,VER_APL_ID,OTRO_ID,ITEM,VALOR) values (to_date('06/07/12','DD/MM/RR'),'26',null,null,'26','1475','2');
Insert into DESCARGA (FECHA,USO_ID,VERSION_ID,VER_APL_ID,OTRO_ID,ITEM,VALOR) values (to_date('19/04/13','DD/MM/RR'),'8',null,null,'16','1476','2');
Insert into DESCARGA (FECHA,USO_ID,VERSION_ID,VER_APL_ID,OTRO_ID,ITEM,VALOR) values (to_date('22/02/13','DD/MM/RR'),'4',null,null,'9','1477','5');
Insert into DESCARGA (FECHA,USO_ID,VERSION_ID,VER_APL_ID,OTRO_ID,ITEM,VALOR) values (to_date('15/01/15','DD/MM/RR'),'6',null,null,'21','1478','3');
Insert into DESCARGA (FECHA,USO_ID,VERSION_ID,VER_APL_ID,OTRO_ID,ITEM,VALOR) values (to_date('23/04/13','DD/MM/RR'),'3',null,null,'33','1479','4');
Insert into DESCARGA (FECHA,USO_ID,VERSION_ID,VER_APL_ID,OTRO_ID,ITEM,VALOR) values (to_date('21/01/14','DD/MM/RR'),'7',null,null,'40','1480','5');
Insert into DESCARGA (FECHA,USO_ID,VERSION_ID,VER_APL_ID,OTRO_ID,ITEM,VALOR) values (to_date('20/11/14','DD/MM/RR'),'29',null,null,'28','1481','5');
Insert into DESCARGA (FECHA,USO_ID,VERSION_ID,VER_APL_ID,OTRO_ID,ITEM,VALOR) values (to_date('13/04/13','DD/MM/RR'),'36',null,null,'28','1482','3');
Insert into DESCARGA (FECHA,USO_ID,VERSION_ID,VER_APL_ID,OTRO_ID,ITEM,VALOR) values (to_date('30/12/12','DD/MM/RR'),'27',null,null,'33','1483','0');
Insert into DESCARGA (FECHA,USO_ID,VERSION_ID,VER_APL_ID,OTRO_ID,ITEM,VALOR) values (to_date('06/02/13','DD/MM/RR'),'5',null,null,'23','1484','4');
Insert into DESCARGA (FECHA,USO_ID,VERSION_ID,VER_APL_ID,OTRO_ID,ITEM,VALOR) values (to_date('24/06/14','DD/MM/RR'),'36',null,null,'27','1485','4');
Insert into DESCARGA (FECHA,USO_ID,VERSION_ID,VER_APL_ID,OTRO_ID,ITEM,VALOR) values (to_date('23/10/14','DD/MM/RR'),'10',null,null,'43','1486','3');
Insert into DESCARGA (FECHA,USO_ID,VERSION_ID,VER_APL_ID,OTRO_ID,ITEM,VALOR) values (to_date('09/04/13','DD/MM/RR'),'12',null,null,'29','1487','5');
Insert into DESCARGA (FECHA,USO_ID,VERSION_ID,VER_APL_ID,OTRO_ID,ITEM,VALOR) values (to_date('25/10/14','DD/MM/RR'),'22',null,null,'15','1488','4');
Insert into DESCARGA (FECHA,USO_ID,VERSION_ID,VER_APL_ID,OTRO_ID,ITEM,VALOR) values (to_date('29/09/13','DD/MM/RR'),'7',null,null,'5','1489','3');
Insert into DESCARGA (FECHA,USO_ID,VERSION_ID,VER_APL_ID,OTRO_ID,ITEM,VALOR) values (to_date('02/05/13','DD/MM/RR'),'39',null,null,'27','1490','2');
Insert into DESCARGA (FECHA,USO_ID,VERSION_ID,VER_APL_ID,OTRO_ID,ITEM,VALOR) values (to_date('19/03/13','DD/MM/RR'),'22',null,null,'2','1491','5');
Insert into DESCARGA (FECHA,USO_ID,VERSION_ID,VER_APL_ID,OTRO_ID,ITEM,VALOR) values (to_date('07/09/12','DD/MM/RR'),'34',null,null,'17','1492','3');
Insert into DESCARGA (FECHA,USO_ID,VERSION_ID,VER_APL_ID,OTRO_ID,ITEM,VALOR) values (to_date('09/01/13','DD/MM/RR'),'7',null,null,'19','1493','4');
Insert into DESCARGA (FECHA,USO_ID,VERSION_ID,VER_APL_ID,OTRO_ID,ITEM,VALOR) values (to_date('26/07/12','DD/MM/RR'),'35',null,null,'38','1494','2');
Insert into DESCARGA (FECHA,USO_ID,VERSION_ID,VER_APL_ID,OTRO_ID,ITEM,VALOR) values (to_date('02/11/13','DD/MM/RR'),'3',null,null,'38','1495','5');
Insert into DESCARGA (FECHA,USO_ID,VERSION_ID,VER_APL_ID,OTRO_ID,ITEM,VALOR) values (to_date('13/12/14','DD/MM/RR'),'36',null,null,'19','1496','4');
Insert into DESCARGA (FECHA,USO_ID,VERSION_ID,VER_APL_ID,OTRO_ID,ITEM,VALOR) values (to_date('05/10/14','DD/MM/RR'),'12',null,null,'10','1497','3');
Insert into DESCARGA (FECHA,USO_ID,VERSION_ID,VER_APL_ID,OTRO_ID,ITEM,VALOR) values (to_date('27/02/13','DD/MM/RR'),'5',null,null,'5','1498','3');
Insert into DESCARGA (FECHA,USO_ID,VERSION_ID,VER_APL_ID,OTRO_ID,ITEM,VALOR) values (to_date('25/03/14','DD/MM/RR'),'28',null,null,'29','1499','2');
REM INSERTING into USUARIO
SET DEFINE OFF;
Insert into USUARIO (ID,NOMBRE,LOGIN,PAIS_ID) values ('1','Acevedo Mora Jesus Eduardo','V19925888','2');
Insert into USUARIO (ID,NOMBRE,LOGIN,PAIS_ID) values ('2','Alarcon Alarcon Javier Gerardo','V19777450','1');
Insert into USUARIO (ID,NOMBRE,LOGIN,PAIS_ID) values ('3','Alonso Riano Cheril Dayana','V16231792','2');
Insert into USUARIO (ID,NOMBRE,LOGIN,PAIS_ID) values ('4','Angel Caballero Marcos Jose','V20999054','2');
Insert into USUARIO (ID,NOMBRE,LOGIN,PAIS_ID) values ('5','Avendano Bustos, Carlos Manuel','V14707386','4');
Insert into USUARIO (ID,NOMBRE,LOGIN,PAIS_ID) values ('6','Bolivar Portilla Miguel Alejandro','V21001794','3');
Insert into USUARIO (ID,NOMBRE,LOGIN,PAIS_ID) values ('7','Cano Angulo Pedro Leandro','V20121412','5');
Insert into USUARIO (ID,NOMBRE,LOGIN,PAIS_ID) values ('8','Casanova Raul ','V18565767','1');
Insert into USUARIO (ID,NOMBRE,LOGIN,PAIS_ID) values ('9','Escalante Rodríguez Jesús David','V21220841','1');
Insert into USUARIO (ID,NOMBRE,LOGIN,PAIS_ID) values ('10','Fernández Díaz Leonardo José','V19236467','1');
Insert into USUARIO (ID,NOMBRE,LOGIN,PAIS_ID) values ('11','Goatache Gomez Gerson Gabriel','V21251014','3');
Insert into USUARIO (ID,NOMBRE,LOGIN,PAIS_ID) values ('12','Guerrero Herrera Saul Andres','V20122377','5');
Insert into USUARIO (ID,NOMBRE,LOGIN,PAIS_ID) values ('13','Henao López Andrea Estefanía','V21542221','4');
Insert into USUARIO (ID,NOMBRE,LOGIN,PAIS_ID) values ('14','Hernández Gonzàlez Kevin Josè','V21256207','2');
Insert into USUARIO (ID,NOMBRE,LOGIN,PAIS_ID) values ('15','Martinez Leon Jose Alexander','V19677707','3');
Insert into USUARIO (ID,NOMBRE,LOGIN,PAIS_ID) values ('16','Mendez Abreu Neiro Alejandro','V18814160','5');
Insert into USUARIO (ID,NOMBRE,LOGIN,PAIS_ID) values ('17','Mendoza Hernandez Leonard Jose','V20060359','3');
Insert into USUARIO (ID,NOMBRE,LOGIN,PAIS_ID) values ('18','Mora Hurtado Nauddy Julie','V20608800','1');
Insert into USUARIO (ID,NOMBRE,LOGIN,PAIS_ID) values ('19','Moreno Perez Hector Jose','V19612209','5');
Insert into USUARIO (ID,NOMBRE,LOGIN,PAIS_ID) values ('20','Ocampo Sandoval Carlos Alberto','V20424990','5');
Insert into USUARIO (ID,NOMBRE,LOGIN,PAIS_ID) values ('21','Ortega Briceño David Alberto','V19806925','5');
Insert into USUARIO (ID,NOMBRE,LOGIN,PAIS_ID) values ('22','Osorio Farias, Diana Carolina','V16960939','3');
Insert into USUARIO (ID,NOMBRE,LOGIN,PAIS_ID) values ('23','Perez Ramirez Daniel Alejandro','V20123240','1');
Insert into USUARIO (ID,NOMBRE,LOGIN,PAIS_ID) values ('24','Quintero Daza Maifel Adriana','V24780911','5');
Insert into USUARIO (ID,NOMBRE,LOGIN,PAIS_ID) values ('25','Quintero Laguado Engels Jose','V23542240','1');
Insert into USUARIO (ID,NOMBRE,LOGIN,PAIS_ID) values ('26','Ramirez, Luis Eloy','V13821287','2');
Insert into USUARIO (ID,NOMBRE,LOGIN,PAIS_ID) values ('27','Ramirez Cardenas Adriana Coromoto','V21418945','4');
Insert into USUARIO (ID,NOMBRE,LOGIN,PAIS_ID) values ('28','Ramírez Zambrano Roberto Carlos','V17323460','3');
Insert into USUARIO (ID,NOMBRE,LOGIN,PAIS_ID) values ('29','Rios Fortul Pedro Ramon','V17875788','1');
Insert into USUARIO (ID,NOMBRE,LOGIN,PAIS_ID) values ('30','Roa Perez Daniel Antonio','V19026717','1');
Insert into USUARIO (ID,NOMBRE,LOGIN,PAIS_ID) values ('31','Salas Salcedo Estefany Carolina','V24820631','3');
Insert into USUARIO (ID,NOMBRE,LOGIN,PAIS_ID) values ('32','Suarez Jaimes Gilberto Jose','V19134298','5');
Insert into USUARIO (ID,NOMBRE,LOGIN,PAIS_ID) values ('33','Urbina Juan ','V17931845','4');
Insert into USUARIO (ID,NOMBRE,LOGIN,PAIS_ID) values ('34','Valencia Ramos Eddy Fernando','V21417201','1');
Insert into USUARIO (ID,NOMBRE,LOGIN,PAIS_ID) values ('35','Varela Escalante Betty Marioly','V20426062','2');
Insert into USUARIO (ID,NOMBRE,LOGIN,PAIS_ID) values ('36','Velasco Moncada Luis Eusebio','V17107815','4');
Insert into USUARIO (ID,NOMBRE,LOGIN,PAIS_ID) values ('37','Vivas Cárdenas Yorber Eduardo','V20607304','3');
Insert into USUARIO (ID,NOMBRE,LOGIN,PAIS_ID) values ('38','Zambrano Pinto Oscar Gabriel','V21416442','1');
Insert into USUARIO (ID,NOMBRE,LOGIN,PAIS_ID) values ('39','Zambrano R, Daniel A','V18880442','1');
REM INSERTING into APLICACION
SET DEFINE OFF;
Insert into APLICACION (ID,NOMBRE,COSTO,FBE_ID) values ('1','Candy Crush','13','8');
Insert into APLICACION (ID,NOMBRE,COSTO,FBE_ID) values ('2','Faceebook','11','5');
Insert into APLICACION (ID,NOMBRE,COSTO,FBE_ID) values ('3','Instagram ','0','5');
Insert into APLICACION (ID,NOMBRE,COSTO,FBE_ID) values ('4','WhatsApp Messenger','3','1');
Insert into APLICACION (ID,NOMBRE,COSTO,FBE_ID) values ('5','Messenger','2','9');
Insert into APLICACION (ID,NOMBRE,COSTO,FBE_ID) values ('6','U Speed Booster ','6','4');
Insert into APLICACION (ID,NOMBRE,COSTO,FBE_ID) values ('7','Twitter, Inc.','0','11');
Insert into APLICACION (ID,NOMBRE,COSTO,FBE_ID) values ('8','Minecraft','3','6');
Insert into APLICACION (ID,NOMBRE,COSTO,FBE_ID) values ('9','clash of clan','11','7');
Insert into APLICACION (ID,NOMBRE,COSTO,FBE_ID) values ('10','Polaris Office','10','2');
Insert into APLICACION (ID,NOMBRE,COSTO,FBE_ID) values ('11',' Avast','12','9');
Insert into APLICACION (ID,NOMBRE,COSTO,FBE_ID) values ('12','QR Droid:','9','8');
Insert into APLICACION (ID,NOMBRE,COSTO,FBE_ID) values ('13',' Skype','9','6');
Insert into APLICACION (ID,NOMBRE,COSTO,FBE_ID) values ('14',' Google Maps','1','4');
Insert into APLICACION (ID,NOMBRE,COSTO,FBE_ID) values ('15','Any.DO:','6','1');
Insert into APLICACION (ID,NOMBRE,COSTO,FBE_ID) values ('16','Flipboard','3','6');
Insert into APLICACION (ID,NOMBRE,COSTO,FBE_ID) values ('17','Kobo','15','4');
Insert into APLICACION (ID,NOMBRE,COSTO,FBE_ID) values ('18','BBM','7','10');
Insert into APLICACION (ID,NOMBRE,COSTO,FBE_ID) values ('19','Amazon','2','8');
Insert into APLICACION (ID,NOMBRE,COSTO,FBE_ID) values ('20','Clean Master','6','1');
Insert into APLICACION (ID,NOMBRE,COSTO,FBE_ID) values ('21','Chorme','3','5');
Insert into APLICACION (ID,NOMBRE,COSTO,FBE_ID) values ('22','Preguntados','18','1');
Insert into APLICACION (ID,NOMBRE,COSTO,FBE_ID) values ('23','Photogrid','6','8');
Insert into APLICACION (ID,NOMBRE,COSTO,FBE_ID) values ('24','Flpagram','3','9');
Insert into APLICACION (ID,NOMBRE,COSTO,FBE_ID) values ('25','Mercantil Movil','15','9');
Insert into APLICACION (ID,NOMBRE,COSTO,FBE_ID) values ('26','2048','6','11');
Insert into APLICACION (ID,NOMBRE,COSTO,FBE_ID) values ('27','Snapchat','14','3');
Insert into APLICACION (ID,NOMBRE,COSTO,FBE_ID) values ('28','Gmail','11','3');
Insert into APLICACION (ID,NOMBRE,COSTO,FBE_ID) values ('29','Telegram','18','7');
Insert into APLICACION (ID,NOMBRE,COSTO,FBE_ID) values ('30','ChessCube','20','9');
REM INSERTING into PAIS
SET DEFINE OFF;
Insert into PAIS (ID,NOMBRE) values ('1','USA');
Insert into PAIS (ID,NOMBRE) values ('2','CANADA');
Insert into PAIS (ID,NOMBRE) values ('3','JAPON');
Insert into PAIS (ID,NOMBRE) values ('4','ESPAÑA');
Insert into PAIS (ID,NOMBRE) values ('5','VENEZUELA');
REM INSERTING into VERSION
SET DEFINE OFF;
Insert into VERSION (ID,NUMERO_VERSION,APLICACION_ID) values ('1','1.1','1');
Insert into VERSION (ID,NUMERO_VERSION,APLICACION_ID) values ('2','1.2','1');
Insert into VERSION (ID,NUMERO_VERSION,APLICACION_ID) values ('3','2.1','1');
Insert into VERSION (ID,NUMERO_VERSION,APLICACION_ID) values ('4','1.1','2');
Insert into VERSION (ID,NUMERO_VERSION,APLICACION_ID) values ('5','1.2','2');
Insert into VERSION (ID,NUMERO_VERSION,APLICACION_ID) values ('6','1.3','2');
Insert into VERSION (ID,NUMERO_VERSION,APLICACION_ID) values ('7','1.4','2');
Insert into VERSION (ID,NUMERO_VERSION,APLICACION_ID) values ('8','1.5','2');
Insert into VERSION (ID,NUMERO_VERSION,APLICACION_ID) values ('9','2.1','2');
Insert into VERSION (ID,NUMERO_VERSION,APLICACION_ID) values ('10','3.1','2');
Insert into VERSION (ID,NUMERO_VERSION,APLICACION_ID) values ('11','3.2','2');
Insert into VERSION (ID,NUMERO_VERSION,APLICACION_ID) values ('12','3.3','2');
Insert into VERSION (ID,NUMERO_VERSION,APLICACION_ID) values ('13','3.4','2');
Insert into VERSION (ID,NUMERO_VERSION,APLICACION_ID) values ('14','4.1','2');
Insert into VERSION (ID,NUMERO_VERSION,APLICACION_ID) values ('15','4.2','2');
Insert into VERSION (ID,NUMERO_VERSION,APLICACION_ID) values ('16','4.3','2');
Insert into VERSION (ID,NUMERO_VERSION,APLICACION_ID) values ('17','1.1','3');
Insert into VERSION (ID,NUMERO_VERSION,APLICACION_ID) values ('18','1.2','3');
Insert into VERSION (ID,NUMERO_VERSION,APLICACION_ID) values ('19','1.3','3');
Insert into VERSION (ID,NUMERO_VERSION,APLICACION_ID) values ('20','2.1','3');
Insert into VERSION (ID,NUMERO_VERSION,APLICACION_ID) values ('21','1.1','4');
Insert into VERSION (ID,NUMERO_VERSION,APLICACION_ID) values ('22','1.2','4');
Insert into VERSION (ID,NUMERO_VERSION,APLICACION_ID) values ('23','2.1','4');
Insert into VERSION (ID,NUMERO_VERSION,APLICACION_ID) values ('24','3.1','4');
Insert into VERSION (ID,NUMERO_VERSION,APLICACION_ID) values ('25','3.2','4');
Insert into VERSION (ID,NUMERO_VERSION,APLICACION_ID) values ('26','4.1','4');
Insert into VERSION (ID,NUMERO_VERSION,APLICACION_ID) values ('27','4.2','4');
Insert into VERSION (ID,NUMERO_VERSION,APLICACION_ID) values ('28','1.1','5');
Insert into VERSION (ID,NUMERO_VERSION,APLICACION_ID) values ('29','1.2','5');
Insert into VERSION (ID,NUMERO_VERSION,APLICACION_ID) values ('30','1.3','5');
Insert into VERSION (ID,NUMERO_VERSION,APLICACION_ID) values ('31','1.4','5');
Insert into VERSION (ID,NUMERO_VERSION,APLICACION_ID) values ('32','2.1','5');
Insert into VERSION (ID,NUMERO_VERSION,APLICACION_ID) values ('33','3.1','5');
Insert into VERSION (ID,NUMERO_VERSION,APLICACION_ID) values ('34','3.2','5');
Insert into VERSION (ID,NUMERO_VERSION,APLICACION_ID) values ('35','4.1','5');
Insert into VERSION (ID,NUMERO_VERSION,APLICACION_ID) values ('36','4.2','5');
Insert into VERSION (ID,NUMERO_VERSION,APLICACION_ID) values ('37','4.3','5');
Insert into VERSION (ID,NUMERO_VERSION,APLICACION_ID) values ('38','4.4','5');
Insert into VERSION (ID,NUMERO_VERSION,APLICACION_ID) values ('39','1.1','6');
Insert into VERSION (ID,NUMERO_VERSION,APLICACION_ID) values ('40','1.2','6');
Insert into VERSION (ID,NUMERO_VERSION,APLICACION_ID) values ('41','1.3','6');
Insert into VERSION (ID,NUMERO_VERSION,APLICACION_ID) values ('42','1.4','6');
Insert into VERSION (ID,NUMERO_VERSION,APLICACION_ID) values ('43','1.1','7');
Insert into VERSION (ID,NUMERO_VERSION,APLICACION_ID) values ('44','2.1','7');
Insert into VERSION (ID,NUMERO_VERSION,APLICACION_ID) values ('45','2.2','7');
Insert into VERSION (ID,NUMERO_VERSION,APLICACION_ID) values ('46','2.3','7');
Insert into VERSION (ID,NUMERO_VERSION,APLICACION_ID) values ('47','3.1','7');
Insert into VERSION (ID,NUMERO_VERSION,APLICACION_ID) values ('48','3.2','7');
Insert into VERSION (ID,NUMERO_VERSION,APLICACION_ID) values ('49','4.1','7');
Insert into VERSION (ID,NUMERO_VERSION,APLICACION_ID) values ('50','4.2','7');
Insert into VERSION (ID,NUMERO_VERSION,APLICACION_ID) values ('51','4.3','7');
Insert into VERSION (ID,NUMERO_VERSION,APLICACION_ID) values ('52','4.4','7');
Insert into VERSION (ID,NUMERO_VERSION,APLICACION_ID) values ('53','1.1','8');
Insert into VERSION (ID,NUMERO_VERSION,APLICACION_ID) values ('54','2.1','8');
Insert into VERSION (ID,NUMERO_VERSION,APLICACION_ID) values ('55','2.2','8');
Insert into VERSION (ID,NUMERO_VERSION,APLICACION_ID) values ('56','2.3','8');
Insert into VERSION (ID,NUMERO_VERSION,APLICACION_ID) values ('57','2.4','8');
Insert into VERSION (ID,NUMERO_VERSION,APLICACION_ID) values ('58','2.5','8');
Insert into VERSION (ID,NUMERO_VERSION,APLICACION_ID) values ('59','3.1','8');
Insert into VERSION (ID,NUMERO_VERSION,APLICACION_ID) values ('60','3.2','8');
Insert into VERSION (ID,NUMERO_VERSION,APLICACION_ID) values ('61','3.3','8');
Insert into VERSION (ID,NUMERO_VERSION,APLICACION_ID) values ('62','3.4','8');
Insert into VERSION (ID,NUMERO_VERSION,APLICACION_ID) values ('63','1.1','9');
Insert into VERSION (ID,NUMERO_VERSION,APLICACION_ID) values ('64','1.2','9');
Insert into VERSION (ID,NUMERO_VERSION,APLICACION_ID) values ('65','2.1','9');
Insert into VERSION (ID,NUMERO_VERSION,APLICACION_ID) values ('66','2.2','9');
Insert into VERSION (ID,NUMERO_VERSION,APLICACION_ID) values ('67','2.3','9');
Insert into VERSION (ID,NUMERO_VERSION,APLICACION_ID) values ('68','2.4','9');
Insert into VERSION (ID,NUMERO_VERSION,APLICACION_ID) values ('69','2.1','10');
Insert into VERSION (ID,NUMERO_VERSION,APLICACION_ID) values ('70','3.1','10');
Insert into VERSION (ID,NUMERO_VERSION,APLICACION_ID) values ('71','3.2','10');
Insert into VERSION (ID,NUMERO_VERSION,APLICACION_ID) values ('72','3.3','10');
Insert into VERSION (ID,NUMERO_VERSION,APLICACION_ID) values ('73','3.4','10');
Insert into VERSION (ID,NUMERO_VERSION,APLICACION_ID) values ('74','3.5','10');
Insert into VERSION (ID,NUMERO_VERSION,APLICACION_ID) values ('75','2.1','11');
Insert into VERSION (ID,NUMERO_VERSION,APLICACION_ID) values ('76','2.2','11');
Insert into VERSION (ID,NUMERO_VERSION,APLICACION_ID) values ('77','2.3','11');
Insert into VERSION (ID,NUMERO_VERSION,APLICACION_ID) values ('78','2.4','11');
Insert into VERSION (ID,NUMERO_VERSION,APLICACION_ID) values ('79','2.5','11');
Insert into VERSION (ID,NUMERO_VERSION,APLICACION_ID) values ('80','4.1','11');
Insert into VERSION (ID,NUMERO_VERSION,APLICACION_ID) values ('81','4.2','11');
Insert into VERSION (ID,NUMERO_VERSION,APLICACION_ID) values ('82','4.3','11');
Insert into VERSION (ID,NUMERO_VERSION,APLICACION_ID) values ('83','1.1','12');
Insert into VERSION (ID,NUMERO_VERSION,APLICACION_ID) values ('84','1.2','12');
Insert into VERSION (ID,NUMERO_VERSION,APLICACION_ID) values ('85','1.3','12');
Insert into VERSION (ID,NUMERO_VERSION,APLICACION_ID) values ('86','1.4','12');
Insert into VERSION (ID,NUMERO_VERSION,APLICACION_ID) values ('87','1.1','13');
Insert into VERSION (ID,NUMERO_VERSION,APLICACION_ID) values ('88','1.2','13');
Insert into VERSION (ID,NUMERO_VERSION,APLICACION_ID) values ('89','1.3','13');
Insert into VERSION (ID,NUMERO_VERSION,APLICACION_ID) values ('90','2.1','13');
Insert into VERSION (ID,NUMERO_VERSION,APLICACION_ID) values ('91','2.2','13');
Insert into VERSION (ID,NUMERO_VERSION,APLICACION_ID) values ('92','2.3','13');
Insert into VERSION (ID,NUMERO_VERSION,APLICACION_ID) values ('93','3.1','13');
Insert into VERSION (ID,NUMERO_VERSION,APLICACION_ID) values ('94','3.2','13');
Insert into VERSION (ID,NUMERO_VERSION,APLICACION_ID) values ('95','3.3','13');
Insert into VERSION (ID,NUMERO_VERSION,APLICACION_ID) values ('96','3.4','13');
Insert into VERSION (ID,NUMERO_VERSION,APLICACION_ID) values ('97','2.1','14');
Insert into VERSION (ID,NUMERO_VERSION,APLICACION_ID) values ('98','2.2','14');
Insert into VERSION (ID,NUMERO_VERSION,APLICACION_ID) values ('99','3.1','14');
Insert into VERSION (ID,NUMERO_VERSION,APLICACION_ID) values ('100','1.1','15');
Insert into VERSION (ID,NUMERO_VERSION,APLICACION_ID) values ('101','1.2','15');
Insert into VERSION (ID,NUMERO_VERSION,APLICACION_ID) values ('102','1.3','15');
Insert into VERSION (ID,NUMERO_VERSION,APLICACION_ID) values ('103','1.4','15');
Insert into VERSION (ID,NUMERO_VERSION,APLICACION_ID) values ('104','2.1','15');
Insert into VERSION (ID,NUMERO_VERSION,APLICACION_ID) values ('105','3.1','15');
Insert into VERSION (ID,NUMERO_VERSION,APLICACION_ID) values ('106','3.2','15');
Insert into VERSION (ID,NUMERO_VERSION,APLICACION_ID) values ('107','3.3','15');
Insert into VERSION (ID,NUMERO_VERSION,APLICACION_ID) values ('108','3.4','15');
Insert into VERSION (ID,NUMERO_VERSION,APLICACION_ID) values ('109','2.1','16');
Insert into VERSION (ID,NUMERO_VERSION,APLICACION_ID) values ('110','2.2','16');
Insert into VERSION (ID,NUMERO_VERSION,APLICACION_ID) values ('111','3.1','16');
Insert into VERSION (ID,NUMERO_VERSION,APLICACION_ID) values ('112','3.2','16');
Insert into VERSION (ID,NUMERO_VERSION,APLICACION_ID) values ('113','4.1','16');
Insert into VERSION (ID,NUMERO_VERSION,APLICACION_ID) values ('114','1.1','17');
Insert into VERSION (ID,NUMERO_VERSION,APLICACION_ID) values ('115','1.2','17');
Insert into VERSION (ID,NUMERO_VERSION,APLICACION_ID) values ('116','1.3','17');
Insert into VERSION (ID,NUMERO_VERSION,APLICACION_ID) values ('117','1.4','17');
Insert into VERSION (ID,NUMERO_VERSION,APLICACION_ID) values ('118','2.1','17');
Insert into VERSION (ID,NUMERO_VERSION,APLICACION_ID) values ('119','2.2','17');
Insert into VERSION (ID,NUMERO_VERSION,APLICACION_ID) values ('120','3.1','17');
Insert into VERSION (ID,NUMERO_VERSION,APLICACION_ID) values ('121','3.2','17');
Insert into VERSION (ID,NUMERO_VERSION,APLICACION_ID) values ('122','3.3','17');
Insert into VERSION (ID,NUMERO_VERSION,APLICACION_ID) values ('123','3.4','17');
Insert into VERSION (ID,NUMERO_VERSION,APLICACION_ID) values ('124','3.5','17');
Insert into VERSION (ID,NUMERO_VERSION,APLICACION_ID) values ('125','1.1','18');
Insert into VERSION (ID,NUMERO_VERSION,APLICACION_ID) values ('126','1.2','18');
Insert into VERSION (ID,NUMERO_VERSION,APLICACION_ID) values ('127','1.3','18');
Insert into VERSION (ID,NUMERO_VERSION,APLICACION_ID) values ('128','1.4','18');
Insert into VERSION (ID,NUMERO_VERSION,APLICACION_ID) values ('129','2.1','18');
Insert into VERSION (ID,NUMERO_VERSION,APLICACION_ID) values ('130','2.2','18');
Insert into VERSION (ID,NUMERO_VERSION,APLICACION_ID) values ('131','2.3','18');
Insert into VERSION (ID,NUMERO_VERSION,APLICACION_ID) values ('132','2.4','18');
Insert into VERSION (ID,NUMERO_VERSION,APLICACION_ID) values ('133','2.5','18');
Insert into VERSION (ID,NUMERO_VERSION,APLICACION_ID) values ('134','3.1','18');
Insert into VERSION (ID,NUMERO_VERSION,APLICACION_ID) values ('135','3.2','18');
Insert into VERSION (ID,NUMERO_VERSION,APLICACION_ID) values ('136','3.3','18');
Insert into VERSION (ID,NUMERO_VERSION,APLICACION_ID) values ('137','3.4','18');
Insert into VERSION (ID,NUMERO_VERSION,APLICACION_ID) values ('138','1.1','19');
Insert into VERSION (ID,NUMERO_VERSION,APLICACION_ID) values ('139','1.2','19');
Insert into VERSION (ID,NUMERO_VERSION,APLICACION_ID) values ('140','2.1','19');
Insert into VERSION (ID,NUMERO_VERSION,APLICACION_ID) values ('141','2.2','19');
Insert into VERSION (ID,NUMERO_VERSION,APLICACION_ID) values ('142','2.3','19');
Insert into VERSION (ID,NUMERO_VERSION,APLICACION_ID) values ('143','2.4','19');
Insert into VERSION (ID,NUMERO_VERSION,APLICACION_ID) values ('144','1.1','20');
Insert into VERSION (ID,NUMERO_VERSION,APLICACION_ID) values ('145','1.2','20');
Insert into VERSION (ID,NUMERO_VERSION,APLICACION_ID) values ('146','1.3','20');
Insert into VERSION (ID,NUMERO_VERSION,APLICACION_ID) values ('147','1.4','20');
Insert into VERSION (ID,NUMERO_VERSION,APLICACION_ID) values ('148','1.1','21');
Insert into VERSION (ID,NUMERO_VERSION,APLICACION_ID) values ('149','1.2','21');
Insert into VERSION (ID,NUMERO_VERSION,APLICACION_ID) values ('150','2.1','21');
Insert into VERSION (ID,NUMERO_VERSION,APLICACION_ID) values ('151','2.2','21');
Insert into VERSION (ID,NUMERO_VERSION,APLICACION_ID) values ('152','2.3','21');
Insert into VERSION (ID,NUMERO_VERSION,APLICACION_ID) values ('153','2.4','21');
Insert into VERSION (ID,NUMERO_VERSION,APLICACION_ID) values ('154','3.1','21');
Insert into VERSION (ID,NUMERO_VERSION,APLICACION_ID) values ('155','4.1','21');
Insert into VERSION (ID,NUMERO_VERSION,APLICACION_ID) values ('156','1.1','22');
Insert into VERSION (ID,NUMERO_VERSION,APLICACION_ID) values ('157','1.2','22');
Insert into VERSION (ID,NUMERO_VERSION,APLICACION_ID) values ('158','1.3','22');
Insert into VERSION (ID,NUMERO_VERSION,APLICACION_ID) values ('159','1.4','22');
Insert into VERSION (ID,NUMERO_VERSION,APLICACION_ID) values ('160','2.1','22');
Insert into VERSION (ID,NUMERO_VERSION,APLICACION_ID) values ('161','2.2','22');
Insert into VERSION (ID,NUMERO_VERSION,APLICACION_ID) values ('162','2.3','22');
Insert into VERSION (ID,NUMERO_VERSION,APLICACION_ID) values ('163','1.1','23');
Insert into VERSION (ID,NUMERO_VERSION,APLICACION_ID) values ('164','1.2','23');
Insert into VERSION (ID,NUMERO_VERSION,APLICACION_ID) values ('165','1.1','24');
Insert into VERSION (ID,NUMERO_VERSION,APLICACION_ID) values ('166','1.2','24');
Insert into VERSION (ID,NUMERO_VERSION,APLICACION_ID) values ('167','1.3','24');
Insert into VERSION (ID,NUMERO_VERSION,APLICACION_ID) values ('168','2.1','24');
Insert into VERSION (ID,NUMERO_VERSION,APLICACION_ID) values ('169','2.2','24');
Insert into VERSION (ID,NUMERO_VERSION,APLICACION_ID) values ('170','2.3','24');
Insert into VERSION (ID,NUMERO_VERSION,APLICACION_ID) values ('171','2.4','24');
Insert into VERSION (ID,NUMERO_VERSION,APLICACION_ID) values ('172','1.1','25');
Insert into VERSION (ID,NUMERO_VERSION,APLICACION_ID) values ('173','1.2','25');
Insert into VERSION (ID,NUMERO_VERSION,APLICACION_ID) values ('174','1.3','25');
Insert into VERSION (ID,NUMERO_VERSION,APLICACION_ID) values ('175','1.4','25');
Insert into VERSION (ID,NUMERO_VERSION,APLICACION_ID) values ('176','2.1','25');
Insert into VERSION (ID,NUMERO_VERSION,APLICACION_ID) values ('177','2.2','25');
Insert into VERSION (ID,NUMERO_VERSION,APLICACION_ID) values ('178','2.3','25');
Insert into VERSION (ID,NUMERO_VERSION,APLICACION_ID) values ('179','3.1','25');
Insert into VERSION (ID,NUMERO_VERSION,APLICACION_ID) values ('180','3.2','25');
Insert into VERSION (ID,NUMERO_VERSION,APLICACION_ID) values ('181','3.3','25');
Insert into VERSION (ID,NUMERO_VERSION,APLICACION_ID) values ('182','4.1','25');
Insert into VERSION (ID,NUMERO_VERSION,APLICACION_ID) values ('183','1.1','26');
Insert into VERSION (ID,NUMERO_VERSION,APLICACION_ID) values ('184','1.2','26');
Insert into VERSION (ID,NUMERO_VERSION,APLICACION_ID) values ('185','1.3','26');
Insert into VERSION (ID,NUMERO_VERSION,APLICACION_ID) values ('186','1.4','26');
Insert into VERSION (ID,NUMERO_VERSION,APLICACION_ID) values ('187','1.5','26');
Insert into VERSION (ID,NUMERO_VERSION,APLICACION_ID) values ('188','2.1','26');
Insert into VERSION (ID,NUMERO_VERSION,APLICACION_ID) values ('189','2.2','26');
Insert into VERSION (ID,NUMERO_VERSION,APLICACION_ID) values ('190','1.1','27');
Insert into VERSION (ID,NUMERO_VERSION,APLICACION_ID) values ('191','1.2','27');
Insert into VERSION (ID,NUMERO_VERSION,APLICACION_ID) values ('192','1.3','27');
Insert into VERSION (ID,NUMERO_VERSION,APLICACION_ID) values ('193','1.4','27');
Insert into VERSION (ID,NUMERO_VERSION,APLICACION_ID) values ('194','1.1','28');
Insert into VERSION (ID,NUMERO_VERSION,APLICACION_ID) values ('195','1.2','28');
Insert into VERSION (ID,NUMERO_VERSION,APLICACION_ID) values ('196','2.1','28');
Insert into VERSION (ID,NUMERO_VERSION,APLICACION_ID) values ('197','2.2','28');
Insert into VERSION (ID,NUMERO_VERSION,APLICACION_ID) values ('198','2.3','28');
Insert into VERSION (ID,NUMERO_VERSION,APLICACION_ID) values ('199','2.4','28');
Insert into VERSION (ID,NUMERO_VERSION,APLICACION_ID) values ('200','3.1','28');
Insert into VERSION (ID,NUMERO_VERSION,APLICACION_ID) values ('201','3.2','28');
Insert into VERSION (ID,NUMERO_VERSION,APLICACION_ID) values ('202','3.3','28');
Insert into VERSION (ID,NUMERO_VERSION,APLICACION_ID) values ('203','3.4','28');
Insert into VERSION (ID,NUMERO_VERSION,APLICACION_ID) values ('204','3.5','28');
Insert into VERSION (ID,NUMERO_VERSION,APLICACION_ID) values ('205','1.1','29');
Insert into VERSION (ID,NUMERO_VERSION,APLICACION_ID) values ('206','1.2','29');
Insert into VERSION (ID,NUMERO_VERSION,APLICACION_ID) values ('207','1.3','29');
Insert into VERSION (ID,NUMERO_VERSION,APLICACION_ID) values ('208','2.1','29');
Insert into VERSION (ID,NUMERO_VERSION,APLICACION_ID) values ('209','2.2','29');
Insert into VERSION (ID,NUMERO_VERSION,APLICACION_ID) values ('210','2.3','29');
Insert into VERSION (ID,NUMERO_VERSION,APLICACION_ID) values ('211','2.4','29');
Insert into VERSION (ID,NUMERO_VERSION,APLICACION_ID) values ('212','2.5','29');
Insert into VERSION (ID,NUMERO_VERSION,APLICACION_ID) values ('213','3.1','29');
Insert into VERSION (ID,NUMERO_VERSION,APLICACION_ID) values ('214','1.1','30');
Insert into VERSION (ID,NUMERO_VERSION,APLICACION_ID) values ('215','1.2','30');
Insert into VERSION (ID,NUMERO_VERSION,APLICACION_ID) values ('216','3.1','30');
Insert into VERSION (ID,NUMERO_VERSION,APLICACION_ID) values ('217','3.2','30');
--------------------------------------------------------
--  DDL for Index FBE_PK
--------------------------------------------------------

  CREATE UNIQUE INDEX "FBE_PK" ON "FABRICANTE" ("ID") ;
--------------------------------------------------------
--  DDL for Index OTRO_PK
--------------------------------------------------------

  CREATE UNIQUE INDEX "OTRO_PK" ON "OTRO" ("ID") ;
--------------------------------------------------------
--  DDL for Index DESCARGA_PK
--------------------------------------------------------

  CREATE UNIQUE INDEX "DESCARGA_PK" ON "DESCARGA" ("USO_ID", "ITEM") ;
--------------------------------------------------------
--  DDL for Index USO_PK
--------------------------------------------------------

  CREATE UNIQUE INDEX "USO_PK" ON "USUARIO" ("ID") ;
--------------------------------------------------------
--  DDL for Index APLICACION_PK
--------------------------------------------------------

  CREATE UNIQUE INDEX "APLICACION_PK" ON "APLICACION" ("ID") ;
--------------------------------------------------------
--  DDL for Index PAIS_PK
--------------------------------------------------------

  CREATE UNIQUE INDEX "PAIS_PK" ON "PAIS" ("ID") ;
--------------------------------------------------------
--  DDL for Index VERSION_PK
--------------------------------------------------------

  CREATE UNIQUE INDEX "VERSION_PK" ON "VERSION" ("ID", "APLICACION_ID") ;
--------------------------------------------------------
--  Constraints for Table FABRICANTE
--------------------------------------------------------

  ALTER TABLE "FABRICANTE" ADD CONSTRAINT "FBE_PK" PRIMARY KEY ("ID") ENABLE;
  ALTER TABLE "FABRICANTE" MODIFY ("PAIS_ID" NOT NULL ENABLE);
  ALTER TABLE "FABRICANTE" MODIFY ("ID" NOT NULL ENABLE);
--------------------------------------------------------
--  Constraints for Table OTRO
--------------------------------------------------------

  ALTER TABLE "OTRO" ADD CONSTRAINT "OTRO_PK" PRIMARY KEY ("ID") ENABLE;
  ALTER TABLE "OTRO" MODIFY ("TIPO" NOT NULL ENABLE);
  ALTER TABLE "OTRO" MODIFY ("NOMBRE" NOT NULL ENABLE);
  ALTER TABLE "OTRO" MODIFY ("ID" NOT NULL ENABLE);
--------------------------------------------------------
--  Constraints for Table DESCARGA
--------------------------------------------------------

  ALTER TABLE "DESCARGA" ADD CONSTRAINT "DESCARGA_PK" PRIMARY KEY ("USO_ID", "ITEM") ENABLE;
  ALTER TABLE "DESCARGA" ADD CONSTRAINT "FKARC_1" CHECK ( ( (VERSION_ID IS NOT NULL) AND (VER_APL_ID IS NOT NULL) AND (OTRO_ID IS NULL) ) OR ( (OTRO_ID IS NOT NULL) AND (VERSION_ID IS NULL) AND (VER_APL_ID IS NULL) ) ) ENABLE;
  ALTER TABLE "DESCARGA" MODIFY ("ITEM" NOT NULL ENABLE);
  ALTER TABLE "DESCARGA" MODIFY ("USO_ID" NOT NULL ENABLE);
  ALTER TABLE "DESCARGA" MODIFY ("FECHA" NOT NULL ENABLE);
--------------------------------------------------------
--  Constraints for Table USUARIO
--------------------------------------------------------

  ALTER TABLE "USUARIO" ADD CONSTRAINT "USO_PK" PRIMARY KEY ("ID") ENABLE;
  ALTER TABLE "USUARIO" MODIFY ("PAIS_ID" NOT NULL ENABLE);
  ALTER TABLE "USUARIO" MODIFY ("LOGIN" NOT NULL ENABLE);
  ALTER TABLE "USUARIO" MODIFY ("NOMBRE" NOT NULL ENABLE);
  ALTER TABLE "USUARIO" MODIFY ("ID" NOT NULL ENABLE);
--------------------------------------------------------
--  Constraints for Table APLICACION
--------------------------------------------------------

  ALTER TABLE "APLICACION" ADD CONSTRAINT "APLICACION_PK" PRIMARY KEY ("ID") ENABLE;
  ALTER TABLE "APLICACION" MODIFY ("FBE_ID" NOT NULL ENABLE);
  ALTER TABLE "APLICACION" MODIFY ("COSTO" NOT NULL ENABLE);
  ALTER TABLE "APLICACION" MODIFY ("NOMBRE" NOT NULL ENABLE);
  ALTER TABLE "APLICACION" MODIFY ("ID" NOT NULL ENABLE);
--------------------------------------------------------
--  Constraints for Table PAIS
--------------------------------------------------------

  ALTER TABLE "PAIS" ADD CONSTRAINT "PAIS_PK" PRIMARY KEY ("ID") ENABLE;
  ALTER TABLE "PAIS" MODIFY ("NOMBRE" NOT NULL ENABLE);
  ALTER TABLE "PAIS" MODIFY ("ID" NOT NULL ENABLE);
--------------------------------------------------------
--  Constraints for Table VERSION
--------------------------------------------------------

  ALTER TABLE "VERSION" ADD CONSTRAINT "VERSION_PK" PRIMARY KEY ("ID", "APLICACION_ID") ENABLE;
  ALTER TABLE "VERSION" MODIFY ("APLICACION_ID" NOT NULL ENABLE);
  ALTER TABLE "VERSION" MODIFY ("NUMERO_VERSION" NOT NULL ENABLE);
  ALTER TABLE "VERSION" MODIFY ("ID" NOT NULL ENABLE);
--------------------------------------------------------
--  Ref Constraints for Table FABRICANTE
--------------------------------------------------------

  ALTER TABLE "FABRICANTE" ADD CONSTRAINT "FBE_PAIS_FK" FOREIGN KEY ("PAIS_ID") REFERENCES "PAIS" ("ID") ENABLE;
--------------------------------------------------------
--  Ref Constraints for Table DESCARGA
--------------------------------------------------------

  ALTER TABLE "DESCARGA" ADD CONSTRAINT "DESCARGA_OTRO_FK" FOREIGN KEY ("OTRO_ID") REFERENCES "OTRO" ("ID") ENABLE;
  ALTER TABLE "DESCARGA" ADD CONSTRAINT "DESCARGA_USO_FK" FOREIGN KEY ("USO_ID") REFERENCES "USUARIO" ("ID") ENABLE;
  ALTER TABLE "DESCARGA" ADD CONSTRAINT "DESCARGA_VERSION_FK" FOREIGN KEY ("VERSION_ID", "VER_APL_ID") REFERENCES "VERSION" ("ID", "APLICACION_ID") ENABLE;
--------------------------------------------------------
--  Ref Constraints for Table USUARIO
--------------------------------------------------------

  ALTER TABLE "USUARIO" ADD CONSTRAINT "USO_PAIS_FK" FOREIGN KEY ("PAIS_ID") REFERENCES "PAIS" ("ID") ENABLE;
--------------------------------------------------------
--  Ref Constraints for Table APLICACION
--------------------------------------------------------

  ALTER TABLE "APLICACION" ADD CONSTRAINT "APLICACION_FBE_FK" FOREIGN KEY ("FBE_ID") REFERENCES "FABRICANTE" ("ID") ENABLE;
--------------------------------------------------------
--  Ref Constraints for Table VERSION
--------------------------------------------------------

  ALTER TABLE "VERSION" ADD CONSTRAINT "VERSION_APLICACION_FK" FOREIGN KEY ("APLICACION_ID") REFERENCES "APLICACION" ("ID") ENABLE;
